Date,Price,Year,Month,Day,MeanWeek,EMA_7,EMA_30,Time
2000-01-12,49.61,2000,1,12,65.65,59.86902587890624,71.73881488126837,80.6168473599819
2000-01-13,84.32,2000,1,13,61.52571428571429,65.98176940917968,72.55050424376718,65.35829052190446
2000-01-14,80.55,2000,1,14,63.30857142857143,69.62382705688476,73.0666007441693,50.433169760078634
2000-01-18,80.94,2000,1,18,64.42571428571429,72.45287029266358,73.57456198648097,6.310106870568354
2000-01-19,82.12,2000,1,19,66.32428571428571,74.86965271949768,74.12588056799834,1.5949534979663815
2000-01-20,80.2,2000,1,20,69.53285714285714,76.20223953962326,74.5177592410307,0.0
2000-01-21,79.33,2000,1,21,72.95285714285714,76.98417965471745,74.82822638677067,1.5949534979663815
2000-01-24,79.85,2000,1,24,76.7242857142857,77.70063474103809,75.15221178117257,24.14935267883091
2000-01-25,79.87,2000,1,25,81.0442857142857,78.24297605577857,75.45658521464532,36.49378447047161
2000-01-26,80.95,2000,1,26,80.40857142857143,78.91973204183392,75.81099907176497,50.433169760078634
2000-01-27,80.74,2000,1,27,80.46571428571428,79.37479903137545,76.1289991316511,65.35829052190448
2000-01-28,80.87,2000,1,28,80.43714285714285,79.74859927353158,76.43487015541555,80.61684735998183
2000-01-31,78.73,2000,1,31,80.25857142857141,79.4939494551487,76.58294304861455,121.82578520305547
2000-02-02,79.75,2000,2,2,80.04857142857144,79.55796209136152,76.78726930354264,145.5753043424125
2000-02-03,73.96,2000,2,3,80.10857142857142,78.15847156852114,76.60486483234634,145.57530434241252
2000-02-05,71.75,2000,2,5,79.26714285714286,76.55635367639086,76.2916477463885,136.19665780426806
2000-02-06,67.81,2000,2,6,78.10714285714286,74.36976525729314,75.74444466597635,127.22790312357968
2000-02-08,59.98,2000,2,8,76.23,70.77232394296986,74.72738371978433,102.67428771824594
2000-02-10,56.49,2000,2,10,73.26428571428572,67.2017429572274,73.55077831850792,72.98756894094319
2000-02-11,53.21,2000,2,11,69.78142857142856,63.70380721792055,72.23847003989452,57.81260007375393
2000-02-14,76.22,2000,2,14,66.13571428571429,66.83285541344041,72.4953429405465,18.747234758306696
2000-02-15,76.58,2000,2,15,65.63142857142857,69.2696415600803,72.75886920244672,9.77848007761832
2000-02-16,76.8,2000,2,16,66.00571428571429,71.15223117006023,73.0195873184179,3.5722658911174108
2000-02-17,76.75,2000,2,17,66.72714285714285,72.55167337754517,73.26025910432644,0.3998335394738534
2000-02-18,75.81,2000,2,18,68.00428571428571,73.36625503315888,73.42475851695055,0.3998335394738453
2000-02-22,73.87,2000,2,22,70.26571428571428,73.49219127486916,73.45348377392148,30.08655231677655
2000-02-23,73.77,2000,2,23,72.74857142857142,73.56164345615187,73.47390417560398,43.30085016364041
2000-02-24,72.37,2000,2,24,75.6857142857143,73.26373259211391,73.40268455137146,57.81260007375387
2000-02-25,70.67,2000,2,25,75.13571428571429,72.61529944408544,73.22638232225073,72.98756894094316
2000-02-28,71.16,2000,2,28,74.29142857142857,72.25147458306407,73.09306733371842,115.88858556510976
2000-02-29,71.0,2000,2,29,73.48571428571428,71.93860593729805,72.95803073154305,127.22790312357962
2000-03-02,80.29,2000,3,2,72.66428571428571,74.02645445297354,73.43106100692738,139.665031011318
2000-03-03,73.65,2000,3,3,73.30428571428571,73.93234083973016,73.44518610325464,132.0357525922793
2000-03-04,72.02,2000,3,4,73.27285714285713,73.45425562979761,73.35323861272208,121.82578520305546
2000-03-05,68.84,2000,3,5,73.02285714285715,72.3006917223482,73.06206192803033,109.4813534114148
2000-03-08,59.34,2000,3,8,72.51857142857143,69.06051879176115,72.1767676100929,65.35829052190451
2000-03-10,56.26,2000,3,10,70.9,65.86038909382087,71.14987937718368,36.49378447047164
2000-03-11,53.12,2000,3,11,68.77142857142857,62.67529182036566,69.98666135284925,24.1493526788309
2000-03-13,73.99,2000,3,13,66.21714285714286,65.50396886527425,70.24494126556866,6.310106870568354
2000-03-14,72.61,2000,3,14,65.31714285714285,67.28047664895568,70.3975257000481,1.5949534979663815
2000-03-15,72.65,2000,3,15,65.16857142857143,68.62285748671675,70.54284662262565,0.0
2000-03-16,74.7,2000,3,16,65.25857142857143,70.14214311503757,70.81105006632721,1.5949534979663815
2000-03-17,74.39,2000,3,17,66.0957142857143,71.20410733627817,71.04195006204804,6.310106870568345
2000-03-20,72.73,2000,3,20,68.24571428571429,71.58558050220863,71.15085650965784,36.49378447047155
2000-03-21,73.16,2000,3,21,70.59857142857143,71.97918537665646,71.28047867032508,50.433169760078634
2000-03-22,73.96,2000,3,22,73.46142857142857,72.47438903249234,71.45335101417507,65.35829052190441
2000-03-23,72.37,2000,3,23,73.45714285714287,72.44829177436925,71.51248965842184,80.61684735998183
2000-03-24,72.24,2000,3,24,73.42285714285715,72.39621883077695,71.5594258094914,95.54196812180768
2000-03-27,71.89,2000,3,27,73.36428571428571,72.2696641230827,71.58075317662099,132.03575259227924
2000-03-28,73.22,2000,3,28,72.96285714285715,72.50724809231204,71.68651103619382,139.66503101131798
2000-03-29,73.16,2000,3,29,72.7957142857143,72.67043606923403,71.78157484031036,144.38018438391998
2000-03-30,72.68,2000,3,30,72.85714285714286,72.67282705192552,71.83953775383873,145.97513788188635
2000-03-31,72.68,2000,3,31,72.78857142857143,72.67462028894414,71.89376112455881,144.38018438391995
2000-04-01,84.37,2000,4,1,72.60571428571428,75.5984652167081,72.69867976168405,127.2279031235797
2000-04-02,79.65,2000,4,2,74.32000000000001,76.61134891253107,73.1471520351238,115.88858556510975
2000-04-04,70.77,2000,4,4,75.37857142857142,75.1510116843983,72.99378738769646,88.16253780813246
2000-04-05,69.96,2000,4,5,75.21857142857142,73.85325876329873,72.7980591691354,72.98756894094319
2000-04-08,59.22,2000,4,8,74.75285714285714,70.19494407247404,71.92205535177183,30.086552316776622
2000-04-10,56.13,2000,4,10,72.76142857142858,66.67870805435554,70.90321307101236,9.77848007761832
2000-04-12,49.32,2000,4,12,70.39714285714287,62.339031040766656,69.51074771159222,0.3998335394738453
2000-04-13,68.44,2000,4,13,67.06,63.86427328057499,69.44166721407015,0.3998335394738453
2000-04-14,67.73,2000,4,14,64.78428571428572,64.83070496043125,69.33123707122692,3.5722658911174023
2000-04-17,67.83,2000,4,17,63.08142857142858,65.58052872032343,69.23438306663164,30.08655231677655
2000-04-18,68.91,2000,4,18,62.66142857142857,66.41289654024257,69.21345512684894,43.30085016364041
2000-04-19,69.84,2000,4,19,62.51142857142857,67.26967240518192,69.25387737672965,57.81260007375387
2000-04-20,70.68,2000,4,20,64.02857142857144,68.12225430388645,69.34588528790839,72.98756894094316
2000-04-24,68.23,2000,4,24,66.10714285714286,68.14919072791484,69.2738926886885,127.22790312357962
2000-04-25,69.2,2000,4,25,68.80857142857143,68.41189304593613,69.26912541845054,136.19665780426806
2000-04-26,68.83,2000,4,26,68.91714285714286,68.5164197844521,69.24079474629245,142.40287199076894
2000-04-27,68.65,2000,4,27,69.07428571428572,68.54981483833907,69.20267895620907,145.5753043424125
2000-04-28,69.44,2000,4,28,69.19142857142857,68.77236112875431,69.21798999129237,145.57530434241252
2000-05-01,85.54,2000,5,1,69.26714285714286,72.96427084656574,70.27102289507997,95.5419681218077
2000-05-04,71.37,2000,5,4,71.51,72.5657031349243,70.3419246437845,50.433169760078634
2000-05-05,69.76,2000,5,5,71.60857142857142,71.86427735119322,70.30438111837904,36.49378447047158
2000-05-06,66.51,2000,5,6,71.82714285714285,70.52570801339492,70.05958233654815,24.1493526788309
2000-05-07,61.68,2000,5,7,71.44285714285715,68.31428101004619,69.51896412128698,13.93938528960707
2000-05-09,55.5,2000,5,9,70.42142857142858,65.11071075753463,68.61451482313944,1.5949534979663815
2000-05-10,55.56,2000,5,10,68.54285714285716,62.723033068150976,67.77228806035625,0.0
2000-05-12,48.31,2000,5,12,66.56,59.11977480111323,66.51665657259133,6.310106870568345
2000-05-15,66.49,2000,5,15,61.24142857142858,60.962331100834916,66.51493679371447,36.49378447047161
2000-05-16,66.72,2000,5,16,60.54428571428572,62.40174832562619,66.52816667799095,50.433169760078634
2000-05-17,66.11,2000,5,17,60.11000000000001,63.32881124421964,66.5011881826367,65.35829052190448
2000-05-18,66.27,2000,5,18,60.05285714285714,64.06410843316472,66.48627281601497,80.61684735998183
2000-05-19,68.3,2000,5,19,60.708571428571425,65.12308132487354,66.60328747304627,95.54196812180768
2000-05-22,71.84,2000,5,22,62.537142857142854,66.80231099365515,66.94113989414006,132.03575259227924
2000-05-23,72.01,2000,5,23,64.86285714285714,68.10423324524136,67.26816312677619,139.66503101131798
2000-05-24,70.99,2000,5,24,68.24857142857142,68.82567493393103,67.50828163472612,144.38018438391998
2000-05-25,69.56,2000,5,25,68.89142857142856,69.00925620044828,67.64065056151799,145.97513788188635
2000-05-26,68.93,2000,5,26,69.29714285714286,68.9894421503362,67.72383439625877,144.38018438391995
2000-05-30,69.56,2000,5,30,69.7,69.13208161275216,67.84229669327433,109.48135341141474
2000-05-31,66.36,2000,5,31,70.17,68.43906120956412,67.74666464854695,95.54196812180761
2000-06-01,84.77,2000,6,1,69.89285714285714,72.52179590717309,68.8449443486407,57.81260007375393
2000-06-03,74.09,2000,6,3,71.74,72.9138469303798,69.18333503582517,30.086552316776622
2000-06-04,71.17,2000,6,4,72.03714285714285,72.47788519778486,69.31150696899775,18.747234758306696
2000-06-06,64.9,2000,6,6,72.06285714285715,70.58341389833865,69.02689361615919,3.5722658911174108
2000-06-07,60.24,2000,6,7,71.39714285714287,67.99756042375398,68.45999725382634,0.3998335394738453
2000-06-09,56.84,2000,6,9,70.1557142857143,65.20817031781549,67.71032001164401,3.5722658911174023
2000-06-10,55.93,2000,6,10,68.33857142857143,62.88862773836162,66.9502993657315,9.77848007761828
2000-06-11,53.76,2000,6,11,66.84857142857143,60.60647080377122,66.09931230987785,18.747234758306696
2000-06-12,48.28,2000,6,12,62.41857142857143,57.52485310282841,64.94967925762766,30.0865523167766
2000-06-13,65.7,2000,6,13,58.73142857142857,59.5686398271213,64.99808704745814,43.30085016364041
2000-06-14,65.27,2000,6,14,57.95,60.99397987034098,65.01562981858987,57.81260007375387
2000-06-15,64.2,2000,6,15,58.00285714285714,61.79548490275573,64.96300853997117,72.98756894094316
2000-06-16,63.96,2000,6,16,58.56857142857143,62.3366136770668,64.89829831158593,88.16253780813238
2000-06-19,63.63,2000,6,19,59.58571428571429,62.6599602578001,64.81647261406427,127.22790312357962
2000-06-20,63.64,2000,6,20,60.68571428571429,62.90497019335008,64.74057115509238,136.196657804268
2000-06-21,62.49,2000,6,21,62.097142857142856,62.80122764501256,64.59537301605417,142.40287199076894
2000-06-22,63.01,2000,6,22,64.12714285714286,62.85342073375942,64.49309088598616,145.5753043424125
2000-06-23,63.18,2000,6,23,63.74285714285714,62.935065550319564,64.4083753449548,145.57530434241252
2000-06-26,62.79,2000,6,26,63.44428571428572,62.89879916273967,64.30396403237708,127.22790312357967
2000-06-27,63.06,2000,6,27,63.24285714285714,62.939099372054756,64.22370828835275,115.88858556510975
2000-06-28,62.81,2000,6,28,63.114285714285714,62.90682452904107,64.13250130200741,102.674287718246
2000-06-29,62.14,2000,6,29,62.99714285714286,62.715118396780795,64.00395283091017,88.16253780813244
2000-06-30,61.22,2000,6,30,62.78285714285715,62.3413387975856,63.824342970851454,72.9875689409432
2000-07-01,82.64,2000,7,1,62.60142857142858,67.4160040981892,65.03825632757072,24.1493526788309
2000-07-02,79.23,2000,7,2,65.4057142857143,70.36950307364191,65.9538526935339,13.93938528960707
2000-07-03,75.58,2000,7,3,67.69857142857143,71.67212730523143,66.5748944552414,6.310106870568354
2000-07-04,70.59,2000,7,4,69.52571428571429,71.40159547892358,66.8339335226452,1.5949534979663815
2000-07-06,66.45,2000,7,6,70.60142857142857,70.16369660919268,66.80916361795842,1.5949534979663815
2000-07-07,58.83,2000,7,7,71.12142857142858,67.3302724568945,66.29437886841272,6.310106870568345
2000-07-08,59.35,2000,7,8,70.64857142857143,65.33520434267088,65.84635442528932,13.939385289607094
2000-07-09,58.48,2000,7,9,70.38142857142857,63.62140325700316,65.37110575269001,24.14935267883086
2000-07-11,53.78,2000,7,11,66.92999999999999,61.16105244275237,64.62329247832292,50.433169760078634
2000-07-12,49.14,2000,7,12,63.29428571428571,58.15578933206427,63.624370382947255,65.35829052190448
2000-07-13,68.6,2000,7,13,59.51714285714286,60.766841999048204,63.945378745337756,80.61684735998183
2000-07-14,62.91,2000,7,14,59.23285714285714,61.30263149928615,63.87858011660629,95.54196812180768
2000-07-17,68.54,2000,7,17,58.72714285714285,63.11197362446461,64.17931688327685,132.03575259227924
2000-07-18,79.84,2000,7,18,60.11428571428571,67.29398021834845,65.18968353596867,139.66503101131798
2000-07-19,75.86,2000,7,19,63.041428571428575,69.43548516376134,65.87809104977714,144.38018438391998
2000-07-20,67.42,2000,7,20,65.52428571428571,68.931613872821,65.97756904656572,145.97513788188635
2000-07-21,67.15,2000,7,21,67.47285714285714,68.48621040461575,66.0532097532389,144.38018438391998
2000-07-24,59.5,2000,7,24,70.04571428571428,66.23965780346181,65.63042202722349,121.8257852030555
2000-07-25,59.24,2000,7,25,68.74571428571429,64.48974335259636,65.21813673514455,109.48135341141474
2000-07-26,60.09,2000,7,26,68.22142857142858,63.38980751444728,64.88728920384492,95.54196812180761
2000-07-27,60.05,2000,7,27,67.0142857142857,62.55485563583545,64.5752060294033,80.61684735998182
2000-07-28,60.34,2000,7,28,64.18714285714286,62.00114172687659,64.30196693073214,65.35829052190458
2000-07-31,59.52,2000,7,31,61.970000000000006,61.38085629515744,63.993452935201034,24.149352678830894
2000-08-02,77.93,2000,8,2,60.84142857142857,65.51814222136808,64.89258500389775,0.3998335394738534
2000-08-03,75.15,2000,8,3,62.38142857142857,67.92610666602607,65.5543537133237,0.3998335394738453
2000-08-05,69.93,2000,8,5,64.61714285714287,68.42707999951955,65.83665347375444,9.77848007761828
2000-08-06,66.97,2000,8,6,66.14428571428572,68.06280999963965,65.90977260447997,18.747234758306696
2000-08-08,59.29,2000,8,8,67.12714285714286,65.86960749972974,65.48269050096513,43.30085016364041
2000-08-09,58.1,2000,8,9,67.01857142857143,63.9272056247973,65.00638788799964,57.81260007375387
2000-08-11,53.31,2000,8,11,66.69857142857143,61.27290421859798,64.25178221780612,88.16253780813238
2000-08-12,48.25,2000,8,12,65.81142857142858,58.017178163948486,63.21940917149605,102.6742877182459
2000-08-14,57.44,2000,8,14,61.57142857142857,57.87288362296137,62.846544063657596,127.22790312357962
2000-08-15,57.48,2000,8,15,59.041428571428575,57.77466271722103,62.50031541438937,136.196657804268
2000-08-16,56.86,2000,8,16,57.26285714285715,57.54599703791577,62.136424097332,142.40287199076894
2000-08-17,57.28,2000,8,17,55.81857142857143,57.47949777843683,61.82310641363316,145.5753043424125
2000-08-18,57.22,2000,8,18,55.53142857142857,57.41462333382762,61.52613180630199,145.57530434241252
2000-08-21,56.96,2000,8,21,55.40571428571429,57.30096750037072,61.231542657508314,127.22790312357967
2000-08-22,56.82,2000,8,22,55.92714285714286,57.180725625278036,60.9469270021852,115.88858556510975
2000-08-23,56.11,2000,8,23,57.151428571428575,56.91304421895853,60.634867195592605,102.674287718246
2000-08-24,57.22,2000,8,24,56.96142857142858,56.9897831642189,60.414553182973734,88.16253780813244
2000-08-25,57.27,2000,8,25,56.92428571428571,57.05983737316418,60.211678784072205,72.9875689409432
2000-08-28,55.91,2000,8,28,56.98285714285714,56.77237802987313,59.93415112058368,30.08655231677664
2000-08-29,55.8,2000,8,29,56.787142857142854,56.52928352240485,59.66743169344925,18.74723475830673
2000-08-30,55.49,2000,8,30,56.58428571428571,56.26946264180364,59.39791997129124,9.778480077618369
2000-08-31,55.19,2000,8,31,56.37428571428571,55.99959698135273,59.126441263466,3.5722658911173784
2000-09-02,77.09,2000,9,2,56.14142857142857,61.27219773601455,60.28538053679078,6.310106870568345
2000-09-03,75.25,2000,9,3,59.13857142857143,64.7666483020109,61.25083985699783,13.939385289607053
2000-09-05,70.34,2000,9,5,61.714285714285715,66.15998622650818,61.83723728557862,36.49378447047155
2000-09-06,66.63,2000,9,6,63.58142857142857,66.27748966988113,62.14644778328322,50.433169760078634
2000-09-08,57.91,2000,9,8,65.11285714285715,64.18561725241085,61.8731285714585,80.61684735998183
2000-09-10,56.1,2000,9,10,65.41428571428571,62.164212939308136,61.50066866362247,109.48135341141472
2000-09-11,53.42,2000,9,11,65.50142857142858,59.9781597044811,60.97933520145328,121.82578520305547
2000-09-13,59.68,2000,9,13,65.24857142857142,59.90361977836083,60.89550712394017,139.66503101131798
2000-09-14,58.22,2000,9,14,62.76142857142857,59.48271483377062,60.722893761105325,144.38018438391998
2000-09-15,57.62,2000,9,15,60.32857142857143,59.01703612532797,60.52270706684047,145.97513788188635
2000-09-18,58.35,2000,9,18,58.51142857142857,58.85027709399598,60.382532417366896,132.0357525922793
2000-09-19,58.11,2000,9,19,57.32857142857143,58.66520782049699,60.235917422698066,121.8257852030555
2000-09-20,56.53,2000,9,20,57.357142857142854,58.13140586537274,59.99682597607239,109.48135341141486
2000-09-21,55.56,2000,9,21,57.41857142857143,57.48855439902955,59.71057913890643,95.54196812180774
2000-09-22,55.5,2000,9,22,57.72428571428571,56.99141579927216,59.438928871880215,80.61684735998182
2000-09-25,56.17,2000,9,25,57.12714285714286,56.78606184945413,59.22803023498472,36.49378447047154
2000-09-26,57.26,2000,9,26,56.83428571428572,56.90454638709059,59.101060542405065,24.149352678830894
2000-09-27,55.9,2000,9,27,56.78285714285715,56.653409790317944,58.89454050741119,13.939385289607078
2000-09-28,56.3,2000,9,28,56.43285714285714,56.565057342738456,58.72715079725564,6.310106870568386
2000-09-29,58.02,2000,9,29,56.17428571428571,56.92879300705385,58.68152816517463,1.5949534979663733
2000-10-01,84.69,2000,10,1,56.387142857142855,63.869094755290384,60.35949409000208,18.747234758306696
2000-10-02,77.73,2000,10,2,60.548571428571435,67.3343210664678,61.480171890647114,30.0865523167766
2000-10-03,74.28,2000,10,3,63.72428571428571,69.07074079985085,62.305967252540846,43.30085016364041
2000-10-04,69.52,2000,10,4,66.31142857142858,69.18305559988814,62.77138872011886,57.81260007375387
2000-10-05,70.07,2000,10,5,68.06285714285714,69.4047916999161,63.24226686720797,72.98756894094316
2000-10-07,60.72,2000,10,7,70.08714285714287,67.23359377493708,63.07953997254939,102.6742877182459
2000-10-08,57.98,2000,10,8,70.71857142857142,64.9201953312028,62.750537393675245,115.88858556510976
2000-10-10,56.58,2000,10,10,70.71285714285715,62.835146498402096,62.35243820698652,136.19665780426806
2000-10-11,53.42,2000,10,11,66.69714285714285,60.48135987380158,61.77615187105191,142.40287199076894
2000-10-13,56.48,2000,10,13,63.22428571428571,59.48101990535118,61.43446465356469,145.57530434241252
2000-10-16,58.74,2000,10,16,60.68142857142857,59.29576492901339,61.26062822430245,127.22790312357967
2000-10-17,60.25,2000,10,17,59.14142857142857,59.53432369676004,61.19542640337972,115.88858556510975
2000-10-18,60.39,2000,10,18,57.73857142857143,59.74824277257002,61.14346340961329,102.674287718246
2000-10-19,59.53,2000,10,19,57.691428571428574,59.69368207942752,61.039368996089856,88.16253780813244
2000-10-20,58.42,2000,10,20,57.91285714285714,59.375261559570646,60.87037744795503,72.9875689409432
2000-10-23,55.66,2000,10,23,58.175714285714285,58.446446169677984,60.534224064216,30.08655231677664
2000-10-24,55.87,2000,10,24,58.49571428571429,57.80233462725849,60.23330638265367,18.74723475830673
2000-10-25,55.06,2000,10,25,58.40857142857143,57.11675097044387,59.89954468054699,9.778480077618305
2000-10-26,53.69,2000,10,26,57.882857142857134,56.2600632278329,59.498928894705244,3.5722658911173784
2000-10-27,53.71,2000,10,27,56.94571428571429,55.622547420874675,59.12544961117588,0.3998335394738453
2000-10-30,52.38,2000,10,30,55.99142857142857,54.81191056565601,58.69025931368067,9.778480077618337
2000-10-31,52.86,2000,10,31,54.970000000000006,54.323932924242,58.31411355150773,18.747234758306686
2000-11-01,83.92,2000,11,1,54.175714285714285,61.722949693181505,59.96610622560401,50.433169760078634
2000-11-02,77.79,2000,11,2,58.212857142857146,65.73971226988613,61.1160348562102,65.35829052190441
2000-11-04,69.43,2000,11,4,61.34428571428571,66.6622842024146,61.65241970419664,95.54196812180768
2000-11-05,69.31,2000,11,5,63.39714285714286,67.32421315181095,62.14645714263557,109.48135341141472
2000-11-07,63.56,2000,11,7,65.62857142857143,66.38315986385821,62.23765345601392,132.03575259227924
2000-11-08,58.64,2000,11,8,67.03571428571429,64.44736989789365,62.00554678143238,139.66503101131798
2000-11-09,58.66,2000,11,9,67.92999999999999,63.00052742342024,61.789705053598034,144.38018438391995
2000-11-10,57.87,2000,11,10,68.75857142857143,61.71789556756518,61.53682085659171,145.97513788188635
2000-11-12,48.55,2000,11,12,65.03714285714285,58.42592167567389,60.69896144648902,139.66503101131798
2000-11-13,52.46,2000,11,13,60.86000000000001,56.93444125675542,60.16741554671554,132.0357525922793
2000-11-14,52.64,2000,11,14,58.43571428571429,55.860830942566565,59.68177583402422,121.8257852030555
2000-11-15,52.18,2000,11,15,56.05428571428571,54.940623206924926,59.19779029634525,109.48135341141486
2000-11-16,51.43,2000,11,16,54.42857142857143,54.062967405193696,58.69664253529072,95.54196812180774
2000-11-17,51.34,2000,11,17,53.39857142857143,53.382225553895275,58.22202043623971,80.61684735998182
2000-11-20,52.04,2000,11,20,52.35285714285715,53.046669165421456,57.82318040809522,36.49378447047165
2000-11-21,51.07,2000,11,21,51.519999999999996,52.55250187406609,57.38749134950844,24.149352678830894
2000-11-22,50.61,2000,11,22,51.879999999999995,52.066876405549564,56.95023384308854,13.939385289607078
2000-11-27,50.72,2000,11,27,51.61571428571428,51.73015730416217,56.54828327256671,6.310106870568362
2000-11-28,50.99,2000,11,28,51.34142857142857,51.54511797812163,56.18968435175596,13.939385289607046
2000-11-29,51.02,2000,11,29,51.17142857142857,51.41383848359123,55.856156329062024,24.149352678830844
2000-11-30,49.98,2000,11,30,51.112857142857145,51.055378862693416,55.47704946912254,36.49378447047148
2000-12-01,84.84,2000,12,1,50.91857142857143,59.50153414702006,57.37143337434045,88.16253780813246
2000-12-04,68.39,2000,12,4,55.604285714285716,61.72365061026504,58.08230864051204,127.22790312357962
2000-12-05,67.27,2000,12,5,58.07857142857143,63.11023795769877,58.675062921769324,136.19665780426806
2000-12-06,66.25,2000,12,6,60.45857142857143,63.89517846827408,59.16376853971969,142.40287199076894
2000-12-07,63.46,2000,12,7,62.67714285714286,63.786383851205564,59.44094476296358,145.5753043424125
2000-12-09,59.02,2000,12,9,64.45857142857143,62.59478788840418,59.41378703632077,142.40287199076894
2000-12-10,56.71,2000,12,10,65.60142857142857,61.12359091630314,59.239349163009756,136.19665780426809
2000-12-12,48.6,2000,12,12,66.56285714285715,57.99269318722735,58.55293953958977,115.88858556510975
2000-12-13,48.56,2000,12,13,61.385714285714286,55.63451989042051,57.90823376284205,102.674287718246
2000-12-14,46.91,2000,12,14,58.55285714285714,53.453389917815386,57.1986702942716,88.16253780813244
2000-12-15,47.77,2000,12,15,55.64428571428572,52.03254243836154,56.59036898496376,72.9875689409432
2000-12-18,47.49,2000,12,18,53.00428571428571,50.89690682877116,56.00324840528868,30.08655231677664
2000-12-19,47.3,2000,12,19,50.722857142857144,49.99768012157837,55.44174850817329,18.74723475830673
2000-12-20,47.57,2000,12,20,49.048571428571435,49.39076009118378,54.9338937657105,9.778480077618369
2000-12-21,48.54,2000,12,21,47.74285714285714,49.17807006838783,54.52138449050337,3.5722658911174188
2000-12-22,48.1,2000,12,22,47.73428571428571,48.908552551290875,54.10710162014832,0.3998335394738453
2001-01-02,49.11,2001,1,2,47.66857142857143,48.95891441346815,53.78470796723553,132.0357525922793
2001-01-03,49.41,2001,1,3,47.98285714285714,49.07168581010111,53.50246874354292,139.66503101131798
2001-01-05,50.51,2001,1,5,48.21714285714285,49.43126435757583,53.30940624395951,145.97513788188635
2001-01-06,46.06,2001,1,6,48.64857142857142,48.58844826818187,52.84170261531696,144.38018438391998
2001-01-08,42.75,2001,1,8,48.47142857142857,47.1288362011364,52.190625027232,132.0357525922793
2001-01-10,43.54,2001,1,10,47.78285714285715,46.2316271508523,51.632520186765426,109.4813534114148
2001-01-11,43.2,2001,1,11,47.06857142857143,45.47372036313922,51.08848662632895,95.54196812180774
2001-01-16,50.11,2001,1,16,46.36857142857143,46.63279027235441,51.02535845688838,24.1493526788309
2001-01-17,51.36,2001,1,17,46.51142857142857,47.814592704265806,51.046948233863326,13.93938528960707
2001-01-18,49.6,2001,1,18,46.790000000000006,48.26094452819935,50.95359673490441,6.310106870568354
2001-01-19,49.89,2001,1,19,46.660000000000004,48.66820839614951,50.88497759071703,1.5949534979663815
2001-01-22,51.99,2001,1,22,47.20714285714286,49.498656297112134,50.95626935905786,6.310106870568345
2001-01-23,51.63,2001,1,23,48.52714285714286,50.0314922228341,50.99973585202187,13.939385289607094
2001-01-24,51.93,2001,1,24,49.682857142857145,50.506119167125576,51.05975289382692,24.14935267883091
2001-01-25,50.78,2001,1,25,50.93000000000001,50.57458937534418,51.041704320031634,36.49378447047161
2001-01-26,50.44,2001,1,26,51.02571428571429,50.54094203150814,51.00288468648121,50.433169760078634
2001-01-29,49.47,2001,1,29,50.894285714285715,50.2732065236311,50.90398890025662,95.54196812180768
2001-01-30,48.11,2001,1,30,50.87571428571429,49.73240489272332,50.72373155185297,109.48135341141472
2001-01-31,48.75,2001,1,31,50.62142857142857,49.486803669542496,50.59639403237859,121.82578520305547
2001-02-01,46.91,2001,2,1,50.15857142857142,48.84260275215687,50.358562159321906,142.40287199076894
2001-02-02,48.55,2001,2,2,49.48428571428571,48.76945206411766,50.24188072968824,145.5753043424125
2001-02-03,49.71,2001,2,3,49.00142857142857,49.00458904808824,50.207565843901904,145.57530434241252
2001-02-04,46.89,2001,2,4,48.848571428571425,48.47594178606619,49.99352933784372,142.40287199076894
2001-02-05,49.96,2001,2,5,48.34142857142857,48.84695633954964,49.99136615475703,136.19665780426806
2001-02-07,44.52,2001,2,7,48.41142857142857,47.76521725466223,49.638374789934005,115.88858556510975
2001-02-08,42.47,2001,2,8,47.89857142857143,46.44141294099668,49.17589899703504,102.67428771824594
2001-02-10,43.18,2001,2,10,47.00142857142857,45.62605970574751,48.78906680367795,72.98756894094319
2001-02-11,43.52,2001,2,11,46.46857142857142,45.099544779310634,48.44912700989227,57.81260007375393
2001-02-13,49.34,2001,2,13,45.75,46.159658584482976,48.50660268667342,30.086552316776622
2001-02-14,49.35,2001,2,14,45.69714285714286,46.95724393836223,48.56101541656546,18.747234758306696
2001-02-15,49.23,2001,2,15,46.048571428571435,47.52543295377167,48.604175712270916,9.77848007761832
2001-02-16,48.3,2001,2,16,45.94428571428572,47.71907471532876,48.58455147276957,3.5722658911174108
2001-02-20,49.85,2001,2,20,46.48428571428571,48.25180603649657,48.66619331323605,9.77848007761828
2001-02-21,50.11,2001,2,21,47.53857142857142,48.71635452737243,48.75934213173696,18.747234758306654
2001-02-22,49.89,2001,2,22,48.52857142857143,49.00976589552933,48.832287800657156,30.08655231677655
2001-02-23,50.64,2001,2,23,49.43857142857143,49.417324421646995,48.94891439416315,43.30085016364041
2001-02-26,50.02,2001,2,26,49.62428571428571,49.56799331623525,49.01801669131391,88.16253780813246
2001-02-27,50.28,2001,2,27,49.71999999999999,49.74599498717644,49.09943496929366,102.6742877182459
2001-02-28,50.18,2001,2,28,49.87,49.85449624038233,49.16914884224246,115.88858556510976
2001-03-01,47.22,2001,3,1,50.13857142857143,49.19587218028675,49.04339730403327,144.38018438391998
2001-03-04,46.33,2001,3,4,49.762857142857136,48.47940413521506,48.868339413450485,121.82578520305546
2001-03-05,50.91,2001,3,5,49.222857142857144,49.08705310141129,49.00005945129239,109.4813534114148
2001-03-07,44.59,2001,3,7,49.36857142857143,47.96278982605847,48.715539486692876,80.6168473599819
2001-03-08,42.37,2001,3,8,48.50428571428572,46.56459236954385,48.30614984239011,65.35829052190451
2001-03-10,42.41,2001,3,10,47.41142857142857,45.52594427715789,47.92575307836495,36.49378447047164
2001-03-12,42.88,2001,3,12,46.287142857142854,44.86445820786842,47.600220621696245,13.93938528960707
2001-03-13,48.09,2001,3,13,45.24428571428571,45.670843655901315,47.63181929126423,6.310106870568354
2001-03-14,48.28,2001,3,14,45.368571428571435,46.32313274192599,47.67363740150525,1.5949534979663815
2001-03-15,47.46,2001,3,15,45.64714285714285,46.6073495564445,47.659854343343625,0.0
2001-03-16,47.25,2001,3,16,45.15428571428572,46.768012167333374,47.633412127644036,1.5949534979663815
2001-03-19,47.57,2001,3,19,45.534285714285716,46.96850912550003,47.62932102263475,24.14935267883086
2001-03-20,47.66,2001,3,20,46.277142857142856,47.14138184412502,47.63130031149703,36.49378447047155
2001-03-21,47.78,2001,3,21,47.027142857142856,47.301036383093766,47.64089383978755,50.433169760078634
2001-03-22,47.2,2001,3,22,47.72714285714286,47.275777287320324,47.61244907593029,65.35829052190441
2001-03-23,47.32,2001,3,23,47.6,47.28683296549024,47.59358139361221,80.61684735998183
2001-03-26,48.45,2001,3,26,47.462857142857146,47.57762472411768,47.64883420692755,121.82578520305547
2001-03-27,47.95,2001,3,27,47.60428571428571,47.670718543088256,47.66826425809352,132.03575259227924
2001-03-28,48.15,2001,3,28,47.704285714285724,47.7905389073162,47.699343983377815,139.66503101131798
2001-03-29,48.21,2001,3,29,47.787142857142854,47.89540418048715,47.732289532837314,144.38018438391998
2001-03-30,47.47,2001,3,30,47.86571428571428,47.78905313536536,47.715367627492974,145.97513788188635
2001-04-01,47.51,2001,4,1,47.82142857142857,47.71928985152402,47.70211810313859,127.2279031235797
2001-04-04,47.6,2001,4,4,47.86571428571428,47.68946738864301,47.69552983841997,88.16253780813246
2001-04-05,50.76,2001,4,5,47.90571428571429,48.457100541482255,47.893237590779975,72.98756894094319
2001-04-06,47.03,2001,4,6,48.23571428571429,48.10032540611169,47.83754484298772,57.81260007375393
2001-04-09,41.51,2001,4,9,48.104285714285716,46.45274405458377,47.429316143440126,18.747234758306696
2001-04-10,42.91,2001,4,10,47.15571428571428,45.56705804093782,47.137747359992375,9.77848007761832
2001-04-12,42.51,2001,4,12,46.39857142857143,44.80279353070337,46.83918301418642,0.3998335394738453
2001-04-16,46.38,2001,4,16,45.69,45.19709514802753,46.80955830359375,18.747234758306696
2001-04-17,46.23,2001,4,17,45.528571428571425,45.455321361020644,46.77216744529738,30.08655231677655
2001-04-18,47.49,2001,4,18,45.33285714285715,45.963991020765484,46.81847922302013,43.30085016364041
2001-04-19,47.01,2001,4,19,44.865714285714276,46.22549326557411,46.83083540218012,57.81260007375387
2001-04-20,47.02,2001,4,20,44.862857142857145,46.424119949180586,46.8430395697814,72.98756894094316
2001-04-23,49.22,2001,4,23,45.65,47.12308996188544,46.996391855601956,115.88858556510976
2001-04-24,47.82,2001,4,24,46.55142857142857,47.297317471414075,47.04952786491796,127.22790312357962
2001-04-25,47.25,2001,4,25,47.31,47.28548810356055,47.06246155105229,136.19665780426806
2001-04-26,47.44,2001,4,26,47.434285714285714,47.32411607767041,47.08681887033924,142.40287199076894
2001-04-27,48.89,2001,4,27,47.607142857142854,47.71558705825281,47.203153136768975,145.5753043424125
2001-04-30,48.81,2001,4,30,47.80714285714286,47.9891902936896,47.30682067633227,136.19665780426809
2001-05-01,47.93,2001,5,1,48.06428571428571,47.974392720267204,47.34702579398826,95.5419681218077
2001-05-02,48.67,2001,5,2,48.19428571428572,48.14829454020041,47.432378968569665,80.6168473599819
2001-05-03,50.0,2001,5,3,48.115714285714276,48.611220905150304,47.59803193833937,65.35829052190446
2001-05-04,47.55,2001,5,4,48.42714285714286,48.345915678862724,47.5949331036078,50.433169760078634
2001-05-06,47.25,2001,5,6,48.46999999999999,48.07193675914704,47.57267935498795,24.1493526788309
2001-05-07,43.8,2001,5,7,48.442857142857136,47.00395256936028,47.329280686924214,13.93938528960707
2001-05-09,41.63,2001,5,9,47.715714285714284,45.66046442702021,46.96158515873556,1.5949534979663815
2001-05-10,42.94,2001,5,10,46.69,44.98034832026516,46.702128051720365,0.0
2001-05-11,44.49,2001,5,11,45.97714285714285,44.85776124019887,46.5594101128997,1.5949534979663815
2001-05-12,42.74,2001,5,12,45.379999999999995,44.328320930149154,46.31299655722875,6.310106870568345
2001-05-14,49.09,2001,5,14,44.34285714285714,45.51874069761187,46.49215806966561,24.14935267883086
2001-05-15,49.02,2001,5,15,44.56285714285714,46.394055523208905,46.65524464581622,36.49378447047161
2001-05-16,49.46,2001,5,16,44.81571428571429,47.16054164240668,46.83619660415066,50.433169760078634
2001-05-17,49.41,2001,5,17,45.62428571428571,47.722906231805005,47.00224843614094,65.35829052190448
2001-05-18,50.04,2001,5,18,46.73571428571429,48.30217967385375,47.198232408002816,80.61684735998183
2001-05-21,49.26,2001,5,21,47.75,48.54163475539031,47.33124967200264,121.82578520305547
2001-05-22,49.41,2001,5,22,48.43142857142857,48.758726066542735,47.46536259638957,132.03575259227924
2001-05-23,48.77,2001,5,23,49.38428571428572,48.76154454990705,47.549532751461214,139.66503101131798
2001-05-24,48.19,2001,5,24,49.33857142857143,48.618658412430285,47.59085321910888,144.38018438391998
2001-05-25,46.86,2001,5,25,49.21999999999999,48.17899380932272,47.543701398521215,145.97513788188635
2001-05-29,46.44,2001,5,29,48.848571428571425,47.74424535699204,47.47249485668114,121.8257852030555
2001-05-30,46.14,2001,5,30,48.42428571428571,47.34318401774402,47.38652744657268,109.48135341141474
2001-05-31,45.27,2001,5,31,47.86714285714286,46.82488801330802,47.24997728872928,95.54196812180761
2001-06-02,48.66,2001,6,2,47.297142857142866,47.28366600998101,47.34094649590804,43.30085016364044
2001-06-03,50.82,2001,6,3,47.19,48.16774950748576,47.56540156068817,30.086552316776622
2001-06-04,47.19,2001,6,4,47.48285714285714,47.92331213061432,47.54118210515991,18.747234758306696
2001-06-06,46.68,2001,6,6,47.339999999999996,47.612484097960746,47.48562196934314,3.5722658911174108
2001-06-07,43.54,2001,6,7,47.31428571428571,46.594363073470554,47.23106571325649,0.3998335394738453
2001-06-08,42.08,2001,6,8,46.9,45.46577230510292,46.8987388930464,0.3998335394738453
2001-06-09,42.0,2001,6,9,46.32,44.59932922882719,46.58269122252728,3.5722658911174023
2001-06-11,45.18,2001,6,11,45.85285714285714,44.744496921620396,46.4921950146223,18.747234758306696
2001-06-12,42.8,2001,6,12,45.355714285714285,44.2583726912153,46.25398888464667,30.0865523167766
2001-06-13,46.97,2001,6,13,44.21,44.936279518411474,46.30018315015334,43.30085016364041
2001-06-14,47.52,2001,6,14,44.17857142857143,45.58220963880861,46.37888101143377,57.81260007375387
2001-06-15,47.8,2001,6,15,44.298571428571435,46.13665722910646,46.470566107470304,72.98756894094316
2001-06-18,48.66,2001,6,18,44.90714285714285,46.76749292182985,46.61181990698835,115.88858556510976
2001-06-19,47.12,2001,6,19,45.847142857142856,46.85561969137239,46.64460571944072,127.22790312357962
2001-06-20,46.1,2001,6,20,46.57857142857143,46.66671476852929,46.60946986657358,136.196657804268
2001-06-21,47.01,2001,6,21,46.709999999999994,46.752536076396964,46.63531052034303,142.40287199076894
2001-06-22,46.3,2001,6,22,47.311428571428564,46.63940205729773,46.61367758354671,145.5753043424125
2001-06-25,45.51,2001,6,25,47.215714285714284,46.357051542973295,46.542472578156605,136.19665780426803
2001-06-26,45.42,2001,6,26,46.92857142857143,46.122788657229975,46.47005499246909,127.22790312357967
2001-06-27,45.16,2001,6,27,46.58857142857143,45.88209149292248,46.3855353155356,115.88858556510975
2001-06-28,45.24,2001,6,28,46.08857142857143,45.72156861969186,46.3116298113075,102.674287718246
2001-06-29,45.18,2001,6,29,45.81999999999999,45.5861764647689,46.238621436384435,88.16253780813244
2001-07-02,48.63,2001,7,2,45.68857142857143,46.34713234857667,46.392903924359636,13.93938528960707
2001-07-03,51.11,2001,7,3,45.92,47.5378492614325,46.69723270343321,6.310106870568354
2001-07-05,51.82,2001,7,5,46.607142857142854,48.608386946074376,47.027733819340746,0.0
2001-07-06,46.61,2001,7,6,47.50857142857143,48.10879020955578,47.00078325035103,1.5949534979663815
2001-07-08,42.15,2001,7,8,47.67857142857143,46.61909265716684,46.687829492263866,13.939385289607094
2001-07-09,41.96,2001,7,9,47.24857142857143,45.45431949287513,46.38280823469846,24.14935267883086
2001-07-11,45.24,2001,7,11,46.78000000000001,45.40073961965635,46.30907867116953,50.433169760078634
2001-07-12,43.32,2001,7,12,46.78857142857144,44.88055471474226,46.11623488593279,65.35829052190448
2001-07-13,42.92,2001,7,13,46.03000000000001,44.39041603605669,45.91002618361455,80.61684735998183
2001-07-16,42.82,2001,7,16,44.86,43.997812027042514,45.71066965563942,121.82578520305547
2001-07-17,42.84,2001,7,17,43.57428571428572,43.70835902028188,45.525465161727205,132.03575259227924
2001-07-18,43.22,2001,7,18,43.035714285714285,43.58626926521141,45.37672547387384,139.66503101131798
2001-07-19,42.74,2001,7,19,43.188571428571436,43.374701948908566,45.20661415297876,144.38018438391998
2001-07-20,42.79,2001,7,20,43.300000000000004,43.22852646168142,45.050703562464,145.97513788188635
2001-07-23,42.81,2001,7,23,42.949999999999996,43.12389484626107,44.90614204230504,132.0357525922793
2001-07-24,43.46,2001,7,24,42.87714285714286,43.2079211346958,44.81284255570472,121.8257852030555
2001-07-25,42.53,2001,7,25,42.954285714285724,43.03844085102185,44.66556239082055,109.48135341141474
2001-07-26,42.03,2001,7,26,42.91285714285714,42.78633063826639,44.49552610754181,95.54196812180761
2001-07-27,41.85,2001,7,27,42.797142857142866,42.55224797869979,44.32484700382944,80.61684735998182
2001-07-30,42.34,2001,7,30,42.60142857142857,42.49918598402484,44.19679235842109,36.49378447047154
2001-07-31,42.81,2001,7,31,42.544285714285714,42.57688948801863,44.10732188368425,24.149352678830894
2001-08-01,48.21,2001,8,1,42.547142857142866,43.985167116013976,44.3720107944143,3.5722658911174108
2001-08-02,49.0,2001,8,2,43.31857142857143,45.238875337010484,44.67059074316177,0.3998335394738534
2001-08-03,50.22,2001,8,3,44.11,46.48415650275786,45.02861714682876,0.3998335394738453
2001-08-05,51.83,2001,8,5,45.20857142857143,47.8206173770684,45.467416040581746,9.77848007761828
2001-08-06,46.76,2001,8,6,46.60857142857144,47.5554630328013,45.550808554092605,18.747234758306696
2001-08-08,42.24,2001,8,8,47.31,46.22659727460098,45.33720800221567,43.30085016364041
2001-08-10,42.38,2001,8,10,47.29571428571428,45.26494795595073,45.1464203891695,72.98756894094316
2001-08-11,44.31,2001,8,11,47.23428571428571,45.02621096696305,45.092457783416634,88.16253780813238
2001-08-13,42.14,2001,8,13,46.67714285714286,44.30465822522228,44.901976636099434,115.88858556510976
2001-08-14,42.23,2001,8,14,45.69714285714286,43.78599366891671,44.72959104667367,127.22790312357962
2001-08-15,42.16,2001,8,15,44.55571428571428,43.37949525168753,44.56381097914634,136.196657804268
2001-08-16,42.39,2001,8,16,43.17428571428571,43.13212143876565,44.423565109524,142.40287199076894
2001-08-17,44.18,2001,8,17,42.550000000000004,43.394091079074244,44.4078512314902,145.5753043424125
2001-08-20,42.73,2001,8,20,42.82714285714285,43.22806830930568,44.29960276494245,136.19665780426809
2001-08-21,42.84,2001,8,21,42.87714285714286,43.13105123197926,44.20543484462358,127.22790312357967
2001-08-22,43.12,2001,8,22,42.66714285714285,43.12828842398444,44.13540679013174,115.88858556510975
2001-08-23,43.9,2001,8,23,42.80714285714286,43.32121631798834,44.12021925528454,102.674287718246
2001-08-24,43.3,2001,8,24,43.04571428571428,43.31591223849125,44.067301883975865,88.16253780813244
2001-08-27,43.43,2001,8,27,43.20857142857143,43.34443417886844,44.026185633396786,43.3008501636404
2001-08-28,43.13,2001,8,28,43.357142857142854,43.29082563415133,43.968367205435705,30.08655231677664
2001-08-29,43.42,2001,8,29,43.20714285714286,43.323119225613496,43.93298867605276,18.74723475830673
2001-08-30,42.96,2001,8,30,43.30571428571428,43.23233941921013,43.870215213081615,9.778480077618369
2001-08-31,43.0,2001,8,31,43.32285714285714,43.1742545644076,43.814072296108606,3.5722658911173784
2001-09-01,47.66,2001,9,1,43.305714285714295,44.2956909233057,44.062196664101606,1.5949534979663815
2001-09-02,49.39,2001,9,2,43.84285714285714,45.56926819247927,44.405925911578926,6.310106870568345
2001-09-03,48.61,2001,9,3,44.712857142857146,46.32945114435945,44.67715649792867,13.939385289607053
2001-09-04,46.81,2001,9,4,45.45285714285715,46.449588358269594,44.81475930451392,24.14935267883086
2001-09-05,51.21,2001,9,5,45.97857142857142,47.6396912687022,45.22735547841625,36.49378447047155
2001-09-07,43.24,2001,9,7,47.09142857142857,46.539768451526655,45.099138995937786,65.35829052190448
2001-09-08,42.56,2001,9,8,47.131428571428565,45.544826338644995,44.93532357684502,80.61684735998183
2001-09-10,41.8,2001,9,10,47.068571428571424,44.608619753983746,44.733044636403406,109.48135341141472
2001-09-11,43.45,2001,9,11,46.23142857142857,44.3189648154878,44.65026756308706,121.82578520305547
2001-09-17,41.32,2001,9,17,45.38285714285714,43.569223611615854,44.43541159127499,139.66503101131798
2001-09-18,41.41,2001,9,18,44.34142857142857,43.02941770871189,44.240223746676605,132.0357525922793
2001-09-19,41.33,2001,9,19,43.57,42.60456328153391,44.05246737592328,121.8257852030555
2001-09-20,40.56,2001,9,20,42.15857142857143,42.09342246115044,43.827146900057265,109.48135341141486
2001-09-21,40.52,2001,9,21,41.77571428571429,41.70006684586283,43.61378258392455,95.54196812180774
2001-09-24,40.59,2001,9,24,41.48428571428571,41.42255013439712,43.418699836574575,50.433169760078684
2001-09-25,40.82,2001,9,25,41.31142857142857,41.27191260079784,43.25104178260202,36.49378447047154
2001-09-26,40.9,2001,9,26,40.93571428571429,41.17893445059838,43.099361667595446,24.149352678830894
2001-09-27,40.81,2001,9,27,40.87571428571429,41.08670083794879,42.95166091484735,13.939385289607078
2001-09-28,40.41,2001,9,28,40.790000000000006,40.91752562846159,42.78768279130882,6.310106870568386
2001-10-01,47.54,2001,10,1,40.65857142857143,42.57314422134619,43.094283901546966,18.747234758306696
2001-10-04,46.73,2001,10,4,41.65571428571429,43.61235816600964,43.32884623047942,57.81260007375387
2001-10-05,51.24,2001,10,5,42.542857142857144,45.519268624507234,43.83924324786785,72.98756894094316
2001-10-07,43.28,2001,10,7,44.06428571428571,44.95945146838043,43.80316303832799,102.6742877182459
2001-10-08,42.04,2001,10,8,44.41571428571428,44.22958860128532,43.68941058424231,115.88858556510976
2001-10-09,41.73,2001,10,9,44.57857142857143,43.60469145096399,43.56299699816217,127.22790312357962
2001-10-10,41.93,2001,10,10,44.71,43.18601858822299,43.45764235311945,136.19665780426806
2001-10-12,43.51,2001,10,12,44.92714285714285,43.26701394116724,43.46102026582142,145.5753043424125
2001-10-15,41.3,2001,10,15,44.35142857142858,42.775260455875426,43.32159960351036,136.19665780426803
2001-10-16,41.69,2001,10,16,43.575714285714284,42.50394534190657,43.2163351129613,127.22790312357967
2001-10-17,42.51,2001,10,17,42.21142857142856,42.50545900642993,43.17076510567348,115.88858556510975
2001-10-18,42.98,2001,10,18,42.10142857142857,42.624094254822445,43.158457679501005,102.674287718246
2001-10-19,41.96,2001,10,19,42.23571428571428,42.45807069111684,43.08113782921062,88.16253780813244
2001-10-22,41.09,2001,10,22,42.26857142857143,42.11605301833763,42.95267732410026,43.3008501636404
2001-10-23,41.9,2001,10,23,42.14857142857142,42.062039763753226,42.884762658029274,30.08655231677664
2001-10-24,41.88,2001,10,24,41.91857142857143,42.01652982281492,42.819939260737065,18.74723475830673
2001-10-25,42.39,2001,10,25,42.00142857142857,42.10989736711119,42.79220124391532,9.778480077618305
2001-10-26,42.23,2001,10,26,42.10142857142857,42.13992302533339,42.75593019592079,3.5722658911173784
2001-10-29,42.19,2001,10,29,42.06142857142857,42.15244226900004,42.71941857037751,3.5722658911173943
2001-10-30,41.96,2001,10,30,41.94857142857143,42.104331701750034,42.670423823901544,9.778480077618337
2001-10-31,42.4,2001,10,31,41.94857142857143,42.17824877631253,42.652977125585316,18.747234758306686
2001-11-01,47.61,2001,11,1,42.135714285714286,43.53618658223439,42.97278505296691,50.433169760078634
2001-11-04,46.64,2001,11,4,42.95142857142857,44.31213993667579,43.209379565678724,95.54196812180768
2001-11-05,50.79,2001,11,5,43.63142857142857,45.93160495250684,43.69845185176397,109.48135341141472
2001-11-06,46.09,2001,11,6,44.83142857142857,45.97120371438013,43.85274528068243,121.82578520305547
2001-11-07,43.31,2001,11,7,45.38285714285714,45.3059027857851,43.81772945612227,132.03575259227924
2001-11-10,41.65,2001,11,10,45.542857142857144,44.39192708933883,43.677875942824066,145.97513788188635
2001-11-12,43.95,2001,11,12,45.49857142857143,44.28144531700413,43.69543233360962,139.66503101131798
2001-11-13,43.38,2001,11,13,45.720000000000006,44.0560839877531,43.67508186047351,132.0357525922793
2001-11-14,45.5,2001,11,14,45.11571428571428,44.41706299081483,43.792818514636515,121.8257852030555
2001-11-15,45.41,2001,11,15,44.95285714285715,44.66529724311112,43.89715280401481,109.48135341141486
2001-11-16,45.54,2001,11,16,44.18428571428571,44.883972932333336,44.00314294569127,95.54196812180774
2001-11-19,44.94,2001,11,19,44.105714285714285,44.89797969925,44.06358533629184,50.4331697600788
2001-11-20,44.71,2001,11,20,44.33857142857143,44.8509847744375,44.105289508143976,36.49378447047165
2001-11-21,44.97,2001,11,21,44.77571428571429,44.88073858082812,44.161077281812105,24.149352678830894
2001-11-22,44.81,2001,11,22,44.92142857142857,44.863053935621096,44.20294326363068,13.939385289607078
2001-11-23,44.92,2001,11,23,45.12571428571429,44.87729045171582,44.249204988557736,6.310106870568386
2001-11-26,45.09,2001,11,26,45.042857142857144,44.93046783878687,44.303449828005625,1.5949534979663653
2001-11-27,43.13,2001,11,27,44.99714285714286,44.48035087909015,44.227743387489134,6.310106870568362
2001-11-28,42.72,2001,11,28,44.652857142857144,44.04026315931761,44.13046962055436,13.939385289607046
2001-11-29,42.57,2001,11,29,44.33571428571429,43.672697369488205,44.02979416116376,24.149352678830844
2001-11-30,42.72,2001,11,30,44.03000000000001,43.43452302711615,43.94529131205642,36.49378447047148
2001-12-01,48.33,2001,12,1,43.708571428571425,44.65839227033712,44.22817574353665,88.16253780813246
2001-12-02,49.07,2001,12,2,44.21142857142858,45.761294202752836,44.54055150201816,102.6742877182459
2001-12-03,48.54,2001,12,3,44.80428571428571,46.45597065206463,44.79858043737183,115.88858556510976
2001-12-04,46.9,2001,12,4,45.29714285714285,46.566977989048475,44.93415589302526,127.22790312357962
2001-12-06,46.73,2001,12,6,45.83571428571429,46.607733491786355,45.050016803152666,142.40287199076894
2001-12-07,43.03,2001,12,7,46.40857142857142,45.71330011883977,44.91969313843314,145.5753043424125
2001-12-10,41.63,2001,12,10,46.47428571428571,44.69247508912983,44.707454871437456,136.19665780426809
2001-12-11,43.39,2001,12,11,46.31857142857143,44.366856316847375,44.62245778295762,127.22790312357967
2001-12-12,44.05,2001,12,12,45.61285714285714,44.28764223763554,44.58552502276681,115.88858556510975
2001-12-13,43.95,2001,12,13,44.895714285714284,44.20323167822666,44.54452340839476,102.674287718246
2001-12-14,43.84,2001,12,14,44.24,44.11242375867,44.499070285272516,88.16253780813244
2001-12-17,43.21,2001,12,17,43.80285714285714,43.8868178190025,44.41590446041623,43.3008501636404
2001-12-18,42.9,2001,12,18,43.300000000000004,43.64011336425188,44.31810417264744,30.08655231677664
2001-12-19,43.35,2001,12,19,43.28142857142858,43.56758502318891,44.25564583892825,18.74723475830673
2001-12-20,44.22,2001,12,20,43.527142857142856,43.73068876739168,44.253346107384495,9.778480077618369
2001-12-21,42.24,2001,12,21,43.64571428571429,43.358016575543765,44.123452810133884,3.5722658911174188
2001-12-27,43.73,2001,12,27,43.38714285714286,43.45101243165782,44.09806875786718,30.08655231677659
2001-12-28,43.82,2001,12,28,43.355714285714285,43.543259323743364,44.08012883800479,43.300850163640334
2002-01-02,42.64,2002,1,2,43.35285714285714,43.317444492807525,43.987217300069,132.0357525922793
2002-01-03,45.47,2002,1,3,43.271428571428565,43.85558336960565,44.08288070006455,139.66503101131798
2002-01-07,45.47,2002,1,7,43.63857142857143,44.25918752720423,44.17237226780232,139.665031011318
2002-01-08,42.73,2002,1,8,43.941428571428574,43.87689064540317,44.07931599246024,132.0357525922793
2002-01-10,47.43,2002,1,10,43.72857142857142,44.76516798405238,44.295489154237,109.4813534114148
2002-01-11,52.1,2002,1,11,44.470000000000006,46.59887598803929,44.79900598299591,95.54196812180774
2002-01-14,44.85,2002,1,14,45.66571428571429,46.16165699102947,44.802295919576814,50.433169760078634
2002-01-15,44.93,2002,1,15,45.81285714285714,45.8537427432721,44.81053489250734,36.49378447047158
2002-01-16,44.12,2002,1,16,46.13999999999999,45.420307057454075,44.76598425428106,24.1493526788309
2002-01-17,43.88,2002,1,17,45.94714285714286,45.03523029309056,44.708823979811314,13.93938528960707
2002-01-18,43.27,2002,1,18,45.71999999999999,44.59392271981792,44.6159966262751,6.310106870568354
2002-01-21,42.87,2002,1,21,45.797142857142866,44.16294203986344,44.50335168264445,1.5949534979663815
2002-01-22,42.6,2002,1,22,45.145714285714284,43.77220652989758,44.3805547998932,6.310106870568345
2002-01-23,42.57,2002,1,23,43.78857142857142,43.471654897423186,44.26374481280332,13.939385289607094
2002-01-24,42.59,2002,1,24,43.462857142857146,43.25124117306739,44.15576127649343,24.14935267883091
2002-01-25,42.26,2002,1,25,43.12857142857143,43.00343087980054,44.033454097364825,36.49378447047161
2002-01-28,41.86,2002,1,28,42.862857142857145,42.7175731598504,43.89323125237355,80.61684735998183
2002-01-29,41.65,2002,1,29,42.574285714285715,42.4506798698878,43.74850665544623,95.54196812180768
2002-01-30,42.18,2002,1,30,42.34285714285714,42.38300990241585,43.6473126776755,109.48135341141472
2002-01-31,42.47,2002,1,31,42.24428571428571,42.404757426811884,43.57135702105128,121.82578520305547
2002-02-01,43.12,2002,2,1,42.22571428571428,42.58356807010891,43.54223721324152,142.40287199076894
2002-02-04,53.04,2002,2,4,42.30428571428571,45.197676052581684,44.15499610270981,142.40287199076894
2002-02-05,47.55,2002,2,5,43.79714285714285,45.78575703943626,44.374028612212406,136.19665780426806
2002-02-07,46.5,2002,2,7,44.55285714285714,45.9643177795772,44.5111880565858,115.88858556510975
2002-02-08,43.28,2002,2,8,45.215714285714284,45.293238334682904,44.431756569064135,102.67428771824594
2002-02-09,44.38,2002,2,9,45.44857142857143,45.064928751012175,44.42841743557612,88.16253780813246
2002-02-10,48.08,2002,2,10,45.76285714285715,45.818696563259124,44.66400340747444,72.98756894094319
2002-02-12,57.28,2002,2,12,46.56428571428571,48.68402242244434,45.47793867150835,43.30085016364044
2002-02-13,43.48,2002,2,13,48.58714285714285,47.383016816833255,45.34903940237878,30.086552316776622
2002-02-14,43.67,2002,2,14,47.221428571428575,46.45476261262495,45.24071427964467,18.747234758306696
2002-02-15,44.04,2002,2,15,46.667142857142856,45.851071959468705,45.163248842248244,9.77848007761832
2002-02-18,44.44,2002,2,18,46.315714285714286,45.49830396960153,45.11658762661933,0.3998335394738453
2002-02-19,44.25,2002,2,19,46.481428571428566,45.18622797720115,45.0606787474826,3.5722658911174023
2002-02-20,45.44,2002,2,20,46.46285714285714,45.24967098290086,45.08515108635469,9.77848007761828
2002-02-21,47.03,2002,2,21,46.08571428571428,45.69475323717565,45.21062520981568,18.747234758306654
2002-02-22,46.79,2002,2,22,44.621428571428574,45.96856492788174,45.31252035756951,30.08655231677655
2002-02-25,46.07,2002,2,25,45.09428571428571,45.9939236959113,45.361390011919866,72.98756894094316
2002-02-26,45.31,2002,2,26,45.43714285714286,45.82294277193348,45.358074527279875,88.16253780813246
2002-02-27,44.76,2002,2,27,45.618571428571435,45.55720707895011,45.319489073906986,102.6742877182459
2002-02-28,45.03,2002,2,28,45.66428571428572,45.42540530921258,45.300812359461375,115.88858556510976
2002-03-01,43.65,2002,3,1,45.77571428571429,44.981553981909435,45.19430833627032,144.38018438391998
2002-03-04,52.86,2002,3,4,45.52,46.951165486432075,45.68886908876901,121.82578520305546
2002-03-05,47.4,2002,3,5,46.35285714285714,47.06337411482406,45.799264631429075,109.4813534114148
2002-03-06,47.48,2002,3,6,46.44,47.16753058611804,45.90769917133688,95.5419681218077
2002-03-07,45.38,2002,3,7,46.64142857142856,46.72064793958853,45.873654063508695,80.6168473599819
2002-03-09,45.32,2002,3,9,46.65142857142856,46.3704859546914,45.837934446508136,50.433169760078634
2002-03-10,47.63,2002,3,10,46.73142857142857,46.68536446601855,45.95355157899148,36.49378447047164
2002-03-12,56.06,2002,3,12,47.10285714285715,49.02902334951391,46.60558050937913,13.93938528960707
2002-03-13,51.33,2002,3,13,48.87571428571429,49.604267512135436,46.91038176683855,6.310106870568354
2002-03-14,51.2,2002,3,14,48.65714285714286,50.003200634101574,47.18713133026832,1.5949534979663815
2002-03-15,50.92,2002,3,15,49.199999999999996,50.232400475576185,47.42796156702521,0.0
2002-03-18,48.52,2002,3,18,49.691428571428574,49.80430035668214,47.4984156594752,13.939385289607053
2002-03-19,49.49,2002,3,19,50.14,49.725725267511606,47.626904971767125,24.14935267883086
2002-03-20,51.35,2002,3,20,50.73571428571428,50.1317939506337,47.867104651007956,36.49378447047155
2002-03-21,50.1,2002,3,21,51.26714285714286,50.123845462975275,48.01116241545906,50.433169760078634
2002-03-22,50.25,2002,3,22,50.41571428571428,50.155384097231455,48.155603549945575,65.35829052190441
2002-03-25,49.97,2002,3,25,50.261428571428574,50.10903807292359,48.27266138543296,109.48135341141483
2002-03-26,50.31,2002,3,26,50.08571428571429,50.15927855469269,48.40410258637277,121.82578520305547
2002-03-27,50.87,2002,3,27,49.99857142857143,50.33695891601952,48.56319274209066,132.03575259227924
2002-03-28,51.64,2002,3,28,50.33428571428572,50.662719187014645,48.76169643614933,139.66503101131798
2002-04-01,44.18,2002,4,1,50.64142857142857,49.04203939026098,48.466103117688085,127.2279031235797
2002-04-02,43.09,2002,4,2,49.61714285714286,47.55402954269574,48.1192577552566,115.88858556510975
2002-04-03,46.14,2002,4,3,48.6157142857143,47.20052215702181,47.99156370653037,102.67428771824594
2002-04-04,51.56,2002,4,4,48.02857142857143,48.29039161776636,48.221785402883256,88.16253780813246
2002-04-06,47.34,2002,4,6,48.25571428571429,48.05279371332477,48.16489602205208,57.81260007375393
2002-04-07,45.25,2002,4,7,47.83142857142857,47.352095284993574,47.97683821417776,43.30085016364044
2002-04-09,47.35,2002,4,9,47.028571428571425,47.35157146374518,47.93639703906952,18.747234758306696
2002-04-10,47.22,2002,4,10,46.41571428571429,47.31867859780888,47.89017787525859,9.77848007761832
2002-04-11,53.07,2002,4,11,46.85,48.75650894835666,48.22435994782255,3.5722658911174108
2002-04-12,55.27,2002,4,12,48.275714285714294,50.3848817112675,48.67891737054367,0.3998335394738453
2002-04-15,49.25,2002,4,15,49.58,50.10116128345062,48.715761411153764,9.77848007761828
2002-04-16,49.4,2002,4,16,49.25,49.92587096258797,48.75990583624062,18.747234758306696
2002-04-17,50.1,2002,4,17,49.544285714285714,49.96940322194098,48.8463635242251,30.08655231677655
2002-04-18,51.61,2002,4,18,50.237142857142864,50.37955241645574,49.02466265169445,43.30085016364041
2002-04-19,50.37,2002,4,19,50.84571428571429,50.377164312341804,49.111458609649645,57.81260007375387
2002-04-22,50.93,2002,4,22,51.29571428571429,50.51537323425636,49.22878386063999,102.6742877182459
2002-04-23,51.32,2002,4,23,50.989999999999995,50.71652992569227,49.36370103092129,115.88858556510976
2002-04-24,50.43,2002,4,24,50.425714285714285,50.644897444269205,49.432494512797334,127.22790312357962
2002-04-25,48.55,2002,4,25,50.59428571428571,50.12117308320191,49.37555938293944,136.19665780426806
2002-04-26,48.06,2002,4,26,50.472857142857144,49.60587981240143,49.29068458404013,142.40287199076894
2002-04-29,47.29,2002,4,29,50.18142857142857,49.02690985930107,49.16160815926335,142.40287199076894
2002-04-30,48.46,2002,4,30,49.56428571428571,48.885182394475805,49.116343116730235,136.19665780426809
2002-05-02,43.17,2002,5,2,49.291428571428575,47.45638679585686,48.732708076941194,80.6168473599819
2002-05-03,46.77,2002,5,3,48.182857142857145,47.28479009689264,48.6060817493966,65.35829052190446
2002-05-04,50.36,2002,5,4,47.53285714285715,48.05359257266949,48.719237765564564,50.433169760078634
2002-05-06,46.92,2002,5,6,47.52285714285715,47.77019442950211,48.60315790972169,24.1493526788309
2002-05-07,45.29,2002,5,7,47.290000000000006,47.15014582212658,48.38940578651384,13.93938528960707
2002-05-08,42.6,2002,5,8,46.894285714285715,46.01260936659494,48.01589573577102,6.310106870568354
2002-05-09,47.17,2002,5,9,46.22428571428571,46.301957024946205,47.96132181733418,1.5949534979663815
2002-05-11,53.52,2002,5,11,46.040000000000006,48.106467768709656,48.31994621621585,1.5949534979663815
2002-05-12,56.01,2002,5,12,47.51857142857143,50.08235082653224,48.816078718395474,6.310106870568345
2002-05-13,46.05,2002,5,13,48.83857142857143,49.074263119899186,48.63762202688609,13.939385289607094
2002-05-14,46.22,2002,5,14,48.222857142857144,48.36069733992439,48.48164641224828,24.14935267883086
2002-05-15,46.37,2002,5,15,48.12285714285714,47.863023004943294,48.34541115984517,36.49378447047161
2002-05-16,47.1,2002,5,16,48.277142857142856,47.67226725370747,48.26506205275839,50.433169760078634
2002-05-17,47.24,2002,5,17,48.92,47.5642004402806,48.19892901709656,65.35829052190448
2002-05-21,48.57,2002,5,21,48.93,47.815650330210445,48.22286908050969,121.82578520305547
2002-05-22,47.48,2002,5,22,48.222857142857144,47.73173774765783,48.174942043057456,132.03575259227924
2002-05-23,47.38,2002,5,23,47.00428571428572,47.64380331074337,48.12365545963439,139.66503101131798
2002-05-24,47.5,2002,5,24,47.19428571428572,47.60785248305753,48.08341962352895,144.38018438391998
2002-05-27,47.7,2002,5,27,47.37714285714286,47.630889362293146,48.05868287362386,139.66503101131798
2002-05-28,47.02,2002,5,28,47.56714285714286,47.47816702171986,47.99167107532555,132.0357525922793
2002-05-29,47.82,2002,5,29,47.55571428571428,47.5636252662899,47.980595522078744,121.8257852030555
2002-05-30,47.78,2002,5,30,47.63857142857143,47.61771894971742,47.96765387549303,109.48135341141474
2002-05-31,48.08,2002,5,31,47.52571428571429,47.73328921228807,47.974902012558,95.54196812180761
2002-06-02,43.35,2002,6,2,47.61142857142857,46.63746690921605,47.67652123755426,43.30085016364044
2002-06-03,47.27,2002,6,3,47.035714285714285,46.79560018191204,47.65029406093786,30.086552316776622
2002-06-05,47.61,2002,6,5,47.00285714285714,46.99920013643403,47.64769444410316,9.77848007761832
2002-06-06,46.81,2002,6,6,46.99,46.951900102325524,47.5936496412578,3.5722658911174108
2002-06-08,42.69,2002,6,8,46.96,45.886425076744146,47.27728514827342,0.3998335394738453
2002-06-09,47.71,2002,6,9,46.22714285714285,46.34231880755811,47.30520223548159,3.5722658911174023
2002-06-11,53.73,2002,6,11,46.21714285714285,48.18923910566858,47.71970531706342,18.747234758306696
2002-06-12,53.9,2002,6,12,47.02428571428572,49.616929329251434,48.11843400628514,30.0865523167766
2002-06-13,44.77,2002,6,13,48.53142857142857,48.40519699693858,47.902406005879655,43.30085016364041
2002-06-14,44.34,2002,6,14,48.174285714285716,47.388897747703936,47.67257336033904,57.81260007375387
2002-06-17,44.41,2002,6,17,47.707142857142856,46.64417331077795,47.4620847564462,102.6742877182459
2002-06-18,44.2,2002,6,18,47.364285714285714,46.03312998308347,47.25162767538516,115.88858556510976
2002-06-19,44.17,2002,6,19,47.58,45.5673474873126,47.052812986650636,127.22790312357962
2002-06-20,45.0,2002,6,20,47.07428571428572,45.425510615484455,46.920373439124795,136.196657804268
2002-06-21,45.13,2002,6,21,45.82714285714286,45.35163296161334,46.804865475310294,142.40287199076894
2002-06-24,45.77,2002,6,24,44.57428571428572,45.456224721210006,46.73809996077415,142.40287199076894
2002-06-25,45.55,2002,6,25,44.71714285714285,45.47966854090751,46.66144835040163,136.19665780426803
2002-06-26,45.02,2002,6,26,44.89,45.364751405680636,46.55554845682733,127.22790312357967
2002-06-27,45.06,2002,6,27,44.97714285714285,45.28856355426048,46.45906145961267,115.88858556510975
2002-06-28,44.95,2002,6,28,45.1,45.20392266569536,46.36170265576669,102.674287718246
2002-07-01,43.98,2002,7,1,45.21142857142858,44.89794199927152,46.20804441991078,24.1493526788309
2002-07-02,43.4,2002,7,2,45.065714285714286,44.52345649945364,46.026880263787504,13.93938528960707
2002-07-03,47.07,2002,7,3,44.81857142857143,45.16009237459023,46.09417831128509,6.310106870568354
2002-07-05,47.6,2002,7,5,45.00428571428572,45.77006928094267,46.191328097653795,0.0
2002-07-06,46.19,2002,7,6,45.29714285714285,45.875051960707005,46.1912424139342,1.5949534979663815
2002-07-08,42.69,2002,7,8,45.464285714285715,45.078788970530255,45.9653558065836,13.939385289607094
2002-07-10,47.71,2002,7,10,45.12571428571429,45.7365917278977,46.077913496481436,36.49378447047161
2002-07-11,54.07,2002,7,11,45.519999999999996,47.81994379592327,46.593531980579414,50.433169760078634
2002-07-15,45.33,2002,7,15,46.96142857142858,47.197457846942456,46.512013788283966,109.48135341141483
2002-07-16,45.51,2002,7,16,47.23714285714285,46.77559338520684,46.44736773742694,121.82578520305547
2002-07-17,45.49,2002,7,17,47.01428571428571,46.454195038905134,46.385602076947784,132.03575259227924
2002-07-18,44.03,2002,7,18,46.712857142857146,45.84814627917885,46.23362774940277,139.66503101131798
2002-07-19,43.89,2002,7,19,46.40428571428572,45.35860970938414,46.08242595911872,144.38018438391998
2002-07-22,43.87,2002,7,22,46.57571428571429,44.9864572820381,45.9396888004659,139.66503101131798
2002-07-23,43.77,2002,7,23,46.027142857142856,44.68234296152858,45.799708877855196,132.0357525922793
2002-07-24,43.21,2002,7,24,44.55571428571428,44.31425722114644,45.63263088573551,121.8257852030555
2002-07-25,43.32,2002,7,25,44.25285714285714,44.06569291585983,45.483428893107416,109.48135341141474
2002-07-26,43.32,2002,7,26,43.940000000000005,43.87926968689487,45.34385283548759,95.54196812180761
2002-07-29,42.67,2002,7,29,43.63,43.57695226517116,45.17134620094,50.433169760078684
2002-07-30,42.39,2002,7,30,43.435714285714276,43.28021419887837,44.99190451055678,36.49378447047154
2002-07-31,42.28,2002,7,31,43.221428571428575,43.03016064915878,44.816942929230535,24.149352678830894
2002-08-01,43.92,2002,8,1,42.99428571428571,43.25262048686909,44.75907564347373,3.5722658911174108
2002-08-02,43.63,2002,8,2,43.01571428571429,43.34696536515182,44.6862320535722,0.3998335394738534
2002-08-03,47.94,2002,8,3,43.075714285714284,44.49522402386386,44.896152566244965,0.3998335394738453
2002-08-04,49.39,2002,8,4,43.73571428571428,45.71891801789789,45.18607820713239,3.5722658911174023
2002-08-05,47.24,2002,8,5,44.60285714285714,46.09918851342342,45.31858929054321,9.77848007761828
2002-08-07,45.33,2002,8,7,45.255714285714284,45.90689138506757,45.31932546534687,30.08655231677655
2002-08-08,43.24,2002,8,8,45.675714285714285,45.240168538800674,45.185175435324496,43.30085016364041
2002-08-10,48.37,2002,8,10,45.81285714285714,46.02262640410051,45.39064798788421,72.98756894094316
2002-08-11,54.83,2002,8,11,46.44857142857143,48.22446980307538,45.99963844027878,88.16253780813238
2002-08-13,43.19,2002,8,13,48.048571428571435,46.965852352306534,45.81837144413176,115.88858556510976
2002-08-14,43.24,2002,8,14,47.370000000000005,46.0343892642299,45.65202489934907,127.22790312357962
2002-08-15,42.26,2002,8,15,46.49142857142857,45.09079194817242,45.43318458326204,136.196657804268
2002-08-16,42.14,2002,8,16,45.78000000000001,44.35309396112932,45.22072106176127,142.40287199076894
2002-08-19,41.88,2002,8,19,45.324285714285715,43.734820470846984,45.0051906706799,142.40287199076897
2002-08-20,42.03,2002,8,20,45.13,43.30861535313524,44.81324288547475,136.19665780426809
2002-08-21,41.85,2002,8,21,44.22428571428571,42.94396151485143,44.62206592512155,127.22790312357967
2002-08-22,42.45,2002,8,22,42.370000000000005,42.82047113613858,44.48193263962984,115.88858556510975
2002-08-23,42.83,2002,8,23,42.26428571428572,42.822853352103934,44.375356340298886,102.674287718246
2002-08-26,42.2,2002,8,26,42.205714285714286,42.667140014077944,44.23501076995703,57.81260007375398
2002-08-27,42.27,2002,8,27,42.19714285714286,42.56785501055846,44.1082358815727,43.3008501636404
2002-08-28,43.54,2002,8,28,42.21571428571429,42.81089125791885,44.0715755021164,30.08655231677664
2002-08-29,43.64,2002,8,29,42.45285714285715,43.01816844343914,44.0437319213347,18.74723475830673
2002-08-30,44.0,2002,8,30,42.68285714285714,43.26362633257935,44.04091050705504,9.778480077618369
2002-09-01,45.3,2002,9,1,42.989999999999995,43.772719749434515,44.12214208724504,1.5949534979663815
2002-09-04,50.71,2002,9,4,43.39714285714285,45.50703981207589,44.54716517839052,24.14935267883086
2002-09-07,45.81,2002,9,7,44.52285714285715,45.58277985905691,44.62863839268791,65.35829052190448
2002-09-08,43.12,2002,9,8,45.03857142857144,44.96708489429268,44.531306883482245,80.61684735998183
2002-09-09,50.45,2002,9,9,45.160000000000004,46.33781367071951,44.913158052289845,95.54196812180768
2002-09-10,48.68,2002,9,10,46.14714285714286,46.92336025303963,45.15618011343244,109.48135341141472
2002-09-12,52.67,2002,9,12,46.86714285714286,48.36002018977973,45.64094268675938,132.03575259227924
2002-09-13,50.65,2002,9,13,48.105714285714285,48.9325151423348,45.96410767471039,139.66503101131798
2002-09-16,51.88,2002,9,16,48.870000000000005,49.6693863567511,46.34577814730972,144.38018438391998
2002-09-17,51.0,2002,9,17,49.037142857142854,50.002039767563325,46.64605052490265,139.66503101131798
2002-09-18,49.69,2002,9,18,49.778571428571425,49.92402982567249,46.842434362005704,132.0357525922793
2002-09-19,48.26,2002,9,19,50.71714285714286,49.50802236925436,46.93389020961824,121.8257852030555
2002-09-20,46.5,2002,9,20,50.40428571428571,48.75601677694077,46.90589729286868,109.48135341141486
2002-09-23,45.87,2002,9,23,50.09285714285714,48.034512582705574,46.8390652094578,65.35829052190458
2002-09-24,45.88,2002,9,24,49.121428571428574,47.495884437029176,46.777190034654076,50.433169760078684
2002-09-25,46.85,2002,9,25,48.44,47.33441332777188,46.78188745177317,36.49378447047154
2002-09-26,46.32,2002,9,26,47.721428571428575,47.08080999582891,46.7520882613362,24.149352678830894
2002-09-27,46.42,2002,9,27,47.05285714285714,46.91560749687169,46.730663212217735,13.939385289607078
2002-09-30,45.99,2002,9,30,46.58571428571429,46.684205622653764,46.68287848884885,0.0
2002-10-01,45.54,2002,10,1,46.26142857142857,46.39815421699032,46.609144392794086,18.747234758306696
2002-10-04,50.92,2002,10,4,46.12428571428571,47.52861566274274,46.88726410938801,57.81260007375387
2002-10-05,46.28,2002,10,5,46.84571428571429,47.21646174705705,46.84808577975008,72.98756894094316
2002-10-06,46.21,2002,10,6,46.902857142857144,46.96484631029279,46.806918955250076,88.16253780813246
2002-10-07,46.23,2002,10,7,46.81142857142857,46.78113473271959,46.76969837749201,102.6742877182459
2002-10-09,50.05,2002,10,9,46.79857142857143,47.5983510495397,46.98133074023446,127.22790312357962
2002-10-10,47.72,2002,10,10,47.317142857142855,47.628763287154776,47.02898682150966,136.19665780426806
2002-10-12,52.4,2002,10,12,47.564285714285724,48.82157246536608,47.375503800767106,145.5753043424125
2002-10-14,50.96,2002,10,14,48.544285714285714,49.356179349024565,47.60676162007246,142.40287199076894
2002-10-15,55.63,2002,10,15,48.55,50.924634511768424,48.12438990264843,136.19665780426803
2002-10-16,53.99,2002,10,16,49.885714285714286,51.69097588382632,48.502816360542084,127.22790312357967
2002-10-17,53.45,2002,10,17,50.997142857142855,52.130731912869734,48.821989498571625,115.88858556510975
2002-10-18,51.12,2002,10,18,52.02857142857143,51.8780489346523,48.97024824059926,102.674287718246
2002-10-21,52.42,2002,10,21,52.18142857142857,52.01353670098922,49.19281287023802,57.81260007375398
2002-10-22,51.91,2002,10,22,52.85285714285714,51.987652525741915,49.36811526570654,43.3008501636404
2002-10-23,51.97,2002,10,23,52.78285714285715,51.98323939430644,49.535978796951284,30.08655231677664
2002-10-24,53.87,2002,10,24,52.92714285714286,52.454929545729826,49.81559306811572,18.74723475830673
2002-10-25,55.14,2002,10,25,52.675714285714285,53.12619715929736,50.15910319275341,9.778480077618305
2002-10-28,52.48,2002,10,28,52.839999999999996,52.96464786947302,50.30883847064029,0.3998335394738372
2002-10-29,50.86,2002,10,29,52.701428571428565,52.43848590210476,50.34439727898608,3.5722658911173943
2002-10-30,50.93,2002,10,30,52.66428571428572,52.06136442657857,50.38217809969666,9.778480077618337
2002-10-31,52.79,2002,10,31,52.451428571428565,52.24352331993393,50.53752144810333,18.747234758306686
2002-11-01,44.42,2002,11,1,52.57714285714285,50.28764248995044,50.14284264499989,50.433169760078634
2002-11-02,43.13,2002,11,2,51.49857142857143,48.498231867462835,49.690401184032154,65.35829052190441
2002-11-03,50.7,2002,11,3,49.964285714285715,49.04867390059712,49.75553659151396,80.61684735998183
2002-11-04,50.32,2002,11,4,49.33,49.36650542544784,49.79195358560984,95.54196812180768
2002-11-06,46.02,2002,11,6,49.021428571428565,48.52987906908589,49.54860174137695,121.82578520305547
2002-11-07,47.6,2002,11,7,48.33,48.29740930181441,49.42288549999779,132.03575259227924
2002-11-09,49.09,2002,11,9,47.85428571428571,48.49555697636081,49.40140901612696,144.38018438391995
2002-11-10,47.71,2002,11,10,47.32571428571429,48.29916773227061,49.292285853796194,145.97513788188635
2002-11-11,53.89,2002,11,11,47.79571428571428,49.69687579920296,49.58891257290612,144.38018438391998
2002-11-12,49.96,2002,11,12,49.33285714285715,49.76265684940222,49.61285369723476,139.66503101131798
2002-11-13,53.05,2002,11,13,49.22714285714286,50.58449263705167,49.83460507160672,132.0357525922793
2002-11-14,53.52,2002,11,14,49.617142857142866,51.31836947778876,50.07237248634177,121.8257852030555
2002-11-15,55.26,2002,11,15,50.68857142857143,52.30377710834156,50.407058132384236,109.48135341141486
2002-11-18,54.93,2002,11,18,51.78285714285715,52.960332831256174,50.69886083352074,65.35829052190458
2002-11-19,55.63,2002,11,19,52.61714285714286,53.62774962344213,51.01699884426134,50.4331697600788
2002-11-20,56.82,2002,11,20,53.74857142857143,54.425812217581594,51.391386015599316,36.49378447047165
2002-11-21,56.22,2002,11,21,54.167142857142856,54.87435916318619,51.702909498463875,24.149352678830894
2002-11-22,56.22,2002,11,22,55.06142857142857,55.21076937238964,51.994334692111366,13.939385289607078
2002-11-25,55.39,2002,11,25,55.51428571428571,55.255577029292226,52.21340987326547,0.0
2002-11-26,55.63,2002,11,26,55.78142857142858,55.34918277196917,52.43383504273221,1.5949534979663653
2002-11-27,55.88,2002,11,27,55.83428571428572,55.481887078976875,52.656168265781744,6.310106870568362
2002-11-28,55.88,2002,11,28,55.970000000000006,55.58141530923265,52.86415740992486,13.939385289607046
2002-11-29,55.9,2002,11,29,56.00571428571429,55.66106148192449,53.06001822218778,24.149352678830844
2002-12-02,43.18,2002,12,2,55.87428571428571,52.54079611144337,52.42259769172406,102.6742877182459
2002-12-03,52.51,2002,12,3,54.01142857142857,52.533097083582525,52.42823655032251,115.88858556510976
2002-12-04,49.17,2002,12,4,53.48142857142857,51.692322812686896,52.21802774062429,127.22790312357962
2002-12-06,45.8,2002,12,6,52.59285714285715,50.21924210951518,51.80396143477756,142.40287199076894
2002-12-07,46.22,2002,12,7,51.18857142857143,49.21943158213639,51.44370585834031,145.5753043424125
2002-12-08,43.47,2002,12,8,49.808571428571426,47.78207368660229,50.92927322231836,145.57530434241252
2002-12-09,50.25,2002,12,9,48.035714285714285,48.39905526495171,50.88544914345911,142.40287199076894
2002-12-11,52.67,2002,12,11,47.228571428571435,49.46679144871379,51.00058145678433,127.22790312357967
2002-12-12,48.57,2002,12,12,48.58428571428572,49.24259358653534,50.843769749895024,115.88858556510975
2002-12-13,48.16,2002,12,13,48.02142857142858,48.971945189901504,50.67062331441793,102.674287718246
2002-12-16,48.97,2002,12,16,47.87714285714286,48.97145889242613,50.56090568122968,57.81260007375398
2002-12-17,49.87,2002,12,17,48.33,49.19609416931959,50.516331121150344,43.3008501636404
2002-12-18,50.41,2002,12,18,48.85142857142858,49.499570626989694,50.509471048818064,30.08655231677664
2002-12-19,49.77,2002,12,19,49.84285714285714,49.56717797024228,50.4617632392169,18.74723475830673
2002-12-20,50.19,2002,12,20,49.77428571428571,49.722883477681705,50.444230127009355,9.778480077618369
2002-12-23,50.15,2002,12,23,49.42,49.82966260826128,50.42524753817004,0.3998335394738372
2002-12-27,50.18,2002,12,27,49.645714285714284,49.91724695619596,50.40942511635262,30.08655231677659
2002-12-30,50.51,2002,12,30,49.934285714285714,50.06543521714697,50.41591381852342,72.98756894094315
2003-01-04,49.74,2003,1,4,50.15428571428571,49.98407641286023,50.37230647539288,144.38018438391998
2003-01-07,49.6,2003,1,7,50.13571428571429,49.88805730964517,50.32248025117399,139.665031011318
2003-01-08,53.8,2003,1,8,50.019999999999996,50.86604298223388,50.54683636400148,132.0357525922793
2003-01-09,52.38,2003,1,9,50.59571428571429,51.24453223667541,50.66510498567881,121.82578520305546
2003-01-10,53.31,2003,1,10,50.90857142857143,51.76089917750656,50.83574337369953,109.4813534114148
2003-01-12,50.71,2003,1,12,51.36,51.49817438312992,50.82763089797698,80.6168473599819
2003-01-13,53.4,2003,1,13,51.435714285714276,51.97363078734744,50.9935901948817,65.35829052190446
2003-01-14,53.27,2003,1,14,51.848571428571425,52.29772309051058,51.14045534359901,50.433169760078634
2003-01-15,53.97,2003,1,15,52.35285714285714,52.715792317882936,51.32300661175392,36.49378447047158
2003-01-16,54.16,2003,1,16,52.97714285714286,53.0768442384122,51.506038443253665,24.1493526788309
2003-01-17,54.95,2003,1,17,53.028571428571425,53.54513317880915,51.728229511430854,13.93938528960707
2003-01-20,54.93,2003,1,20,53.395714285714284,53.891349884106866,51.93479534940306,0.0
2003-01-21,55.03,2003,1,21,53.62714285714286,54.17601241308015,52.13448597202222,1.5949534979663815
2003-01-22,56.22,2003,1,22,54.24428571428571,54.687009309810115,52.39806752221433,6.310106870568345
2003-01-23,56.69,2003,1,23,54.64714285714285,55.187756982357584,52.674966391748896,13.939385289607094
2003-01-24,56.35,2003,1,24,55.135714285714286,55.47831773676818,52.91206533421671,24.14935267883091
2003-01-27,55.3,2003,1,27,55.47571428571428,55.43373830257613,53.066125635235,65.35829052190448
2003-01-28,54.89,2003,1,28,55.63857142857143,55.2978037269321,53.1837949490908,80.61684735998183
2003-01-29,54.53,2003,1,29,55.629999999999995,55.10585279519908,53.27064688785914,95.54196812180768
2003-01-30,54.6,2003,1,30,55.57285714285714,54.97938959639931,53.35641160477145,109.48135341141472
2003-01-31,55.93,2003,1,31,55.51142857142857,55.217042197299484,53.522449565753945,121.82578520305547
2003-02-01,51.2,2003,2,1,55.470000000000006,54.21278164797461,53.372614109898855,142.40287199076894
2003-02-04,50.71,2003,2,4,54.68571428571429,53.337086235980955,53.20083255442152,142.40287199076894
2003-02-05,54.23,2003,2,5,53.88,53.56031467698571,53.26723045413626,136.19665780426806
2003-02-06,49.18,2003,2,6,53.72714285714285,52.465236007739286,53.003538166772636,127.22790312357968
2003-02-07,51.76,2003,2,7,52.91142857142857,52.28892700580446,52.92330989794859,115.88858556510975
2003-02-09,52.4,2003,2,9,52.51571428571429,52.31669525435335,52.889547969048685,88.16253780813246
2003-02-10,53.53,2003,2,10,52.20142857142857,52.62002144076501,52.930867454916516,72.98756894094319
2003-02-12,52.24,2003,2,12,51.85857142857143,52.52501608057376,52.886295361050934,43.30085016364044
2003-02-13,53.68,2003,2,13,52.00714285714286,52.81376206043032,52.93750211195088,30.086552316776622
2003-02-14,53.82,2003,2,14,52.43142857142857,53.06532154532274,52.99443745956695,18.747234758306696
2003-02-17,54.17,2003,2,17,52.37285714285714,53.341491158992056,53.07028020411102,0.3998335394738534
2003-02-18,53.94,2003,2,18,53.08571428571429,53.49111836924404,53.126391158684505,0.3998335394738453
2003-02-19,53.03,2003,2,19,53.39714285714286,53.37583877693303,53.12017237425325,3.5722658911174023
2003-02-20,53.78,2003,2,20,53.48714285714285,53.476879082699774,53.16274189849498,9.77848007761828
2003-02-21,53.31,2003,2,21,53.52285714285715,53.43515931202483,53.172242421172726,18.747234758306654
2003-02-24,52.29,2003,2,24,53.675714285714285,53.14886948401862,53.115323555290615,57.81260007375387
2003-02-25,51.62,2003,2,25,53.47714285714285,52.76665211301396,53.01885106785251,72.98756894094316
2003-02-26,50.95,2003,2,26,53.16285714285714,52.31248908476047,52.88537680541042,88.16253780813246
2003-02-27,50.98,2003,2,27,52.702857142857134,51.97936681357035,52.76244926957749,102.6742877182459
2003-02-28,50.06,2003,2,28,52.279999999999994,51.499525110177764,52.5880977037983,115.88858556510976
2003-03-01,50.9,2003,3,1,51.855714285714285,51.349643832633326,52.479188174520985,144.38018438391998
2003-03-02,56.35,2003,3,2,51.44428571428572,52.599732874474995,52.72891796971318,139.665031011318
2003-03-03,50.27,2003,3,3,51.878571428571426,52.01729965585625,52.570278100699426,132.0357525922793
2003-03-04,52.11,2003,3,4,51.589999999999996,52.04047474189218,52.54058273936398,121.82578520305546
2003-03-06,48.82,2003,3,6,51.660000000000004,51.235356056419135,52.30054514327598,95.5419681218077
2003-03-07,51.43,2003,3,7,51.35571428571428,51.28401704231435,52.244380940483985,80.6168473599819
2003-03-09,52.43,2003,3,9,51.42,51.570512781735765,52.25635636367857,50.433169760078634
2003-03-10,53.78,2003,3,10,51.75857142857143,52.12288458630182,52.354655953118666,36.49378447047164
2003-03-11,49.99,2003,3,11,52.17,51.589663439726365,52.20209750453037,24.1493526788309
2003-03-12,52.57,2003,3,12,51.261428571428574,51.83474757979477,52.225833149399385,13.93938528960707
2003-03-13,49.49,2003,3,13,51.59000000000001,51.24856068484608,52.04932778492201,6.310106870568354
2003-03-14,49.58,2003,3,14,51.215714285714284,50.831420513634555,51.890016314927045,1.5949534979663815
2003-03-17,48.07,2003,3,17,51.32428571428572,50.141065385225914,51.643563649447884,6.310106870568345
2003-03-18,48.27,2003,3,18,50.84428571428572,49.67329903891944,51.42591438174158,13.939385289607053
2003-03-19,49.03,2003,3,19,50.25,49.51247427918958,51.2713392603389,24.14935267883086
2003-03-20,50.48,2003,3,20,49.57142857142857,49.754355709392186,51.22028511451059,36.49378447047155
2003-03-21,50.67,2003,3,21,49.64142857142856,49.98326678204414,51.184782849058294,50.433169760078634
2003-03-24,49.8,2003,3,24,49.37,49.937450086533104,51.09544202008679,95.54196812180768
2003-03-25,48.69,2003,3,25,49.41428571428572,49.62558756489983,50.94025221233926,109.48135341141483
2003-03-26,48.38,2003,3,26,49.287142857142854,49.31419067367487,50.77507465025286,121.82578520305547
2003-03-27,48.13,2003,3,27,49.33142857142857,49.01814300525615,50.6044246728172,132.03575259227924
2003-03-28,48.9,2003,3,28,49.31142857142857,48.988607253942114,50.494461790699965,139.66503101131798
2003-03-31,49.32,2003,3,31,49.29285714285714,49.07145544045658,50.41869006226771,144.38018438391995
2003-04-02,55.88,2003,4,2,49.127142857142864,50.77359158034243,50.771032638895605,115.88858556510975
2003-04-03,49.84,2003,4,3,49.871428571428574,50.540193685256824,50.71096601703138,102.67428771824594
2003-04-04,51.6,2003,4,4,49.87714285714286,50.80514526394261,50.76832304819065,88.16253780813246
2003-04-06,48.61,2003,4,6,50.292857142857144,50.256358947956954,50.62907639992029,57.81260007375393
2003-04-07,50.93,2003,4,7,50.32571428571429,50.42476921096772,50.64849082573188,43.30085016364044
2003-04-08,53.88,2003,4,8,50.72571428571429,51.288576908225785,50.8569752885879,30.086552316776622
2003-04-09,53.26,2003,4,9,51.43714285714287,51.781432681169335,51.01200914093707,18.747234758306696
2003-04-11,50.69,2003,4,11,52.0,51.508574510877,50.99123435765081,3.5722658911174108
2003-04-12,51.73,2003,4,12,51.25857142857143,51.563930883157745,51.03889665715721,0.3998335394738453
2003-04-14,49.64,2003,4,14,51.528571428571425,51.08294816236831,50.948645259921264,3.5722658911174023
2003-04-15,50.54,2003,4,15,51.24857142857143,50.94721112177623,50.92228104960376,9.77848007761828
2003-04-16,51.01,2003,4,16,51.52428571428571,50.96290834133217,50.9279403367261,18.747234758306696
2003-04-17,52.05,2003,4,17,51.535714285714285,51.23468125599912,51.00033128274378,30.08655231677655
2003-04-22,53.39,2003,4,22,51.27428571428571,51.773510941999334,51.154503458050634,102.6742877182459
2003-04-23,53.45,2003,4,23,51.29285714285714,52.192633206499494,51.30260000914414,115.88858556510976
2003-04-24,52.78,2003,4,24,51.68714285714286,52.33947490487462,51.39791613758646,127.22790312357962
2003-04-25,52.44,2003,4,25,51.83714285714286,52.36460617865596,51.46514735451637,136.19665780426806
2003-04-28,51.79,2003,4,28,52.23714285714285,52.22095463399197,51.48610558970886,145.57530434241252
2003-04-29,53.0,2003,4,29,52.41571428571429,52.41571597549398,51.583776196824424,142.40287199076894
2003-04-30,54.31,2003,4,30,52.7,52.88928698162049,51.75966160348092,136.19665780426809
2003-05-02,55.09,2003,5,2,53.02285714285715,53.43946523621536,51.974522145191834,80.6168473599819
2003-05-03,50.61,2003,5,3,53.26571428571429,52.732098927161516,51.88648845840527,65.35829052190446
2003-05-05,54.9,2003,5,5,52.86,53.274074195371135,52.08090855786299,36.49378447047158
2003-05-06,48.39,2003,5,6,53.16285714285714,52.05305564652835,51.842785425097645,24.1493526788309
2003-05-08,52.73,2003,5,8,52.58428571428572,52.22229173489626,51.90002507509134,6.310106870568354
2003-05-09,54.27,2003,5,9,52.71857142857142,52.7342188011722,52.05292668314997,1.5949534979663815
2003-05-11,50.51,2003,5,11,52.9,52.178164100879144,51.95338302617255,1.5949534979663815
2003-05-12,52.13,2003,5,12,52.357142857142854,52.16612307565936,51.9647776696453,6.310106870568345
2003-05-13,54.38,2003,5,13,51.934285714285714,52.71959230674452,52.12059846515206,13.939385289607094
2003-05-14,53.17,2003,5,14,52.472857142857144,52.83219423005839,52.18830178998096,24.14935267883086
2003-05-15,52.72,2003,5,15,52.22571428571429,52.80414567254379,52.22260490030477,36.49378447047161
2003-05-16,52.88,2003,5,16,52.84428571428571,52.82310925440784,52.26501748738189,50.433169760078634
2003-05-19,52.6,2003,5,19,52.86571428571428,52.76733194080588,52.28662926238951,95.54196812180768
2003-05-20,53.87,2003,5,20,52.62714285714286,53.04299895560441,52.38878221320309,109.48135341141472
2003-05-21,53.0,2003,5,21,53.107142857142854,53.032249216703306,52.4282156188029,121.82578520305547
2003-05-22,53.26,2003,5,22,53.23142857142857,53.08918691252748,52.481879127267234,132.03575259227924
2003-05-23,52.81,2003,5,23,53.07142857142857,53.01939018439561,52.50304821583064,139.66503101131798
2003-05-26,52.64,2003,5,26,53.019999999999996,52.924542638296714,52.51188381480931,144.38018438391995
2003-05-27,49.85,2003,5,27,53.00857142857143,52.155906978722534,52.3401493751442,139.66503101131798
2003-05-28,49.4,2003,5,28,52.57571428571429,51.466930234041904,52.15046231868329,132.0357525922793
2003-05-30,47.97,2003,5,30,52.11857142857143,50.592697675531426,51.880755072316624,109.48135341141474
2003-06-01,52.46,2003,6,1,51.27571428571429,51.05952325664857,51.918125712812326,57.81260007375393
2003-06-02,56.1,2003,6,2,51.19857142857143,52.319642442486426,52.18792405392121,43.30085016364044
2003-06-03,50.7,2003,6,3,51.604285714285716,51.91473183186481,52.09192895366823,30.086552316776622
2003-06-05,55.56,2003,6,5,51.30285714285714,52.826048873898614,52.31567547278641,9.77848007761832
2003-06-06,48.8,2003,6,6,51.720000000000006,51.81953665542396,52.088857700348576,3.5722658911174108
2003-06-08,53.04,2003,6,8,51.57,52.124652491567964,52.15022171968093,0.3998335394738453
2003-06-10,52.38,2003,6,10,52.089999999999996,52.188489368675974,52.16504612486281,9.77848007761828
2003-06-11,50.44,2003,6,11,52.71999999999999,51.75136702650698,52.05375282648457,18.747234758306696
2003-06-13,49.76,2003,6,13,52.43142857142857,51.253525269880235,51.90576877316299,43.30085016364041
2003-06-16,49.58,2003,6,16,51.52571428571429,50.83514395241018,51.75571917489441,88.16253780813238
2003-06-17,49.41,2003,6,17,51.36571428571428,50.47885796430763,51.60438245393348,102.6742877182459
2003-06-18,48.83,2003,6,18,50.48714285714285,50.06664347323073,51.42539003755068,115.88858556510976
2003-06-19,47.69,2003,6,19,50.49142857142857,49.472482604923044,51.18439713190225,127.22790312357962
2003-06-20,47.23,2003,6,20,49.72714285714286,48.91186195369228,50.92927473629566,136.196657804268
2003-06-23,47.44,2003,6,23,48.99142857142857,48.54389646526921,50.70416023717981,145.57530434241252
2003-06-24,48.17,2003,6,24,48.56285714285714,48.45042234895192,50.540666028329504,142.40287199076894
2003-06-25,47.85,2003,6,25,48.33571428571428,48.30031676171394,50.36707467166308,136.19665780426803
2003-06-26,49.09,2003,6,26,48.08857142857143,48.497737571285455,50.28468275736224,127.22790312357967
2003-06-27,49.35,2003,6,27,48.042857142857144,48.71080317846409,50.22438064398404,115.88858556510975
2003-06-30,49.65,2003,6,30,48.11714285714286,48.94560238384807,50.18732382824314,72.9875689409432
2003-07-01,52.55,2003,7,1,48.39714285714285,49.84670178788605,50.33975454900165,24.1493526788309
2003-07-02,56.5,2003,7,2,49.15714285714286,51.510026340914536,50.73718973938864,13.93938528960707
2003-07-03,51.06,2003,7,3,50.45142857142857,51.397519755685906,50.75801620781518,6.310106870568354
2003-07-04,52.41,2003,7,4,50.864285714285714,51.65063981676443,50.864595807310984,1.5949534979663815
2003-07-05,55.21,2003,7,5,51.51571428571428,52.54047986257333,51.14494446490383,0.0
2003-07-07,50.61,2003,7,7,52.39,52.05785989693,51.110431918781,6.310106870568345
2003-07-08,53.39,2003,7,8,52.57,52.3908949226975,51.25750082724675,13.939385289607094
2003-07-10,52.36,2003,7,10,53.104285714285716,52.38317119202313,51.32862980613406,36.49378447047161
2003-07-11,50.58,2003,7,11,53.07714285714285,51.93237839401735,51.28033110896413,50.433169760078634
2003-07-14,51.13,2003,7,14,52.23142857142857,51.73178379551301,51.270632327740636,95.54196812180768
2003-07-15,51.12,2003,7,15,52.24142857142857,51.578837846634755,51.26091411304769,109.48135341141483
2003-07-16,51.37,2003,7,16,52.057142857142864,51.526628384976064,51.2679519122059,121.82578520305547
2003-07-17,51.69,2003,7,17,51.50857142857143,51.56747128873205,51.29518082109585,132.03575259227924
2003-07-18,51.61,2003,7,18,51.66285714285715,51.57810346654904,51.31549173586386,139.66503101131798
2003-07-21,49.92,2003,7,21,51.40857142857142,51.163577599911775,51.225460010969414,144.38018438391998
2003-07-22,49.33,2003,7,22,51.06,50.70518319993383,51.103172268326226,139.66503101131798
2003-07-23,49.31,2003,7,23,50.881428571428565,50.35638739995037,50.98748373488583,132.0357525922793
2003-07-24,49.2,2003,7,24,50.62142857142857,50.06729054996278,50.87216220360287,121.8257852030555
2003-07-25,50.18,2003,7,25,50.347142857142856,50.09546791247209,50.82750657756397,109.48135341141474
2003-07-28,50.62,2003,7,28,50.17714285714286,50.22660093435407,50.81411905643082,65.35829052190458
2003-07-29,52.3,2003,7,29,50.02428571428571,50.74495070076556,50.9099823431127,50.433169760078684
2003-07-30,52.15,2003,7,30,50.12285714285714,51.096213025574166,50.98998348226673,36.49378447047154
2003-07-31,52.5,2003,7,31,50.441428571428574,51.44715976918062,51.08740390276566,24.149352678830894
2003-08-01,52.11,2003,8,1,50.894285714285715,51.61286982688547,51.153377844522716,3.5722658911174108
2003-08-04,52.02,2003,8,4,51.294285714285714,51.71465237016411,51.20928895132771,3.5722658911174023
2003-08-05,55.19,2003,8,5,51.69714285714286,52.58348927762308,51.466109018983985,9.77848007761828
2003-08-07,50.88,2003,8,7,52.41285714285715,52.15761695821731,51.428295533888246,30.08655231677655
2003-08-08,52.84,2003,8,8,52.45,52.32821271866298,51.51937324137933,43.30085016364041
2003-08-09,57.27,2003,8,9,52.527142857142856,53.563659538997236,51.89038141935486,57.81260007375387
2003-08-10,51.84,2003,8,10,53.25857142857143,53.13274465424793,51.88713100520294,72.98756894094316
2003-08-12,53.79,2003,8,12,53.16428571428572,53.29705849068595,52.00989674680275,102.6742877182459
2003-08-13,52.39,2003,8,13,53.40428571428572,53.07029386801446,52.034419537331615,115.88858556510976
2003-08-14,52.5,2003,8,14,53.457142857142856,52.927720401010845,52.06445698653604,127.22790312357962
2003-08-15,51.58,2003,8,15,53.07285714285714,52.59079030075813,52.0332016970821,136.196657804268
2003-08-18,50.94,2003,8,18,53.17285714285714,52.1780927255686,51.96267255533487,145.57530434241252
2003-08-19,51.12,2003,8,19,52.901428571428575,51.91356954417645,51.908306584022945,142.40287199076897
2003-08-20,50.97,2003,8,20,52.02285714285714,51.67767715813233,51.84777067537631,136.19665780426809
2003-08-21,52.19,2003,8,21,51.89857142857143,51.80575786859925,51.86984998664236,127.22790312357967
2003-08-22,51.77,2003,8,22,51.67,51.79681840144944,51.863408052020276,115.88858556510975
2003-08-25,52.02,2003,8,25,51.58142857142857,51.85261380108708,51.87351075834155,72.9875689409432
2003-08-26,51.9,2003,8,26,51.512857142857136,51.864460350815314,51.875219741674364,57.81260007375398
2003-08-27,51.65,2003,8,27,51.55857142857143,51.81084526311149,51.860689435759895,43.3008501636404
2003-08-28,52.1,2003,8,28,51.660000000000004,51.88313394733361,51.876128827001196,30.08655231677664
2003-08-29,52.21,2003,8,29,51.800000000000004,51.96485046050021,51.89766890267854,18.74723475830673
2003-09-01,52.13,2003,9,1,51.97714285714285,52.00613784537516,51.912658005731544,1.5949534979663815
2003-09-04,51.7,2003,9,4,51.96857142857142,51.92960338403137,51.89893813439403,24.14935267883086
2003-09-05,55.13,2003,9,5,51.95857142857143,52.729702538023524,52.107393738626676,36.49378447047155
2003-09-07,51.55,2003,9,7,52.40285714285715,52.434776903517644,52.07143285226367,65.35829052190448
2003-09-09,57.88,2003,9,9,52.35285714285714,53.79608267763823,52.446179119859565,95.54196812180768
2003-09-10,51.28,2003,9,10,53.24285714285715,53.167062008228676,52.37094175728798,109.48135341141472
2003-09-12,53.58,2003,9,12,53.12571428571429,53.270296506171505,52.448945514882304,132.03575259227924
2003-09-15,54.77,2003,9,15,53.32142857142857,53.64522237962863,52.59869096553506,145.97513788188635
2003-09-16,52.12,2003,9,16,53.698571428571434,53.263916784721474,52.56780767743603,144.38018438391998
2003-09-17,52.47,2003,9,17,53.758571428571436,53.06543758854111,52.561497504698224,139.66503101131798
2003-09-18,51.7,2003,9,18,53.378571428571426,52.72407819140584,52.50591702052415,132.0357525922793
2003-09-19,51.88,2003,9,19,53.4,52.51305864355437,52.46553527726453,121.8257852030555
2003-09-22,53.05,2003,9,22,52.54285714285714,52.647293982665786,52.50324267873133,80.61684735998182
2003-09-23,53.17,2003,9,23,52.79571428571428,52.77797048699934,52.546259280103506,65.35829052190458
2003-09-24,53.86,2003,9,24,52.737142857142864,53.04847786524951,52.63101674590328,50.433169760078684
2003-09-25,53.96,2003,9,25,52.607142857142854,53.276358398937134,52.7167576010063,36.49378447047154
2003-09-26,52.86,2003,9,26,52.87,53.172268799202854,52.72599904610267,24.149352678830894
2003-09-29,53.08,2003,9,29,52.925714285714285,53.14920159940213,52.748837817321856,1.5949534979663733
2003-09-30,52.8,2003,9,30,53.12285714285714,53.0619011995516,52.75213860330109,0.0
2003-10-01,53.2,2003,10,1,53.25428571428572,53.0964258996637,52.78103288695909,18.747234758306696
2003-10-02,57.29,2003,10,2,53.27571428571429,54.14481942474777,53.07193399102625,30.0865523167766
2003-10-03,51.34,2003,10,3,53.864285714285714,53.44361456856083,52.96019631418585,43.30085016364041
2003-10-04,51.42,2003,10,4,53.50428571428571,52.93771092642062,52.860828810044836,57.81260007375387
2003-10-06,49.47,2003,10,6,53.14142857142857,52.07078319481547,52.64206566100968,88.16253780813246
2003-10-07,50.59,2003,10,7,52.65714285714285,51.7005873961116,52.50967432804132,102.6742877182459
2003-10-09,57.94,2003,10,9,52.30142857142857,53.260440547083704,52.86001791978059,127.22790312357962
2003-10-10,50.85,2003,10,10,53.035714285714285,52.657830410312776,52.73033934431088,136.19665780426806
2003-10-11,50.0,2003,10,11,52.699999999999996,51.99337280773458,52.55418841887147,142.40287199076894
2003-10-12,53.38,2003,10,12,51.65857142857143,52.340029605800936,52.6074665853959,145.5753043424125
2003-10-13,50.45,2003,10,13,51.95,51.867522204350706,52.46827519278972,145.57530434241252
2003-10-14,51.03,2003,10,14,51.81142857142857,51.65814165326303,52.3754832448678,142.40287199076894
2003-10-15,50.77,2003,10,15,52.034285714285716,51.43610623994727,52.27190368068278,136.19665780426803
2003-10-16,50.91,2003,10,16,52.06,51.304579679960455,52.18403892709035,127.22790312357967
2003-10-17,50.41,2003,10,17,51.05571428571428,51.08093475997034,52.06958480276194,115.88858556510975
2003-10-20,51.08,2003,10,20,50.99285714285714,51.08070106997775,52.00574062193859,72.9875689409432
2003-10-21,51.62,2003,10,21,51.14714285714286,51.21552580248331,51.98085413020062,57.81260007375398
2003-10-22,51.56,2003,10,22,50.895714285714284,51.301644351862485,51.95370225083284,43.3008501636404
2003-10-23,51.78,2003,10,23,51.05428571428571,51.421233263896866,51.94249565400492,30.08655231677664
2003-10-24,52.24,2003,10,24,51.16142857142857,51.625924947922655,51.9616894827788,18.74723475830673
2003-10-27,53.0,2003,10,27,51.37142857142857,51.96944371094199,52.0286772580834,0.3998335394738453
2003-10-28,53.28,2003,10,28,51.67,52.29708278320649,52.10940775756189,0.3998335394738372
2003-10-29,51.73,2003,10,29,52.08,52.155312087404866,52.08492983771919,3.5722658911173943
2003-10-30,50.64,2003,10,30,52.17285714285714,51.776484065553646,51.99170855786634,9.778480077618337
2003-10-31,49.8,2003,10,31,52.03285714285715,51.28236304916524,51.85030800574593,18.747234758306686
2003-11-02,56.79,2003,11,2,51.78142857142857,52.65927228687393,52.16899781182684,65.35829052190441
2003-11-03,49.8,2003,11,3,52.49714285714286,51.944454215155446,52.01615924332189,80.61684735998183
2003-11-04,51.32,2003,11,4,52.14857142857143,51.78834066136658,51.97124574375274,95.54196812180768
2003-11-06,50.25,2003,11,6,51.90857142857143,51.403755496024935,51.86019763125257,121.82578520305547
2003-11-07,50.61,2003,11,7,51.47571428571428,51.2053166220187,51.779539719558855,132.03575259227924
2003-11-08,51.56,2003,11,8,51.31571428571429,51.293987466514025,51.765375866684096,139.66503101131798
2003-11-09,58.64,2003,11,9,51.44714285714286,53.13049059988552,52.20890000431738,144.38018438391995
2003-11-11,49.71,2003,11,11,52.71,52.27536794991414,52.04768064920013,144.38018438391998
2003-11-12,53.12,2003,11,12,51.69857142857143,52.48652596243561,52.11686254280013,139.66503101131798
2003-11-13,50.18,2003,11,13,52.17285714285714,51.9098944718267,51.991903669071085,132.0357525922793
2003-11-14,50.13,2003,11,14,52.01,51.46492085387003,51.87178085171166,121.8257852030555
2003-11-17,50.01,2003,11,17,51.99285714285714,51.10119064040252,51.75166595805285,80.61684735998182
2003-11-18,50.04,2003,11,18,51.90714285714285,50.835892980301885,51.64123589624299,65.35829052190458
2003-11-19,49.95,2003,11,19,51.69,50.61441973522642,51.53212390293699,50.4331697600788
2003-11-20,48.95,2003,11,20,50.44857142857143,50.19831480141981,51.36553526403783,36.49378447047165
2003-11-21,48.43,2003,11,21,50.339999999999996,49.75623610106486,51.17614589216443,24.149352678830894
2003-11-24,48.8,2003,11,24,49.67,49.51717707579864,51.02284615718608,1.5949534979663733
2003-11-25,49.0,2003,11,25,49.472857142857144,49.38788280684898,50.89233995349666,0.0
2003-11-26,49.38,2003,11,26,49.31142857142857,49.38591210513673,50.79476963391623,1.5949534979663653
2003-11-27,49.66,2003,11,27,49.221428571428575,49.45443407885255,50.72155868979261,6.310106870568362
2003-11-28,49.76,2003,11,28,49.167142857142856,49.53082555913941,50.65952264528986,13.939385289607046
2003-12-02,55.78,2003,12,2,49.14,51.09311916935456,50.9898760230131,102.6742877182459
2003-12-03,49.4,2003,12,3,50.11571428571428,50.66983937701592,50.8873033763671,115.88858556510976
2003-12-05,55.06,2003,12,5,50.25428571428572,51.767379532761936,51.156509610149875,136.19665780426806
2003-12-06,50.47,2003,12,6,51.14857142857143,51.44303464957145,51.11221866755957,142.40287199076894
2003-12-08,51.95,2003,12,8,51.35857142857143,51.56977598717859,51.166269076104115,145.57530434241252
2003-12-09,58.01,2003,12,9,51.72571428571428,53.17983199038394,51.60780010345224,142.40287199076894
2003-12-11,49.84,2003,12,11,52.91857142857142,52.34487399278795,51.49374848387468,127.22790312357967
2003-12-12,53.39,2003,12,12,52.93,52.606155494590965,51.61608729136664,115.88858556510975
2003-12-15,51.39,2003,12,15,52.58857142857143,52.302116620943224,51.60150101450428,72.9875689409432
2003-12-16,51.57,2003,12,16,52.87285714285714,52.119087465707416,51.59946869098788,57.81260007375398
2003-12-17,52.36,2003,12,17,52.37428571428571,52.17931559928056,51.64853522705317,43.3008501636404
2003-12-18,51.92,2003,12,18,52.644285714285715,52.114486699460414,51.66604908337233,30.08655231677664
2003-12-19,52.35,2003,12,19,52.64,52.173365024595306,51.71017494896121,18.74723475830673
2003-12-22,52.64,2003,12,22,51.83142857142858,52.290023768446474,51.77016366193146,0.3998335394738453
2003-12-23,52.35,2003,12,23,52.23142857142857,52.305017826334854,51.80757245793588,0.3998335394738372
2003-12-29,52.47,2003,12,29,52.08285714285715,52.34626336975114,51.850309718714215,57.81260007375392
2003-12-30,52.66,2003,12,30,52.237142857142864,52.424697527313356,51.902547801377814,72.98756894094315
2004-01-03,61.3,2004,1,3,52.392857142857146,54.64352314548502,52.5088350399986,139.66503101131798
2004-01-04,60.57,2004,1,4,53.67,56.12514235911377,53.028910198708374,144.38018438391998
2004-01-06,66.43,2004,1,6,54.90571428571429,58.70135676933533,53.893496637501386,144.38018438391998
2004-01-07,61.62,2004,1,7,56.91714285714285,59.4310175770015,54.39198072540453,139.665031011318
2004-01-09,59.27,2004,1,9,58.199999999999996,59.39076318275112,54.70669164634617,121.82578520305546
2004-01-10,63.49,2004,1,10,59.18857142857143,60.41557238706334,55.27335670142062,109.4813534114148
2004-01-11,60.35,2004,1,11,60.76285714285715,60.3991792902975,55.60088207552251,95.54196812180774
2004-01-12,75.51,2004,1,12,61.86142857142857,64.17688446772313,56.88534129645655,80.6168473599819
2004-01-13,57.17,2004,1,13,63.89142857142857,62.425163350792346,56.903706374104516,65.35829052190446
2004-01-14,56.36,2004,1,14,63.40571428571428,60.908872513094266,56.868628543517126,50.433169760078634
2004-01-15,56.57,2004,1,15,61.96714285714285,59.8241543848207,56.84936218587086,36.49378447047158
2004-01-16,57.78,2004,1,16,61.24571428571429,59.31311578861553,56.909403335169515,24.1493526788309
2004-01-19,58.44,2004,1,19,61.03285714285715,59.09483684146164,57.00815150709407,1.5949534979663815
2004-01-20,60.26,2004,1,20,60.31142857142857,59.38612763109623,57.21794818405575,0.0
2004-01-21,60.35,2004,1,21,60.298571428571435,59.62709572332217,57.42001604314893,1.5949534979663815
2004-01-22,60.71,2004,1,22,58.13285714285714,59.897821792491634,57.63227307262319,6.310106870568345
2004-01-23,60.48,2004,1,23,58.63857142857143,60.04336634436872,57.81599739051847,13.939385289607094
2004-01-26,62.38,2004,1,26,59.22714285714285,60.627524758276536,58.11044917177534,50.433169760078634
2004-01-27,62.8,2004,1,27,60.05714285714286,61.170643568707405,58.413000838112424,65.35829052190448
2004-01-28,62.23,2004,1,28,60.77428571428571,61.43548267653055,58.65925884855679,80.61684735998183
2004-01-29,61.02,2004,1,29,61.315714285714286,61.331612007397915,58.811564729295064,95.54196812180768
2004-01-30,60.71,2004,1,30,61.42428571428571,61.176209005548436,58.934044424179255,109.48135341141472
2004-02-02,60.88,2004,2,2,61.47571428571429,61.10215675416133,59.05958994519995,145.5753043424125
2004-02-03,61.05,2004,2,3,61.5,61.089117565620995,59.18800349712254,145.57530434241252
2004-02-04,60.48,2004,2,4,61.58142857142858,60.936838174215744,59.27135811021141,142.40287199076894
2004-02-06,67.21,2004,2,6,61.31,62.5051286306618,59.783528554713904,127.22790312357968
2004-02-07,60.18,2004,2,7,61.940000000000005,61.92384647299635,59.80910735763559,115.88858556510975
2004-02-08,55.36,2004,2,8,61.64714285714285,60.282884854747266,59.522068173272004,102.67428771824594
2004-02-09,59.37,2004,2,9,60.83857142857143,60.05466364106045,59.51225732338349,88.16253780813246
2004-02-11,61.07,2004,2,11,60.64714285714285,60.30849773079534,59.61275685090713,57.81260007375393
2004-02-12,76.23,2004,2,12,60.67428571428571,64.2888732980965,60.68483705407442,43.30085016364044
2004-02-13,60.66,2004,2,13,62.84285714285714,63.381654973572374,60.68323466348898,30.086552316776622
2004-02-16,60.63,2004,2,16,62.868571428571435,62.69374123017928,60.67980016907034,3.5722658911174108
2004-02-17,60.72,2004,2,17,61.92857142857143,62.200305922634456,60.682393706549675,0.3998335394738534
2004-02-18,58.66,2004,2,18,62.00571428571429,61.31522944197584,60.55191669322389,0.3998335394738453
2004-02-19,58.12,2004,2,19,62.47714285714286,60.51642208148188,60.39501884204816,3.5722658911174023
2004-02-20,58.04,2004,2,20,62.298571428571435,59.8973165611114,60.243082142561185,9.77848007761828
2004-02-23,57.6,2004,2,23,61.86571428571428,59.32298742083355,60.07256071400886,43.30085016364041
2004-02-24,59.64,2004,2,24,59.20428571428572,59.40224056562516,60.044653571169576,57.81260007375387
2004-02-25,59.46,2004,2,25,59.058571428571426,59.416680424218875,60.00693398593283,72.98756894094316
2004-02-26,60.71,2004,2,26,58.89142857142856,59.74001031816416,60.052293083614586,88.16253780813246
2004-02-27,61.11,2004,2,27,58.89,60.08250773862312,60.120532239510425,102.6742877182459
2004-03-02,61.4,2004,3,2,59.239999999999995,60.41188080396734,60.203078546638785,139.665031011318
2004-03-03,59.57,2004,3,3,59.708571428571425,60.20141060297551,60.16223476943629,132.0357525922793
2004-03-05,57.38,2004,3,5,59.92714285714286,59.49605795223163,59.98273575205331,109.4813534114148
2004-03-06,66.81,2004,3,6,59.895714285714284,61.32454346417372,60.42320441321117,95.5419681218077
2004-03-08,55.74,2004,3,8,60.92,59.92840759813029,60.12106219300399,65.35829052190451
2004-03-09,58.56,2004,3,9,60.38857142857143,59.58630569859772,60.02034850313277,50.433169760078634
2004-03-11,62.08,2004,3,11,60.08142857142857,60.209729273948284,60.15322924486615,24.1493526788309
2004-03-12,76.0,2004,3,12,60.220000000000006,64.15729695546122,61.17560155164898,13.93938528960707
2004-03-15,62.09,2004,3,15,62.30571428571428,63.640472716595916,61.2345949999297,0.0
2004-03-16,62.88,2004,3,16,62.66571428571428,63.450354537446934,61.340750161224555,1.5949534979663815
2004-03-17,62.21,2004,3,17,63.45142857142857,63.1402659030852,61.396830795984265,6.310106870568345
2004-03-18,61.64,2004,3,18,62.794285714285714,62.7651994273139,61.412519131727215,13.939385289607053
2004-03-19,61.76,2004,3,19,63.637142857142855,62.51389957048542,61.434937252260944,24.14935267883086
2004-03-22,62.35,2004,3,22,64.0942857142857,62.472924677864064,61.493973558566694,65.35829052190441
2004-03-23,61.64,2004,3,23,64.13285714285715,62.264693508398054,61.50339461930433,80.61684735998183
2004-03-24,60.89,2004,3,24,62.08142857142857,61.92102013129853,61.463820772897606,95.54196812180768
2004-03-25,58.92,2004,3,25,61.910000000000004,61.17076509847391,61.29970330367841,109.48135341141483
2004-03-26,58.79,2004,3,26,61.34428571428571,60.57557382385543,61.13778696150561,121.82578520305547
2004-03-29,59.2,2004,3,29,60.855714285714285,60.23168036789157,61.01276844786009,144.38018438391998
2004-03-30,59.7,2004,3,30,60.50714285714286,60.09876027591868,60.928073709288476,145.97513788188635
2004-03-31,60.09,2004,3,31,60.212857142857146,60.09657020693901,60.87400443772148,144.38018438391995
2004-04-02,59.9,2004,4,2,59.89,60.04742765520426,60.811165441739455,115.88858556510975
2004-04-03,59.79,2004,4,3,59.64142857142857,59.98307074140319,60.745283800336914,102.67428771824594
2004-04-05,58.9,2004,4,5,59.48428571428572,59.71230305605239,60.62623323257324,72.98756894094319
2004-04-06,67.13,2004,4,6,59.48142857142857,61.56672729203929,61.04583108853626,57.81260007375393
2004-04-08,55.35,2004,4,8,60.67285714285714,60.01254546902947,60.67835811508231,30.086552316776622
2004-04-10,61.05,2004,4,10,60.12285714285714,60.271909101772096,60.70233501088345,9.77848007761832
2004-04-11,62.68,2004,4,11,60.31571428571429,60.87393182632907,60.82992630050388,3.5722658911174108
2004-04-13,58.1,2004,4,13,60.685714285714276,60.180448869746805,60.65380202305202,0.3998335394738453
2004-04-14,58.64,2004,4,14,60.42857142857143,59.7953366523101,60.52387931188738,3.5722658911174023
2004-04-15,59.1,2004,4,15,60.26428571428571,59.621502489232576,60.43201613047529,9.77848007761828
2004-04-16,58.79,2004,4,16,60.292857142857144,59.41362686692443,60.3260796059285,18.747234758306696
2004-04-19,58.86,2004,4,19,59.10142857142858,59.27522015019332,60.23149382490086,57.81260007375387
2004-04-20,58.7,2004,4,20,59.60285714285714,59.13141511264499,60.132687771681454,72.98756894094316
2004-04-21,57.39,2004,4,21,59.26714285714286,58.696061334483744,59.95574017350846,88.16253780813238
2004-04-22,57.53,2004,4,22,58.511428571428574,58.40454600086281,59.799240807475655,102.6742877182459
2004-04-23,57.9,2004,4,23,58.43,58.27840950064711,59.67670914247723,115.88858556510976
2004-04-26,57.99,2004,4,26,58.32428571428572,58.20630712548533,59.567889197801286,142.40287199076894
2004-04-27,58.59,2004,4,27,58.16571428571429,58.302230344114,59.50479957213669,145.5753043424125
2004-04-28,58.49,2004,4,28,58.137142857142855,58.3491727580855,59.43932863199884,145.57530434241252
2004-04-29,58.18,2004,4,29,58.08428571428572,58.30687956856413,59.35808162348279,142.40287199076894
2004-04-30,57.4,2004,4,30,58.01,58.0801596764231,59.231753776806485,136.19665780426809
2004-05-01,54.55,2004,5,1,58.01142857142857,57.19761975731733,58.929705146044775,95.5419681218077
2004-05-02,59.38,2004,5,2,57.58571428571429,57.74321481798799,58.958756426945115,80.6168473599819
2004-05-03,60.42,2004,5,3,57.79714285714285,58.41241111349099,59.05303020585188,65.35829052190446
2004-05-04,59.34,2004,5,4,58.144285714285715,58.64430833511825,59.071544386119506,50.433169760078634
2004-05-05,59.09,2004,5,5,58.25142857142857,58.75573125133869,59.07273507088599,36.49378447047158
2004-05-07,58.98,2004,5,7,58.33714285714286,58.81179843850401,59.066752163086896,13.93938528960707
2004-05-08,54.53,2004,5,8,58.451428571428565,57.74134882887801,58.77405847514581,6.310106870568354
2004-05-10,62.01,2004,5,10,58.041428571428575,58.8085116216585,58.982828896104145,0.0
2004-05-11,62.99,2004,5,11,59.107142857142854,59.85388371624388,59.24135606409743,1.5949534979663815
2004-05-13,58.85,2004,5,13,59.62285714285714,59.60291278718291,59.216107285768565,13.939385289607094
2004-05-14,59.04,2004,5,14,59.39857142857143,59.46218459038718,59.204745525396405,24.14935267883086
2004-05-17,57.64,2004,5,17,59.355714285714285,59.00663844279039,59.10379420117729,65.35829052190448
2004-05-18,58.62,2004,5,18,59.14857142857142,58.90997883209279,59.07258167206908,80.61684735998183
2004-05-19,59.06,2004,5,19,59.09714285714285,58.94748412406959,59.071769951290435,95.54196812180768
2004-05-20,58.03,2004,5,20,59.74428571428571,58.71811309305219,59.00455898669105,109.48135341141472
2004-05-21,58.93,2004,5,21,59.175714285714285,58.771084819789145,58.999748729485184,121.82578520305547
2004-05-24,61.16,2004,5,24,58.59571428571429,59.36831361484186,59.13911977919582,144.38018438391998
2004-05-25,62.81,2004,5,25,58.92571428571428,60.228735211131394,59.3759507611832,145.97513788188635
2004-05-26,64.44,2004,5,26,59.464285714285715,61.28155140834855,59.702663615300416,144.38018438391995
2004-05-27,63.9,2004,5,27,60.43571428571429,61.93616355626141,59.97345951108749,139.66503101131798
2004-05-28,67.27,2004,5,28,61.190000000000005,63.26962266719606,60.44420405875927,132.0357525922793
2004-06-01,56.68,2004,6,1,62.362857142857145,61.62221700039704,60.20135218400061,57.81260007375393
2004-06-02,59.18,2004,6,2,62.17,61.01166275029779,60.13545849471026,43.30085016364044
2004-06-04,59.52,2004,6,4,62.205714285714286,60.63874706272335,60.09575149505154,18.747234758306696
2004-06-05,58.52,2004,6,5,61.971428571428575,60.10906029704251,59.99409010827402,9.77848007761832
2004-06-07,58.14,2004,6,7,61.35857142857143,59.61679522278189,59.87447139161119,0.3998335394738453
2004-06-08,55.36,2004,6,8,60.45857142857143,58.55259641708642,59.583215172797566,0.3998335394738453
2004-06-09,57.61,2004,6,9,59.238571428571426,58.31694731281482,59.45591096810095,3.5722658911174023
2004-06-10,62.19,2004,6,10,57.85857142857143,59.28521048461111,59.63230380886864,9.77848007761828
2004-06-12,75.68,2004,6,12,58.645714285714284,63.38390786345833,60.667639047006155,30.0865523167766
2004-06-14,65.97,2004,6,14,61.00285714285714,64.03043089759376,61.00972685042512,57.81260007375387
2004-06-15,64.36,2004,6,15,61.924285714285716,64.11282317319532,61.22587350523641,72.98756894094316
2004-06-16,64.34,2004,6,16,62.758571428571436,64.1696173798965,61.42678489199535,88.16253780813238
2004-06-17,63.17,2004,6,17,63.644285714285715,63.91971303492237,61.53925038283436,102.6742877182459
2004-06-18,62.95,2004,6,18,64.76,63.67728477619177,61.63026648716763,115.88858556510976
2004-06-21,61.7,2004,6,21,65.52285714285715,63.18296358214383,61.6347654234794,142.40287199076894
2004-06-22,61.69,2004,6,22,65.45285714285714,62.80972268660787,61.63832894454524,145.5753043424125
2004-06-23,62.31,2004,6,23,63.45428571428572,62.6847920149559,61.6816625610262,145.57530434241252
2004-06-24,61.94,2004,6,24,62.93142857142857,62.49859401121692,61.698329492572896,142.40287199076894
2004-06-25,60.94,2004,6,25,62.58571428571428,62.10894550841269,61.649405009181095,136.19665780426803
2004-06-28,61.21,2004,6,28,62.1,61.88420913130952,61.62105629891135,102.674287718246
2004-06-29,61.1,2004,6,29,61.82,61.68815684848214,61.58743976349772,88.16253780813244
2004-06-30,61.55,2004,6,30,61.55571428571428,61.6536176363616,61.58502429488497,72.9875689409432
2004-07-01,55.99,2004,7,1,61.534285714285716,60.2377132272712,61.22405498553755,24.1493526788309
2004-07-04,59.94,2004,7,4,60.720000000000006,60.1632849204534,61.141212728406096,1.5949534979663815
2004-07-05,57.63,2004,7,5,60.38142857142857,59.52996369034005,60.91468287496055,0.0
2004-07-06,65.61,2004,7,6,59.76571428571429,61.04997276775504,61.21760656044697,1.5949534979663815
2004-07-07,58.5,2004,7,7,60.432857142857145,60.41247957581628,61.042277104934264,6.310106870568345
2004-07-09,57.14,2004,7,9,60.04571428571428,59.5943596818622,60.7905172917127,24.14935267883086
2004-07-10,62.22,2004,7,10,59.480000000000004,60.25076976139665,60.882741982569954,36.49378447047161
2004-07-12,75.51,2004,7,12,59.575714285714284,64.06557732104748,61.82643604821061,65.35829052190448
2004-07-13,58.44,2004,7,13,62.364285714285714,62.65918299078561,61.60795630316477,80.61684735998183
2004-07-14,58.84,2004,7,14,62.15,61.70438724308921,61.429378477154145,95.54196812180768
2004-07-15,59.26,2004,7,15,62.32285714285714,61.093290432316905,61.289418575402266,109.48135341141483
2004-07-16,59.05,2004,7,16,61.41571428571428,60.58246782423768,61.144939957634385,121.82578520305547
2004-07-19,59.34,2004,7,19,61.49428571428571,60.27185086817826,61.02849221843217,144.38018438391998
2004-07-20,60.29,2004,7,20,61.80857142857143,60.276388151133695,60.980847559178486,145.97513788188635
2004-07-21,59.71,2004,7,21,61.53285714285715,60.134791113350275,60.8988573940702,144.38018438391998
2004-07-22,59.15,2004,7,22,59.27571428571429,59.88859333501271,60.78602788477534,139.66503101131798
2004-07-23,57.98,2004,7,23,59.37714285714286,59.41144500125953,60.604993827693065,132.0357525922793
2004-07-26,57.04,2004,7,26,59.25428571428572,58.81858375094465,60.37499422590642,95.54196812180761
2004-07-27,56.41,2004,7,27,58.93714285714286,58.216437813208486,60.11918814681569,80.61684735998182
2004-07-28,56.64,2004,7,28,58.56,57.822328359906365,59.89472439540823,65.35829052190458
2004-07-29,56.31,2004,7,29,58.17428571428571,57.44424626992978,59.663451853769,50.433169760078684
2004-07-30,55.71,2004,7,30,57.605714285714285,57.010684702447335,59.40839044384842,36.49378447047154
2004-08-01,55.66,2004,8,1,57.03428571428571,56.6730135268355,59.166558802309815,3.5722658911174108
2004-08-03,60.71,2004,8,3,56.535714285714285,57.68226014512663,59.2661356537737,0.3998335394738453
2004-08-04,59.8,2004,8,4,56.92571428571428,58.211695108844964,59.300578514820565,3.5722658911174023
2004-08-06,65.68,2004,8,6,57.32,60.078771331633725,59.712154094509565,18.747234758306696
2004-08-07,57.85,2004,8,7,58.644285714285715,59.52157849872529,59.59201512067024,30.08655231677655
2004-08-09,57.18,2004,8,9,58.81714285714286,58.93618387404397,59.43640124191732,57.81260007375387
2004-08-10,62.11,2004,8,10,58.941428571428574,59.72963790553298,59.608891484374276,72.98756894094316
2004-08-11,63.65,2004,8,11,59.855714285714285,60.70972842914974,59.86960816280175,88.16253780813238
2004-08-12,76.05,2004,8,12,60.99714285714286,64.54479632186231,60.913504410362926,102.6742877182459
2004-08-13,55.11,2004,8,13,63.188571428571436,62.18609724139674,60.53908477098467,115.88858556510976
2004-08-16,57.78,2004,8,16,62.51857142857143,61.08457293104755,60.36107930188889,142.40287199076894
2004-08-17,58.89,2004,8,17,61.39,60.53592969828567,60.26617095983155,145.5753043424125
2004-08-18,57.08,2004,8,18,61.53857142857142,59.67194727371425,60.06061154306823,145.57530434241252
2004-08-19,57.03,2004,8,19,61.52428571428572,59.01146045528569,59.86508821770899,142.40287199076897
2004-08-20,56.93,2004,8,20,60.798571428571435,58.49109534146427,59.67572768753421,136.19665780426809
2004-08-23,58.92,2004,8,23,59.83857142857143,58.5983215060982,59.626971062532014,102.674287718246
2004-08-24,59.28,2004,8,24,57.39142857142857,58.76874112957365,59.60458583269125,88.16253780813244
2004-08-25,59.55,2004,8,25,57.987142857142864,58.964055847180234,59.60106416606601,72.9875689409432
2004-08-26,59.41,2004,8,26,58.24,59.07554188538517,59.58873744567466,57.81260007375398
2004-08-27,58.94,2004,8,27,58.31428571428571,59.041656414038876,59.54688341692146,43.3008501636404
2004-08-30,58.18,2004,8,30,58.58,58.82624231052916,59.4586973900233,9.778480077618369
2004-08-31,58.32,2004,8,31,58.74428571428571,58.69968173289687,59.38523304227987,3.5722658911173784
2004-09-01,56.15,2004,9,1,58.942857142857136,58.062261299672656,59.17650832987472,1.5949534979663815
2004-09-02,58.74,2004,9,2,58.547142857142866,58.231695974754494,59.148346502140875,6.310106870568345
2004-09-03,60.1,2004,9,3,58.46999999999999,58.69877198106587,59.20974350200275,13.939385289607053
2004-09-06,66.62,2004,9,6,58.54857142857143,60.6790789857994,59.68782456638967,50.433169760078634
2004-09-07,58.46,2004,9,7,59.57857142857143,60.12430923934955,59.60861007823551,65.35829052190448
2004-09-08,55.43,2004,9,8,59.51,58.950731929512166,59.33902233125258,80.61684735998183
2004-09-09,58.68,2004,9,9,59.11714285714286,58.88304894713413,59.296504761494354,95.54196812180768
2004-09-11,64.02,2004,9,11,59.16857142857143,60.167286710350595,59.60124638978505,121.82578520305547
2004-09-12,76.7,2004,9,12,60.29285714285714,64.30046503276294,60.70439178399246,132.03575259227924
2004-09-13,60.61,2004,9,13,62.85857142857144,63.377848774572215,60.698301991476825,139.66503101131798
2004-09-14,61.33,2004,9,14,62.93142857142857,62.86588658092916,60.73905670170413,144.38018438391998
2004-09-15,60.72,2004,9,15,62.175714285714285,62.32941493569687,60.73782723707806,145.97513788188635
2004-09-16,61.18,2004,9,16,62.49857142857143,62.042061201772654,60.76635451210528,144.38018438391998
2004-09-17,61.84,2004,9,17,63.32,61.991545901329495,60.8356219629372,139.66503101131798
2004-09-20,62.03,2004,9,20,63.77142857142858,62.00115942599712,60.91267861048964,109.48135341141486
2004-09-21,63.96,2004,9,21,63.48714285714285,62.490869569497846,61.109279990458056,95.54196812180774
2004-09-22,64.87,2004,9,22,61.66714285714285,63.085652177123386,61.35190708784786,80.61684735998182
2004-09-23,64.07,2004,9,23,62.27571428571428,63.331739132842536,61.52726792088994,65.35829052190458
2004-09-24,64.41,2004,9,24,62.66714285714285,63.6013043496319,61.71325063567124,50.433169760078684
2004-09-27,66.22,2004,9,27,63.19428571428572,64.25597826222392,62.00400865917632,13.939385289607078
2004-09-28,64.5,2004,9,28,63.91428571428571,64.31698369666793,62.16504035858431,6.310106870568386
2004-09-29,64.94,2004,9,29,64.2942857142857,64.47273777250095,62.34407001286919,1.5949534979663733
2004-09-30,64.65,2004,9,30,64.71000000000001,64.51705332937571,62.49283968945828,0.0
2004-10-02,60.47,2004,10,2,64.80857142857143,63.50528999703179,62.362333903041616,30.0865523167766
2004-10-03,60.29,2004,10,3,64.17999999999999,62.70146749777384,62.228634941555065,43.30085016364041
2004-10-05,58.65,2004,10,5,63.64,61.68860062333038,61.99775526790635,72.98756894094316
2004-10-06,67.94,2004,10,6,62.81714285714286,63.25145046749778,62.38112589578336,88.16253780813246
2004-10-08,55.37,2004,10,8,63.06285714285713,61.28108785062334,61.9287951928296,115.88858556510976
2004-10-09,59.17,2004,10,9,61.75857142857142,60.7533158879675,61.75080840619543,127.22790312357962
2004-10-11,65.26,2004,10,11,60.934285714285714,61.87998691597562,61.977207863860244,142.40287199076894
2004-10-12,75.85,2004,10,12,61.021428571428565,65.37249018698171,62.87222671135313,145.5753043424125
2004-10-13,59.71,2004,10,13,63.21857142857142,63.95686764023628,62.66821208481422,145.57530434241252
2004-10-14,59.76,2004,10,14,63.135714285714286,62.90765073017721,62.48058549869718,142.40287199076894
2004-10-15,60.17,2004,10,15,63.29428571428571,62.223238047632904,62.33151546652317,136.19665780426803
2004-10-18,59.91,2004,10,18,62.184285714285714,61.64492853572468,62.17528866223136,102.674287718246
2004-10-19,59.39,2004,10,19,62.83285714285715,61.081196401793505,61.99559261950676,88.16253780813244
2004-10-20,59.7,2004,10,20,62.864285714285714,60.73589730134513,61.847489869861164,72.9875689409432
2004-10-21,60.69,2004,10,21,62.06999999999999,60.72442297600885,61.77281310406367,57.81260007375398
2004-10-22,60.74,2004,10,22,59.90428571428571,60.728317232006646,61.7061800005757,43.3008501636404
2004-10-25,61.06,2004,10,25,60.05142857142857,60.811237924004985,61.6644909682805,9.778480077618305
2004-10-26,61.12,2004,10,26,60.237142857142864,60.88842844300374,61.62936251871402,3.5722658911173784
2004-10-27,62.62,2004,10,27,60.37285714285714,61.32132133225281,61.69327461428086,0.3998335394738453
2004-10-28,62.89,2004,10,28,60.76,61.7134909991896,61.7704827036821,0.3998335394738372
2004-10-29,61.03,2004,10,29,61.26,61.5426182493922,61.72270962602519,3.5722658911173943
2004-11-02,60.83,2004,11,2,61.45,61.36446368704415,61.66511545660421,65.35829052190441
2004-11-03,61.24,2004,11,3,61.470000000000006,61.333347765283115,61.637688652952335,80.61684735998183
2004-11-05,59.27,2004,11,5,61.541428571428575,60.81751082396234,61.48493454631026,109.48135341141472
2004-11-06,67.57,2004,11,6,61.285714285714285,62.505633117971755,61.87751941429024,121.82578520305547
2004-11-08,55.66,2004,11,8,62.207142857142856,60.79422483847882,61.47638912949733,139.66503101131798
2004-11-10,60.89,2004,11,10,61.212857142857146,60.81816862885911,61.43855757275557,145.97513788188635
2004-11-11,65.39,2004,11,11,60.92714285714286,61.961126471644334,61.69348934225521,144.38018438391998
2004-11-15,72.23,2004,11,15,61.55,64.52834485373326,62.37326422340004,109.48135341141486
2004-11-16,69.6,2004,11,16,63.17857142857143,65.79625864029995,62.839505241245206,95.54196812180774
2004-11-17,70.07,2004,11,17,64.37285714285714,66.86469398022496,63.305988774068105,80.61684735998182
2004-11-18,70.85,2004,11,18,65.91571428571429,67.86102048516872,63.792699175741134,65.35829052190458
2004-11-19,70.23,2004,11,19,66.38428571428571,68.45326536387654,64.20800890633848,50.4331697600788
2004-11-22,71.42,2004,11,22,68.46571428571428,69.19494902290741,64.67329865431664,13.939385289607078
2004-11-23,71.73,2004,11,23,69.97,69.82871176718056,65.12856970887687,6.310106870568386
2004-11-24,70.72,2004,11,24,70.87571428571428,70.05153382538543,65.48930714701385,1.5949534979663733
2004-11-25,70.98,2004,11,25,70.66,70.28365036903908,65.84354539559361,0.0
2004-11-26,71.04,2004,11,26,70.85714285714286,70.47273777677931,66.17880053136176,1.5949534979663653
2004-11-29,73.66,2004,11,29,70.99571428571429,71.26955333258448,66.66145856159649,24.149352678830844
2004-11-30,75.01,2004,11,30,71.39714285714285,72.20466499943836,67.2000741382677,36.49378447047148
2004-12-01,57.38,2004,12,1,72.08,68.49849874957877,66.56652096805688,88.16253780813246
2004-12-02,61.28,2004,12,2,70.07428571428572,66.69387406218408,66.22545509914998,102.6742877182459
2004-12-03,61.69,2004,12,3,68.58142857142857,65.44290554663806,65.93284509275321,115.88858556510976
2004-12-04,59.47,2004,12,4,67.29142857142857,63.949679159978544,65.51588734483366,127.22790312357962
2004-12-05,58.94,2004,12,5,65.64714285714287,62.69725936998391,65.09163654839278,136.19665780426806
2004-12-07,58.2,2004,12,7,63.91857142857143,61.572944527487934,64.64701483559325,145.5753043424125
2004-12-08,55.25,2004,12,8,61.709999999999994,59.99220839561595,64.04075581394208,145.57530434241252
2004-12-10,60.41,2004,12,10,58.887142857142855,60.09665629671196,63.80651350336518,136.19665780426809
2004-12-11,65.19,2004,12,11,59.32,61.36999222253397,63.89577069669646,127.22790312357967
2004-12-13,73.91,2004,12,13,59.878571428571426,64.50499416690047,64.54185000658701,102.674287718246
2004-12-14,73.75,2004,12,14,61.62428571428571,66.81624562517536,65.13592419971043,88.16253780813244
2004-12-15,77.51,2004,12,15,63.66428571428571,69.48968421888152,65.93425167069687,72.9875689409432
2004-12-16,77.73,2004,12,16,66.31714285714285,71.54976316416115,66.69526769194223,57.81260007375398
2004-12-17,79.64,2004,12,17,69.10714285714286,73.57232237312085,67.53041171181694,43.3008501636404
2004-12-20,81.92,2004,12,20,72.59142857142857,75.65924177984064,68.45877224653843,9.778480077618369
2004-12-21,81.19,2004,12,21,75.66428571428571,77.04193133488047,69.28014177901983,3.5722658911174188
2004-12-22,78.5,2004,12,22,77.95000000000002,77.40644850116036,69.87497134166371,0.3998335394738453
2004-12-23,78.75,2004,12,23,78.60571428571428,77.74233637587027,70.44755383574993,0.3998335394738372
2004-12-27,79.98,2004,12,27,79.32000000000001,78.30175228190271,71.06255036247575,30.08655231677659
2004-12-28,80.03,2004,12,28,79.67285714285715,78.73381421142703,71.64109550038053,43.300850163640334
2004-12-29,80.86,2004,12,29,80.00142857142858,79.26536065857027,72.23586353261405,57.81260007375392
2004-12-30,80.86,2004,12,30,80.17571428571429,79.66402049392771,72.79225943373572,72.98756894094315
2005-01-02,82.34,2005,1,2,80.02428571428571,80.33301537044579,73.40824269607536,132.0357525922793
2005-01-03,94.9,2005,1,3,80.18857142857144,83.97476152783435,74.79480768342535,139.66503101131798
2005-01-04,99.64,2005,1,4,82.53142857142858,87.89107114587576,76.39772331675275,144.38018438391998
2005-01-06,98.99,2005,1,6,85.51571428571428,90.66580335940682,77.85528955438161,144.38018438391998
2005-01-07,90.96,2005,1,7,88.23142857142857,90.73935251955511,78.70075474442152,139.665031011318
2005-01-08,87.43,2005,1,8,89.79285714285713,89.91201438966634,79.26393185768465,132.0357525922793
2005-01-09,86.22,2005,1,9,90.73142857142857,88.98901079224976,79.71271044751145,121.82578520305546
2005-01-11,81.63,2005,1,11,91.49714285714286,87.14925809418732,79.83640654767201,95.54196812180774
2005-01-12,83.31,2005,1,12,91.39571428571428,86.18944357064049,80.06050935104801,80.6168473599819
2005-01-13,78.75,2005,1,13,89.74,84.32958267798037,79.97596036065782,65.35829052190446
2005-01-14,78.26,2005,1,14,86.75571428571428,82.81218700848528,79.86525324061539,50.433169760078634
2005-01-17,78.27,2005,1,17,83.7942857142857,81.67664025636395,79.76233367670471,13.93938528960707
2005-01-18,80.18,2005,1,18,81.98142857142857,81.30248019227297,79.78927989111087,6.310106870568354
2005-01-19,81.0,2005,1,19,80.94571428571429,81.22686014420472,79.86739086587791,1.5949534979663815
2005-01-20,80.37,2005,1,20,80.2,81.01264510815355,79.89981726162773,0.0
2005-01-21,80.36,2005,1,21,80.02,80.84948383111517,79.92950647055498,1.5949534979663815
2005-01-24,81.55,2005,1,24,79.59857142857143,81.02461287333638,80.03405444019661,24.14935267883091
2005-01-25,82.39,2005,1,25,79.99857142857142,81.36595965500229,80.18605092792586,36.49378447047161
2005-01-26,82.26,2005,1,26,80.58857142857143,81.58946974125172,80.31985409386614,50.433169760078634
2005-01-27,81.37,2005,1,27,81.15857142857143,81.53460230593879,80.38760544264898,65.35829052190448
2005-01-28,81.73,2005,1,28,81.32857142857142,81.5834517294541,80.47421154312323,80.61684735998183
2005-01-31,82.62,2005,1,31,81.43285714285715,81.84258879709057,80.61264950808302,121.82578520305547
2005-02-02,82.56,2005,2,2,81.75428571428571,82.02194159781793,80.73828502369058,145.5753043424125
2005-02-03,95.55,2005,2,3,82.06857142857143,85.40395619836345,81.69387953829118,145.57530434241252
2005-02-05,100.62,2005,2,5,84.06857142857143,89.20796714877258,82.91491956807886,136.19665780426806
2005-02-06,101.55,2005,2,6,86.67285714285715,92.29347536157944,84.11718282175119,127.22790312357968
2005-02-08,89.69,2005,2,8,89.42857142857143,91.64260652118458,84.47671941389628,102.67428771824594
2005-02-09,85.55,2005,2,9,90.61714285714287,90.11945489088843,84.54596332267717,88.16253780813246
2005-02-11,83.57,2005,2,11,91.16285714285713,88.48209116816632,84.48299794702058,57.81260007375393
2005-02-12,82.75,2005,2,12,91.29857142857142,87.04906837612474,84.37119162785797,43.30085016364044
2005-02-14,88.59,2005,2,14,91.32571428571428,87.43430128209354,84.64337281315746,18.747234758306696
2005-02-15,90.95,2005,2,15,90.33142857142856,88.31322596157015,85.05025198650215,9.77848007761832
2005-02-16,91.79,2005,2,16,88.95,89.18241947117762,85.48507443898589,3.5722658911174108
2005-02-17,91.56,2005,2,17,87.55571428571429,89.77681460338322,85.87700512034165,0.3998335394738534
2005-02-18,92.14,2005,2,18,87.82285714285715,90.3676109525374,86.28106930612606,0.3998335394738453
2005-02-21,92.53,2005,2,21,88.76428571428572,90.90820821440306,86.68422612508567,18.747234758306654
2005-02-22,90.88,2005,2,22,90.0442857142857,90.90115616080229,86.95492121378983,30.08655231677655
2005-02-23,93.96,2005,2,23,91.20571428571428,91.6658671206017,87.4068617806421,43.30085016364041
2005-02-24,94.24,2005,2,24,91.97285714285715,92.30940034045128,87.84770940769745,57.81260007375387
2005-02-25,92.37,2005,2,25,92.44285714285715,92.32455025533847,88.13947009107181,72.98756894094316
2005-02-28,94.31,2005,2,28,92.5257142857143,92.82091269150385,88.53756879487364,115.88858556510976
2005-03-01,80.27,2005,3,1,92.91857142857143,89.68318451862788,88.00417725972049,144.38018438391998
2005-03-02,82.91,2005,3,2,91.22285714285714,87.98988838897091,87.67552066231917,139.665031011318
2005-03-03,96.75,2005,3,3,89.84857142857143,90.17991629172818,88.26097094216956,132.0357525922793
2005-03-05,99.82,2005,3,5,90.68714285714285,92.58993721879612,89.00671475235218,109.4813534114148
2005-03-06,104.12,2005,3,6,91.52428571428571,95.47245291409709,89.98176541349076,95.5419681218077
2005-03-08,89.99,2005,3,8,92.93571428571428,94.10183968557283,89.98229667713653,65.35829052190451
2005-03-10,77.18,2005,3,10,92.59571428571428,89.87137976417962,89.15634205280516,36.49378447047164
2005-03-11,86.09,2005,3,11,90.14857142857143,88.92603482313473,88.95851353326935,24.1493526788309
2005-03-14,106.37,2005,3,14,90.98,93.28702611735105,90.08183524080036,1.5949534979663815
2005-03-15,105.89,2005,3,15,94.33142857142857,96.43776958801328,91.10171683816807,0.0
2005-03-16,106.16,2005,3,16,95.63714285714285,98.86832719100997,92.0732189776411,1.5949534979663815
2005-03-17,105.89,2005,3,17,96.54285714285713,100.62374539325748,92.96462420489007,6.310106870568345
2005-03-18,104.13,2005,3,18,96.7957142857143,101.50030904494311,93.68497103038104,13.939385289607053
2005-03-21,102.75,2005,3,21,98.8157142857143,101.81273178370733,94.26981160906614,50.433169760078634
2005-03-22,102.85,2005,3,22,102.46857142857144,102.0720488377805,94.82337215041672,65.35829052190441
2005-03-23,99.42,2005,3,23,104.86285714285714,101.40903662833539,95.1199287858737,80.61684735998183
2005-03-24,97.25,2005,3,24,103.87,100.36927747125154,95.25735273517218,95.54196812180768
2005-03-28,97.48,2005,3,28,102.63571428571429,99.64695810343866,95.40074933290302,139.66503101131798
2005-03-29,97.44,2005,3,29,101.39571428571428,99.09521857757899,95.53231389207056,144.38018438391998
2005-03-30,99.1,2005,3,30,100.18857142857142,99.09641393318424,95.76248718935634,145.97513788188635
2005-03-31,100.47,2005,3,31,99.47,99.43981044988817,96.06619769326883,144.38018438391995
2005-04-01,78.91,2005,4,1,99.14428571428572,94.30735783741613,94.95934622918698,127.2279031235797
2005-04-02,85.41,2005,4,2,95.72428571428573,92.08301837806209,94.34325937569105,115.88858556510975
2005-04-03,97.27,2005,4,3,93.72285714285714,93.37976378354657,94.53208135145293,102.67428771824594
2005-04-04,98.44,2005,4,4,93.72571428571428,94.64482283765993,94.78420513523017,88.16253780813246
2005-04-05,101.2,2005,4,5,93.86285714285714,96.28361712824494,95.19812738457016,72.98756894094319
2005-04-07,89.85,2005,4,7,94.39999999999999,94.67521284618371,94.85308690814628,43.30085016364044
2005-04-08,90.32,2005,4,8,93.07857142857142,93.58640963463777,94.56062968826588,30.086552316776622
2005-04-10,77.02,2005,4,10,91.62857142857142,89.44480722597832,93.42897615999067,9.77848007761832
2005-04-11,87.05,2005,4,11,91.35857142857142,88.84610541948375,93.01742931095902,3.5722658911174108
2005-04-13,94.27,2005,4,13,91.59285714285714,90.2020790646128,93.09824032315521,0.3998335394738453
2005-04-14,91.85,2005,4,14,91.16428571428571,90.61405929845961,93.01770868940326,3.5722658911174023
2005-04-15,92.64,2005,4,15,90.22285714285714,91.1205444738447,92.99334038686112,9.77848007761828
2005-04-18,93.06,2005,4,18,89.0,91.60540835538353,92.99764100706363,43.30085016364041
2005-04-19,95.92,2005,4,19,89.45857142857143,92.68405626653765,93.1861802969305,57.81260007375387
2005-04-20,98.38,2005,4,20,90.25857142857141,94.10804219990324,93.52126543906402,72.98756894094316
2005-04-21,98.09,2005,4,21,93.30999999999999,95.10353164992742,93.8160225075115,88.16253780813238
2005-04-22,100.33,2005,4,22,94.88714285714286,96.41014873744557,94.23627911993012,102.6742877182459
2005-04-25,101.03,2005,4,25,95.75285714285714,97.56511155308417,94.67458369283786,136.19665780426806
2005-04-26,103.47,2005,4,26,97.06428571428572,99.04133366481312,95.24202990620316,142.40287199076894
2005-04-27,104.97,2005,4,27,98.61142857142856,100.52350024860985,95.8696408799965,145.5753043424125
2005-04-28,104.15,2005,4,28,100.31285714285714,101.43012518645739,96.40385759741608,145.57530434241252
2005-04-29,102.93,2005,4,29,101.48857142857142,101.80509388984304,96.82489904274408,142.40287199076894
2005-05-01,77.65,2005,5,1,102.13857142857144,95.76632041738227,95.5878087819219,95.5419681218077
2005-05-04,99.97,2005,5,4,99.21857142857142,96.8172403130367,95.87053079599146,50.433169760078634
2005-05-05,100.31,2005,5,5,99.16714285714286,97.69043023477754,96.15694816399201,36.49378447047158
2005-05-07,90.47,2005,5,7,99.0642857142857,95.88532267608315,95.79004828244415,13.93938528960707
2005-05-08,89.32,2005,5,8,97.20714285714287,94.24399200706236,95.37262581260904,6.310106870568354
2005-05-09,85.37,2005,5,9,94.97142857142858,92.02549400529676,94.72729511502138,1.5949534979663815
2005-05-10,77.48,2005,5,10,92.28857142857144,88.38912050397258,93.61456639792323,0.0
2005-05-12,82.81,2005,5,12,88.65285714285713,86.99434037797944,92.91749759805722,6.310106870568345
2005-05-13,100.25,2005,5,13,89.39,90.30825528348458,93.39056226915031,13.939385289607094
2005-05-16,96.9,2005,5,16,89.42999999999999,91.95619146261345,93.61697760662449,50.433169760078634
2005-05-17,97.76,2005,5,17,88.94285714285715,93.40714359696008,93.88426937393905,65.35829052190448
2005-05-18,98.19,2005,5,18,89.98428571428572,94.60285769772007,94.16205844658815,80.61684735998183
2005-05-19,97.6,2005,5,19,91.25142857142858,95.35214327329004,94.38386112745343,95.54196812180768
2005-05-20,97.26,2005,5,20,92.99857142857142,95.82910745496753,94.56941847406935,109.48135341141472
2005-05-23,98.27,2005,5,23,95.82428571428571,96.43933059122564,94.80816566929069,139.66503101131798
2005-05-24,99.19,2005,5,24,98.03285714285714,97.12699794341923,95.09086465836872,144.38018438391998
2005-05-25,101.13,2005,5,25,97.88142857142857,98.12774845756442,95.48048629331268,145.97513788188635
2005-05-26,101.83,2005,5,26,98.48571428571428,99.05331134317332,95.8901323389054,144.38018438391995
2005-05-27,101.27,2005,5,27,99.06714285714285,99.60748350737998,96.23722057510506,139.66503101131798
2005-05-31,98.67,2005,5,31,99.50714285714285,99.37311263053499,96.3941740863886,95.54196812180761
2005-06-01,76.1,2005,6,1,99.65999999999998,93.55483447290123,95.08487253242805,57.81260007375393
2005-06-04,100.53,2005,6,4,96.63714285714285,95.29862585467592,95.43617107872302,18.747234758306696
2005-06-05,101.45,2005,6,5,96.96000000000001,96.83646939100693,95.82416004138607,9.77848007761832
2005-06-06,103.62,2005,6,6,97.28285714285714,98.5323520432552,96.32711745807084,3.5722658911174108
2005-06-07,91.74,2005,6,7,97.63857142857144,96.83426403244141,96.03117439625983,0.3998335394738453
2005-06-09,83.92,2005,6,9,96.19714285714285,93.60569802433106,95.24980830617855,3.5722658911174023
2005-06-10,77.86,2005,6,10,93.71857142857142,89.6692735182483,94.1278851896509,9.77848007761828
2005-06-12,83.37,2005,6,12,90.74571428571427,88.09445513868623,93.43382808064116,30.0865523167766
2005-06-13,94.28,2005,6,13,91.78428571428572,89.64084135401467,93.488419817374,43.30085016364041
2005-06-14,94.32,2005,6,14,90.89142857142858,90.81063101551099,93.54207015173697,57.81260007375387
2005-06-15,94.91,2005,6,15,89.87285714285714,91.83547326163324,93.63032369033459,72.98756894094316
2005-06-16,94.12,2005,6,16,88.62857142857142,92.40660494622493,93.66191571031301,88.16253780813238
2005-06-17,92.8,2005,6,17,88.96857142857142,92.5049537096687,93.60630824513153,102.6742877182459
2005-06-20,94.42,2005,6,20,90.23714285714287,92.98371528225152,93.65880448738112,136.196657804268
2005-06-21,94.28,2005,6,21,92.60285714285715,93.30778646168864,93.6988816172275,142.40287199076894
2005-06-22,96.19,2005,6,22,94.16142857142857,94.02833984626648,93.85959893224508,145.5753043424125
2005-06-23,94.95,2005,6,23,94.4342857142857,94.25875488469985,93.92994738822927,145.57530434241252
2005-06-24,92.68,2005,6,24,94.52428571428571,93.8640661635249,93.84930562124674,142.40287199076894
2005-06-27,90.35,2005,6,27,94.2057142857143,92.98554962264367,93.62354396826309,115.88858556510975
2005-06-28,91.46,2005,6,28,93.66714285714286,92.60416221698274,93.48396048643968,102.674287718246
2005-06-29,91.52,2005,6,29,93.47571428571428,92.33312166273706,93.35725335828229,88.16253780813244
2005-06-30,92.15,2005,6,30,93.06142857142856,92.28734124705278,93.27936604484472,72.9875689409432
2005-07-01,75.71,2005,7,1,92.75714285714287,88.14300593528958,92.14585855808056,24.1493526788309
2005-07-02,87.93,2005,7,2,89.83142857142856,88.08975445146719,91.87386768336569,13.93938528960707
2005-07-03,101.37,2005,7,3,88.82857142857144,91.4098158386004,92.48652138121308,6.310106870568354
2005-07-04,98.97,2005,7,4,90.07000000000001,93.29986187895031,92.90481032436064,1.5949534979663815
2005-07-06,104.72,2005,7,6,91.30142857142856,96.15489640921274,93.6670806260148,1.5949534979663815
2005-07-07,91.7,2005,7,7,93.19571428571429,95.04117230690956,93.54017219852997,6.310106870568345
2005-07-09,80.62,2005,7,9,93.22142857142858,91.43587923018217,92.70661270185063,24.14935267883086
2005-07-10,78.38,2005,7,10,91.57428571428571,88.17190942263662,91.78231510818286,36.49378447047161
2005-07-11,86.19,2005,7,11,91.9557142857143,87.67643206697745,91.42152058507429,50.433169760078634
2005-07-12,83.0,2005,7,12,91.70714285714284,86.5073240502331,90.87819667635983,65.35829052190448
2005-07-13,90.45,2005,7,13,89.08285714285714,87.49299303767482,90.85057108433662,80.61684735998183
2005-07-14,92.48,2005,7,14,87.86571428571428,88.73974477825612,90.95569553050846,95.54196812180768
2005-07-15,91.3,2005,7,15,86.11714285714287,89.3798085836921,90.97790872208857,109.48135341141483
2005-07-18,87.52,2005,7,18,86.05999999999999,88.91485643776906,90.75481783679254,139.66503101131798
2005-07-19,82.86,2005,7,19,87.04571428571428,87.4011423283268,90.24547475054786,144.38018438391998
2005-07-20,83.9,2005,7,20,87.68571428571428,86.5258567462451,89.83608928277057,145.97513788188635
2005-07-21,84.09,2005,7,21,87.35857142857142,85.91689255968382,89.46537384517248,144.38018438391998
2005-07-22,84.82,2005,7,22,87.51428571428572,85.64266941976287,89.16567230677425,139.66503101131798
2005-07-25,85.91,2005,7,25,86.71000000000001,85.70950206482215,88.95562893214367,109.48135341141474
2005-07-26,86.97,2005,7,26,85.77142857142857,86.02462654861662,88.8275238397473,95.54196812180761
2005-07-27,85.68,2005,7,27,85.15285714285714,85.93846991146246,88.62445778557006,80.61684735998182
2005-07-28,86.75,2005,7,28,84.89,86.14135243359685,88.5035250252107,65.35829052190458
2005-07-29,87.93,2005,7,29,85.44571428571429,86.58851432519764,88.46652341068099,50.433169760078684
2005-08-02,87.65,2005,8,2,86.02142857142857,86.85388574389822,88.41384448095964,0.3998335394738534
2005-08-03,103.41,2005,8,3,86.53,90.99291430792366,89.38133838541386,0.3998335394738453
2005-08-04,96.37,2005,8,4,89.1857142857143,92.33718573094274,89.83221977990328,3.5722658911174023
2005-08-06,102.37,2005,8,6,90.68000000000002,94.84538929820705,90.64110882636115,18.747234758306696
2005-08-07,91.62,2005,8,7,92.88000000000001,94.03904197365529,90.70426309562816,30.08655231677655
2005-08-08,87.9,2005,8,8,93.72857142857143,92.50428148024147,90.52334289591022,43.30085016364041
2005-08-09,80.13,2005,8,9,93.89285714285714,89.4107111101811,89.85280464456117,57.81260007375387
2005-08-11,89.39,2005,8,11,92.77857142857144,89.40553333263583,89.82294628039594,88.16253780813238
2005-08-12,83.36,2005,8,12,93.02714285714285,87.89414999947687,89.40598200424137,102.6742877182459
2005-08-15,84.43,2005,8,15,90.16285714285713,87.02811249960764,89.08495090719354,136.196657804268
2005-08-16,83.61,2005,8,16,88.45714285714287,86.17358437470574,88.73172826801976,142.40287199076894
2005-08-17,83.8,2005,8,17,85.77714285714285,85.58018828102931,88.41355225072817,145.5753043424125
2005-08-18,81.88,2005,8,18,84.66,84.65514121077197,87.9920327506812,145.57530434241252
2005-08-19,82.33,2005,8,19,83.8,84.07385590807898,87.62674031515338,142.40287199076897
2005-08-22,82.82,2005,8,22,84.11428571428571,83.76039193105923,87.3166280367564,115.88858556510975
2005-08-23,84.57,2005,8,23,83.17571428571429,83.96279394829442,87.13942622793341,102.674287718246
2005-08-24,83.42,2005,8,24,83.34857142857142,83.82709546122082,86.89946324548609,88.16253780813244
2005-08-25,81.21,2005,8,25,83.2042857142857,83.17282159591561,86.53240110061601,72.9875689409432
2005-08-26,79.43,2005,8,26,82.86142857142856,82.23711619693671,86.07418167476982,57.81260007375398
2005-08-29,80.3,2005,8,29,82.23714285714286,81.75283714770254,85.70165382478469,18.74723475830673
2005-08-30,80.95,2005,8,30,82.01142857142858,81.5521278607769,85.39509551350825,9.778480077618369
2005-08-31,83.86,2005,8,31,81.8142857142857,82.12909589558268,85.29605709328192,3.5722658911173784
2005-09-02,88.06,2005,9,2,81.96285714285715,83.61182192168701,85.47437599048955,6.310106870568345
2005-09-03,103.14,2005,9,3,82.46142857142857,88.49386644126525,86.61409366852249,13.939385289607053
2005-09-05,101.36,2005,9,5,85.27857142857144,91.71039983094894,87.5654424641017,36.49378447047155
2005-09-06,99.25,2005,9,6,88.15714285714286,93.5952998732117,88.31928488577256,50.433169760078634
2005-09-08,87.43,2005,9,8,90.98857142857143,92.05397490490877,88.26191166733562,80.61684735998183
2005-09-09,80.22,2005,9,9,92.00714285714285,89.09548117868158,87.74307865653978,95.54196812180768
2005-09-11,89.47,2005,9,11,91.90285714285714,89.1891108840112,87.85449293676302,121.82578520305547
2005-09-12,83.91,2005,9,12,92.70428571428572,87.8693331630084,87.60000952148799,132.03575259227924
2005-09-13,77.82,2005,9,13,92.11142857142856,85.35699987225631,86.96904116526296,139.66503101131798
2005-09-14,79.08,2005,9,14,88.49428571428572,83.78774990419222,86.46007076750408,144.38018438391998
2005-09-15,77.99,2005,9,15,85.31142857142856,82.33831242814416,85.91361458895543,145.97513788188635
2005-09-16,76.51,2005,9,16,82.27428571428571,80.88123432110812,85.30692977676476,144.38018438391998
2005-09-19,74.05,2005,9,19,80.71428571428571,79.17342574083109,84.58067624277994,121.8257852030555
2005-09-20,76.63,2005,9,20,79.83285714285714,78.53756930562332,84.06772938840705,109.48135341141486
2005-09-21,76.17,2005,9,21,77.99857142857142,77.9456769792175,83.55819846012272,95.54196812180774
2005-09-22,77.15,2005,9,22,76.89285714285714,77.74675773441312,83.14476630140514,80.61684735998182
2005-09-23,76.59,2005,9,23,76.79714285714286,77.45756830080984,82.72187815292739,65.35829052190458
2005-09-26,74.28,2005,9,26,76.44142857142857,76.66317622560737,82.17724085273854,24.149352678830894
2005-09-27,74.66,2005,9,27,75.91142857142857,76.16238216920553,81.6922575719167,13.939385289607078
2005-09-28,76.9,2005,9,28,75.64714285714285,76.34678662690415,81.38307966405111,6.310106870568386
2005-09-29,77.4,2005,9,29,76.05428571428571,76.61008997017811,81.12610678249943,1.5949534979663733
2005-09-30,77.06,2005,9,30,76.16428571428571,76.72256747763359,80.86377731266076,0.0
2005-10-01,75.37,2005,10,1,76.29142857142857,76.3844256082252,80.50934006668264,18.747234758306696
2005-10-02,88.78,2005,10,2,76.03714285714285,79.4833192061689,81.04293103012247,30.0865523167766
2005-10-03,106.64,2005,10,3,77.77857142857144,86.27248940462667,82.6943548346307,43.30085016364041
2005-10-05,99.9,2005,10,5,82.40142857142858,89.67936705347,83.80439645820292,72.98756894094316
2005-10-06,95.41,2005,10,6,86.00714285714285,91.11202529010251,84.55314507380274,88.16253780813246
2005-10-08,88.65,2005,10,8,88.65142857142858,90.49651896757689,84.81745829484773,115.88858556510976
2005-10-10,80.87,2005,10,10,90.25857142857144,88.08988922568267,84.56278356614787,136.19665780426806
2005-10-11,89.57,2005,10,11,90.80285714285715,88.459916919262,84.88582978768673,142.40287199076894
2005-10-13,83.02,2005,10,13,92.83142857142856,87.09993768944649,84.76545367235211,145.57530434241252
2005-10-14,81.94,2005,10,14,92.00857142857144,85.80995326708486,84.58316633865198,142.40287199076894
2005-10-17,85.13,2005,10,17,88.48,85.63996495031364,84.6184459297067,115.88858556510975
2005-10-18,85.93,2005,10,18,86.37,85.71247371273523,84.70306232133854,102.674287718246
2005-10-19,85.81,2005,10,19,85.01571428571428,85.73685528455142,84.77447765544572,88.16253780813244
2005-10-20,86.05,2005,10,20,84.61,85.81514146341357,84.85676941961052,72.9875689409432
2005-10-21,85.62,2005,10,21,85.35000000000001,85.76635609756018,84.9060101022163,57.81260007375398
2005-10-24,85.02,2005,10,24,84.78571428571429,85.57976707317013,84.91336428917009,18.74723475830673
2005-10-25,86.41,2005,10,25,85.07142857142857,85.78732530487758,85.00992143180429,9.778480077618305
2005-10-26,85.07,2005,10,26,85.71,85.60799397865819,85.01379746846207,3.5722658911173784
2005-10-27,83.88,2005,10,27,85.70142857142856,85.17599548399363,84.94064924469032,0.3998335394738453
2005-10-28,82.69,2005,10,28,85.40857142857143,84.55449661299522,84.79544606761353,0.3998335394738372
2005-10-31,81.58,2005,10,31,84.96285714285713,83.81087245974642,84.58799793421912,18.747234758306686
2005-11-01,75.53,2005,11,1,84.32428571428571,81.74065434480983,84.00361097072111,50.433169760078634
2005-11-02,88.97,2005,11,2,82.88285714285713,83.54799075860737,84.32402316615845,65.35829052190441
2005-11-03,107.36,2005,11,3,83.44714285714285,89.50099306895552,85.81021521995469,80.61684735998183
2005-11-04,92.96,2005,11,4,86.43999999999998,90.36574480171664,86.27149165737697,95.54196812180768
2005-11-05,101.61,2005,11,5,87.56714285714285,93.17680860128749,87.26107284077202,109.48135341141472
2005-11-07,90.7,2005,11,7,90.10000000000001,92.55760645096562,87.48293910910931,132.03575259227924
2005-11-08,90.13,2005,11,8,91.24428571428572,91.95070483822421,87.65371723110226,139.66503101131798
2005-11-10,83.22,2005,11,10,92.46571428571428,89.76802862866816,87.36767095812793,145.97513788188635
2005-11-11,89.79,2005,11,11,93.5642857142857,89.77352147150113,87.52395025115194,144.38018438391998
2005-11-14,86.71,2005,11,14,93.68142857142858,89.00764110362584,87.4714373317228,121.8257852030555
2005-11-15,84.03,2005,11,15,90.73142857142857,87.76323082771938,87.24940911677294,109.48135341141486
2005-11-16,84.21,2005,11,16,89.4557142857143,86.87492312078953,87.0533182060134,95.54196812180774
2005-11-17,84.47,2005,11,17,86.97,86.27369234059216,86.88665251530287,80.61684735998182
2005-11-18,84.39,2005,11,18,86.08,85.80276925544412,86.72557815947688,65.35829052190458
2005-11-21,86.0,2005,11,21,85.26,85.85207694158309,86.67876666531708,24.149352678830894
2005-11-22,86.43,2005,11,22,85.65714285714286,85.99655770618732,86.66271720303857,13.939385289607078
2005-11-23,85.71,2005,11,23,85.17714285714285,85.92491827964048,86.60125157703608,6.310106870568386
2005-11-24,85.72,2005,11,24,85.03428571428572,85.87368870973037,86.54439663658215,1.5949534979663733
2005-11-25,85.68,2005,11,25,85.27571428571427,85.82526653229779,86.48862911164137,0.0
2005-11-28,85.53,2005,11,28,85.48571428571428,85.75144989922333,86.42678207218064,13.939385289607046
2005-11-29,84.92,2005,11,29,85.63714285714286,85.54358742441751,86.32957032558835,24.149352678830844
2005-11-30,83.95,2005,11,30,85.71285714285715,85.14519056831313,86.17604965942137,36.49378447047148
2005-12-01,77.63,2005,12,1,85.41999999999999,83.26639292623484,85.62469161687807,88.16253780813246
2005-12-04,94.15,2005,12,4,84.16285714285713,85.98729469467614,86.17471151256336,127.22790312357962
2005-12-05,100.73,2005,12,5,85.36857142857143,89.6729710210071,87.11376238272057,136.19665780426806
2005-12-07,90.41,2005,12,7,87.51285714285714,89.85722826575531,87.32642287415796,145.5753043424125
2005-12-08,88.75,2005,12,8,88.18857142857144,89.58042119931648,87.41826655969615,145.57530434241252
2005-12-09,78.97,2005,12,9,88.64857142857143,86.92781589948737,86.87321710423188,142.40287199076894
2005-12-10,83.49,2005,12,10,87.79857142857144,86.06836192461553,86.65494503299112,136.19665780426809
2005-12-12,87.2,2005,12,12,87.73285714285714,86.35127144346164,86.69010986957234,115.88858556510975
2005-12-13,86.89,2005,12,13,89.1,86.48595358259622,86.7030060070193,102.674287718246
2005-12-14,84.56,2005,12,14,88.06285714285714,86.00446518694717,86.56474755495354,88.16253780813244
2005-12-15,85.34,2005,12,15,85.75285714285714,85.83834889021037,86.48573158366622,72.9875689409432
2005-12-16,85.57,2005,12,16,85.02857142857144,85.77126166765778,86.4266521266555,57.81260007375398
2005-12-19,88.2,2005,12,19,84.57428571428571,86.37844625074334,86.54106166687127,18.74723475830673
2005-12-20,88.88,2005,12,20,85.89285714285714,87.00383468805751,86.69196091416991,9.778480077618369
2005-12-21,88.26,2005,12,21,86.66285714285713,87.31787601604313,86.79312472615895,3.5722658911174188
2005-12-22,89.22,2005,12,22,86.81428571428572,87.79340701203236,86.94969732447127,0.3998335394738453
2005-12-23,89.4,2005,12,23,87.14714285714287,88.19505525902426,87.10778136805378,0.3998335394738372
2005-12-27,90.76,2005,12,27,87.83857142857143,88.8362914442682,87.34340837656644,30.08655231677659
2005-12-28,92.26,2005,12,28,88.61285714285714,89.69221858320114,87.6606078361428,43.300850163640334
2005-12-29,92.67,2005,12,29,89.56857142857143,90.43666393740087,87.9837944273594,57.81260007375392
2005-12-30,92.17,2005,12,30,90.20714285714287,90.86999795305066,88.25387220623945,72.98756894094315
2006-01-02,101.52,2006,1,2,90.67714285714285,93.53249846478799,89.10975141874013,132.0357525922793
2006-01-03,97.61,2006,1,3,92.57142857142857,94.551873848591,89.65815455301497,139.66503101131798
2006-01-06,87.72,2006,1,6,93.77,92.84390538644325,89.5331123237882,144.38018438391998
2006-01-08,88.77,2006,1,8,93.53,91.82542903983244,89.48387927064059,132.0357525922793
2006-01-09,97.26,2006,1,9,93.24571428571429,93.18407177987433,89.98556447898636,121.82578520305546
2006-01-11,98.71,2006,1,11,93.96000000000001,94.56555383490574,90.5484312867937,95.54196812180774
2006-01-12,106.95,2006,1,12,94.82285714285715,97.6616653761793,91.60659701022638,80.6168473599819
2006-01-13,101.56,2006,1,13,96.9342857142857,98.63624903213447,92.24875204182467,65.35829052190446
2006-01-16,102.66,2006,1,16,96.94000000000001,99.64218677410085,92.92044545848115,24.1493526788309
2006-01-17,104.39,2006,1,17,97.66142857142857,100.82914008057563,93.66041671922432,13.93938528960707
2006-01-18,103.62,2006,1,18,100.04285714285713,101.52685506043173,94.30297047927436,6.310106870568354
2006-01-19,101.68,2006,1,19,102.16428571428571,101.5651412953238,94.77890786770828,1.5949534979663815
2006-01-20,101.89,2006,1,20,102.79571428571428,101.64635597149285,95.2376880052755,0.0
2006-01-23,102.35,2006,1,23,103.25,101.82226697861964,95.69654684364484,13.939385289607094
2006-01-24,104.05,2006,1,24,102.59285714285714,102.37920023396474,96.23547930534518,24.14935267883091
2006-01-25,104.87,2006,1,25,102.94857142857143,103.00190017547355,96.79254515661324,36.49378447047161
2006-01-26,104.37,2006,1,26,103.26428571428572,103.34392513160516,97.2814132110253,50.433169760078634
2006-01-27,105.37,2006,1,27,103.26142857142858,103.85044384870388,97.8032575199914,65.35829052190448
2006-01-30,104.99,2006,1,30,103.51142857142858,104.1353328865279,98.26691832515326,109.48135341141472
2006-01-31,102.33,2006,1,31,103.98428571428573,103.68399966489592,98.52905262675628,121.82578520305547
2006-02-01,92.59,2006,2,1,104.04714285714284,100.91049974867195,98.1458879411591,142.40287199076894
2006-02-02,101.72,2006,2,2,102.65285714285714,101.11287481150396,98.37647581592304,145.5753043424125
2006-02-03,95.7,2006,2,3,102.32000000000001,99.75965610862796,98.20379995683123,145.57530434241252
2006-02-05,95.85,2006,2,5,101.00999999999999,98.78224208147097,98.0519418951002,136.19665780426806
2006-02-06,88.73,2006,2,6,99.79285714285713,96.26918156110324,97.45052628896471,127.22790312357968
2006-02-08,92.33,2006,2,8,97.41571428571429,95.28438617082743,97.1201697541928,102.67428771824594
2006-02-10,95.79,2006,2,10,95.60714285714286,95.41078962812058,97.03435235069651,72.98756894094319
2006-02-11,100.37,2006,2,11,94.67285714285715,96.65059222109043,97.24955542484513,57.81260007375393
2006-02-13,96.25,2006,2,13,95.78428571428572,96.55044416581782,97.18506797808092,30.086552316776622
2006-02-14,94.75,2006,2,14,95.00285714285714,96.10033312436337,97.02796681820473,18.747234758306696
2006-02-15,94.96,2006,2,15,94.86714285714287,95.81524984327253,96.89454960412701,9.77848007761832
2006-02-16,93.57,2006,2,16,94.74000000000001,95.2539373824544,96.680062532893,3.5722658911174108
2006-02-17,95.21,2006,2,17,95.43142857142857,95.24295303684079,96.58521978883539,0.3998335394738534
2006-02-20,95.74,2006,2,20,95.84285714285714,95.3672147776306,96.53068947987826,9.77848007761828
2006-02-21,96.08,2006,2,21,95.83571428571429,95.54541108322294,96.50161273924097,18.747234758306654
2006-02-22,95.92,2006,2,22,95.22285714285714,95.63905831241722,96.46408933670929,30.08655231677655
2006-02-23,96.34,2006,2,23,95.17571428571429,95.81429373431291,96.45608357305063,43.30085016364041
2006-02-24,96.68,2006,2,24,95.40285714285713,96.03072030073469,96.47052979414414,57.81260007375387
2006-02-27,95.58,2006,2,27,95.64857142857143,95.91804022555101,96.41307625903808,102.6742877182459
2006-02-28,96.82,2006,2,28,95.93571428571428,96.14353016916326,96.43932940361627,115.88858556510976
2006-03-01,93.32,2006,3,1,96.16571428571429,95.43764762687245,96.23808234531845,144.38018438391998
2006-03-02,101.96,2006,3,2,95.82000000000001,97.06823572015433,96.60723832303984,139.665031011318
2006-03-03,97.55,2006,3,3,96.66,97.18867679011575,96.66806165703727,132.0357525922793
2006-03-04,93.23,2006,3,4,96.89285714285714,96.19900759258681,96.446251227551,121.82578520305546
2006-03-05,95.32,2006,3,5,96.44857142857143,95.97925569444011,96.3735898580316,109.4813534114148
2006-03-07,91.55,2006,3,7,96.25428571428571,94.87194177083009,96.06239051235214,80.6168473599819
2006-03-08,94.62,2006,3,8,95.67857142857143,94.80895632812258,95.96933305994233,65.35829052190451
2006-03-10,96.13,2006,3,10,95.36428571428571,95.13921724609193,95.97969866897832,36.49378447047164
2006-03-11,101.21,2006,3,11,95.76571428571428,96.65691293456895,96.3171374645281,24.1493526788309
2006-03-13,92.2,2006,3,13,95.65857142857143,95.54268470092671,96.05151569262307,6.310106870568354
2006-03-14,91.65,2006,3,14,94.89428571428572,94.56951352569504,95.7675469382603,1.5949534979663815
2006-03-15,92.95,2006,3,15,94.66857142857144,94.16463514427129,95.58576971643706,0.0
2006-03-16,92.92,2006,3,16,94.33,93.85347635820347,95.41378457344113,1.5949534979663815
2006-03-17,91.16,2006,3,17,94.5257142857143,93.18010726865259,95.13934685902558,6.310106870568345
2006-03-20,90.84,2006,3,20,94.03142857142858,92.59508045148945,94.86196964231425,36.49378447047155
2006-03-21,91.81,2006,3,21,93.2757142857143,92.39881033861708,94.66506837506817,50.433169760078634
2006-03-22,90.56,2006,3,22,91.93285714285715,91.93910775396282,94.40022525409604,65.35829052190441
2006-03-23,90.45,2006,3,23,91.69857142857143,91.5668308154721,94.14537201189631,80.61684735998183
2006-03-24,90.5,2006,3,24,91.52714285714285,91.30012311160408,93.91018672080624,95.54196812180768
2006-03-27,90.55,2006,3,27,91.17714285714285,91.11259233370306,93.69340048075424,132.03575259227924
2006-03-28,90.7,2006,3,28,90.83857142857143,91.0094442502773,93.50027786909268,139.66503101131798
2006-03-29,90.02,2006,3,29,90.77285714285713,90.76208318770797,93.2757438130222,144.38018438391998
2006-03-30,92.07,2006,3,30,90.65571428571427,91.08906239078098,93.19795388960142,145.97513788188635
2006-03-31,92.2,2006,3,31,90.69285714285715,91.36679679308573,93.13356976769167,144.38018438391995
2006-04-01,94.62,2006,4,1,90.92714285714285,92.1800975948143,93.22946849235673,127.2279031235797
2006-04-04,93.02,2006,4,4,91.52285714285715,92.39007319611072,93.21595439607566,88.16253780813246
2006-04-05,94.4,2006,4,5,91.88285714285715,92.89255489708304,93.29234443503853,72.98756894094319
2006-04-07,91.93,2006,4,7,92.43285714285715,92.65191617281228,93.20445124568121,43.30085016364044
2006-04-08,94.76,2006,4,8,92.60857142857142,93.17893712960921,93.30480922983081,30.086552316776622
2006-04-09,97.46,2006,4,9,93.2857142857143,94.2492028472069,93.5728860537127,18.747234758306696
2006-04-10,95.54,2006,4,10,94.05571428571429,94.57190213540518,93.69979663089254,9.77848007761832
2006-04-12,106.44,2006,4,12,94.53285714285714,97.53892660155388,94.52174523535109,0.3998335394738453
2006-04-13,92.05,2006,4,13,96.22142857142856,96.16669495116541,94.36227780081232,0.3998335394738453
2006-04-17,92.41,2006,4,17,96.08285714285714,95.22752121337405,94.23632439430831,30.08655231677655
2006-04-18,94.38,2006,4,18,95.79857142857144,95.01564091003053,94.24559378822391,43.30085016364041
2006-04-19,95.3,2006,4,19,96.14857142857144,95.0867306825229,94.31361999543529,57.81260007375387
2006-04-20,96.87,2006,4,20,96.22571428571428,95.53254801189217,94.47854773766528,72.98756894094316
2006-04-21,96.57,2006,4,21,96.14142857142858,95.79191100891913,94.61348014168688,88.16253780813238
2006-04-24,97.25,2006,4,24,96.28857142857143,96.15643325668935,94.78357819706193,127.22790312357962
2006-04-25,95.26,2006,4,25,94.97571428571429,95.93232494251701,94.81431508757406,136.19665780426806
2006-04-26,95.24,2006,4,26,95.4342857142857,95.75924370688776,94.84177863031123,142.40287199076894
2006-04-27,93.43,2006,4,27,95.83857142857143,95.17693278016581,94.75069613803309,145.5753043424125
2006-04-28,93.72,2006,4,28,95.70285714285714,94.81269958512436,94.68419961299871,145.57530434241252
2006-05-01,98.65,2006,5,1,95.47714285714287,95.77202468884326,94.94005770248266,95.5419681218077
2006-05-04,93.21,2006,5,4,95.73142857142857,95.13151851663244,94.82844107651604,50.433169760078634
2006-05-05,93.13,2006,5,5,95.25142857142858,94.63113888747432,94.71886423286986,36.49378447047158
2006-05-06,87.38,2006,5,6,94.66285714285713,92.81835416560574,94.24538912107181,24.1493526788309
2006-05-07,91.97,2006,5,7,93.53714285714285,92.6062656242043,94.09858982293815,13.93938528960707
2006-05-09,99.59,2006,5,9,93.07000000000001,94.35219921815323,94.45287435049053,1.5949534979663815
2006-05-10,95.21,2006,5,10,93.95,94.56664941361491,94.50172116658793,0.0
2006-05-12,107.27,2006,5,12,94.16285714285713,97.74248706021118,95.32548109132419,6.310106870568345
2006-05-15,88.6,2006,5,15,95.39428571428572,95.4568652951584,94.89157908543231,36.49378447047161
2006-05-16,89.06,2006,5,16,94.73571428571428,93.85764897136879,94.51534817669476,50.433169760078634
2006-05-17,88.46,2006,5,17,94.1542857142857,92.50823672852658,94.12468055239187,65.35829052190448
2006-05-18,88.75,2006,5,18,94.30857142857143,91.56867754639494,93.77792696836659,80.61684735998183
2006-05-19,88.42,2006,5,19,93.84857142857143,90.7815081597962,93.43225426073003,95.54196812180768
2006-05-22,87.4,2006,5,22,92.25285714285714,89.93613111984715,93.04307656648939,132.03575259227924
2006-05-23,88.09,2006,5,23,91.13714285714286,89.47459833988538,92.72352323961911,139.66503101131798
2006-05-24,87.54,2006,5,24,88.39714285714285,88.99094875491404,92.38910238545014,144.38018438391998
2006-05-25,86.89,2006,5,25,88.24571428571429,88.46571156618553,92.03432158638886,145.97513788188635
2006-05-26,86.61,2006,5,26,87.9357142857143,88.00178367463916,91.68436535500894,144.38018438391995
2006-05-29,86.61,2006,5,29,87.67142857142858,87.65383775597937,91.35698694500837,121.8257852030555
2006-05-30,86.97,2006,5,30,87.36571428571428,87.48287831698454,91.07395552920138,109.48135341141474
2006-05-31,87.23,2006,5,31,87.15857142857143,87.41965873773842,90.82595839828517,95.54196812180761
2006-06-01,100.75,2006,6,1,87.13428571428572,90.75224405330381,91.4662191467829,57.81260007375393
2006-06-02,98.91,2006,6,2,88.94285714285715,92.79168303997787,91.94646307279692,43.30085016364044
2006-06-03,96.25,2006,6,3,90.56714285714284,93.6562622799834,92.22411061648744,30.086552316776622
2006-06-04,94.21,2006,6,4,91.9042857142857,93.79469670998755,92.35223251219793,18.747234758306696
2006-06-06,85.74,2006,6,6,92.99,91.78102253249067,91.92563686624968,3.5722658911174108
2006-06-07,91.59,2006,6,7,92.86571428571428,91.733266899368,91.90398287487874,0.3998335394738453
2006-06-09,99.67,2006,6,9,93.5257142857143,93.71745017452601,92.4050162377898,3.5722658911174023
2006-06-10,94.68,2006,6,10,95.30285714285715,93.95808763089451,92.55178938373885,9.77848007761828
2006-06-11,102.81,2006,6,11,94.43571428571428,96.17106572317088,93.21360942349764,18.747234758306696
2006-06-12,107.19,2006,6,12,94.99285714285715,98.92579929237816,94.11531204133652,30.0865523167766
2006-06-13,84.67,2006,6,13,96.5557142857143,95.36184946928363,93.50593707092773,43.30085016364041
2006-06-14,85.05,2006,6,14,95.19285714285715,92.78388710196272,92.96039274377111,57.81260007375387
2006-06-15,85.74,2006,6,15,95.0942857142857,91.02291532647205,92.4945609538504,72.98756894094316
2006-06-16,85.31,2006,6,16,94.25857142857141,89.59468649485403,92.03104089231167,88.16253780813238
2006-06-19,85.25,2006,6,19,92.20714285714287,88.50851487114052,91.59355438313027,127.22790312357962
2006-06-20,85.5,2006,6,20,90.86,87.7563861533554,91.20042184228316,136.196657804268
2006-06-21,84.97,2006,6,21,88.38714285714286,87.05978961501654,90.79845914278103,142.40287199076894
2006-06-22,85.21,2006,6,22,85.21285714285715,86.5973422112624,90.43791339163387,145.5753043424125
2006-06-23,84.88,2006,6,23,85.28999999999999,86.1680066584468,90.0793383341091,145.57530434241252
2006-06-26,85.18,2006,6,26,85.26571428571428,85.9210049938351,89.76325198997303,127.22790312357967
2006-06-27,85.56,2006,6,27,85.18571428571428,85.83075374537633,89.49207444223283,115.88858556510975
2006-06-28,87.28,2006,6,28,85.22142857142856,86.19306530903225,89.34935996208878,102.674287718246
2006-06-29,87.82,2006,6,29,85.51142857142858,86.59979898177419,89.2506915774379,88.16253780813244
2006-06-30,89.32,2006,6,30,85.84285714285714,87.27984923633063,89.25516308857095,72.9875689409432
2006-07-02,98.77,2006,7,2,86.46428571428571,90.15238692724797,89.8690235344696,13.93938528960707
2006-07-03,94.26,2006,7,3,88.40142857142857,91.17929019543598,90.15231233869737,6.310106870568354
2006-07-04,94.01,2006,7,4,89.74142857142859,91.88696764657698,90.40119541362013,1.5949534979663815
2006-07-06,85.21,2006,7,6,91.00285714285714,90.21772573493273,90.06627958048335,1.5949534979663815
2006-07-07,90.11,2006,7,7,90.95285714285716,90.19079430119955,90.06910025271024,6.310106870568345
2006-07-08,96.02,2006,7,8,91.35714285714286,91.64809572589965,90.45302926866442,13.939385289607094
2006-07-09,98.06,2006,7,9,92.52857142857144,93.25107179442473,90.94380157391188,24.14935267883086
2006-07-11,102.75,2006,7,11,93.77714285714285,95.62580384581855,91.70549179494982,50.433169760078634
2006-07-12,106.97,2006,7,12,94.34571428571428,98.4618528843639,92.69029877592081,65.35829052190448
2006-07-13,89.98,2006,7,13,96.16142857142857,96.34138966327293,92.51544079037754,80.61684735998183
2006-07-14,88.46,2006,7,14,95.58571428571429,94.3710422474547,92.25379944906287,95.54196812180768
2006-07-17,86.81,2006,7,17,96.04999999999998,92.48078168559103,91.90258658138139,132.03575259227924
2006-07-18,87.26,2006,7,18,95.57857142857142,91.17558626419327,91.60306486645355,139.66503101131798
2006-07-19,87.33,2006,7,19,94.32714285714285,90.21418969814495,91.32738326216624,144.38018438391998
2006-07-20,86.76,2006,7,20,92.79428571428572,89.35064227360871,91.03271337428454,145.97513788188635
2006-07-21,85.44,2006,7,21,90.51,88.37298170520653,90.67189315658877,144.38018438391998
2006-07-24,84.86,2006,7,24,87.4342857142857,87.4947362789049,90.29693230777659,121.8257852030555
2006-07-25,85.34,2006,7,25,86.70285714285714,86.95605220917867,89.9771302234039,109.48135341141474
2006-07-26,85.9,2006,7,26,86.25714285714287,86.692039156884,89.71408956382948,95.54196812180761
2006-07-27,86.83,2006,7,27,86.12714285714286,86.72652936766299,89.52801926938886,80.61684735998182
2006-07-28,88.47,2006,7,28,86.0657142857143,87.16239702574725,89.45975996168636,65.35829052190458
2006-07-31,89.43,2006,7,31,86.22857142857143,87.72929776931043,89.45783996415821,24.149352678830894
2006-08-02,98.99,2006,8,2,86.61,90.54447332698282,90.07281803098672,0.3998335394738534
2006-08-03,93.92,2006,8,3,88.5457142857143,91.38835499523712,90.32102331931017,0.3998335394738453
2006-08-05,92.59,2006,8,5,89.84,91.68876624642783,90.46740891161274,9.77848007761828
2006-08-06,85.61,2006,8,6,90.87571428571428,90.16907468482088,90.1540276915087,18.747234758306696
2006-08-08,95.85,2006,8,8,90.83428571428571,91.58930601361567,90.5215097759275,43.30085016364041
2006-08-09,96.74,2006,8,9,92.12285714285714,92.87697951021175,90.9227026936096,57.81260007375387
2006-08-11,104.18,2006,8,11,93.30428571428571,95.70273463265882,91.77801219724769,88.16253780813238
2006-08-12,106.99,2006,8,12,95.41142857142857,98.52455097449412,92.75943076516721,102.6742877182459
2006-08-14,92.66,2006,8,14,96.55428571428571,97.0584132308706,92.75301587709191,127.22790312357962
2006-08-15,93.78,2006,8,15,96.37428571428572,96.23880992315296,92.81927291727953,136.196657804268
2006-08-16,96.49,2006,8,16,96.5442857142857,96.30160744236471,93.05609401939053,142.40287199076894
2006-08-17,95.99,2006,8,17,98.09857142857142,96.22370558177354,93.24537827620404,145.5753043424125
2006-08-18,94.82,2006,8,18,98.11857142857141,95.87277918633016,93.34696677451345,145.57530434241252
2006-08-21,98.33,2006,8,21,97.8442857142857,96.48708438974762,93.66845278906098,127.22790312357967
2006-08-22,99.61,2006,8,22,97.00857142857141,97.26781329231072,94.05177841557318,115.88858556510975
2006-08-23,98.78,2006,8,23,95.9542857142857,97.64585996923304,94.35682496940717,102.674287718246
2006-08-24,98.28,2006,8,24,96.82857142857142,97.80439497692478,94.60993303589704,88.16253780813244
2006-08-25,97.68,2006,8,25,97.47142857142858,97.7732962326936,94.80800187229079,72.9875689409432
2006-08-28,96.27,2006,8,28,97.64142857142858,97.39747217452019,94.902324332143,30.08655231677664
2006-08-29,96.38,2006,8,29,97.68142857142857,97.14310413089014,94.9976582461983,18.74723475830673
2006-08-30,96.33,2006,8,30,97.9042857142857,96.9398280981676,95.08361577870164,9.778480077618369
2006-08-31,97.17,2006,8,31,97.61857142857143,96.9973710736257,95.2182212123338,3.5722658911173784
2006-09-01,101.44,2006,9,1,97.27,98.10802830521928,95.61962629540905,1.5949534979663815
2006-09-02,98.6,2006,9,2,97.64999999999999,98.23102122891447,95.8119084698988,6.310106870568345
2006-09-03,94.15,2006,9,3,97.69571428571429,97.21076592168586,95.70468856861501,13.939385289607053
2006-09-05,93.3,2006,9,5,97.19142857142857,96.2330744412644,95.54954737063986,36.49378447047155
2006-09-06,85.68,2006,9,6,96.76714285714286,93.5948058309483,94.91280237898569,50.433169760078634
2006-09-08,96.64,2006,9,8,95.23857142857143,94.35610437321122,95.02423448356726,80.61684735998183
2006-09-10,93.91,2006,9,10,95.28285714285714,94.24457827990841,94.95234838785325,109.48135341141472
2006-09-11,106.74,2006,9,11,94.81714285714285,97.36843370993131,95.71284204024983,121.82578520305547
2006-09-13,96.0,2006,9,13,95.57428571428571,97.02632528244848,95.7313683602337,139.66503101131798
2006-09-14,95.24,2006,9,14,95.20285714285714,96.57974396183636,95.6996671757025,144.38018438391998
2006-09-15,94.33,2006,9,15,95.35857142857142,96.01730797137726,95.61130155146364,145.97513788188635
2006-09-18,93.34,2006,9,18,95.50571428571428,95.34798097853295,95.46476596749824,132.0357525922793
2006-09-19,94.14,2006,9,19,96.6,95.0459857338997,95.37929719540159,121.8257852030555
2006-09-20,92.39,2006,9,20,96.24285714285713,94.38198930042478,95.18643931182731,109.48135341141486
2006-09-21,93.28,2006,9,21,96.0257142857143,94.10649197531859,95.0634432271933,95.54196812180774
2006-09-22,94.05,2006,9,22,94.10285714285715,94.09236898148895,94.99805979318083,80.61684735998182
2006-09-25,95.5,2006,9,25,93.82428571428571,94.4442767361167,95.03044303233045,36.49378447047154
2006-09-26,96.73,2006,9,26,93.86142857142856,95.01570755208753,95.1400918689543,24.149352678830894
2006-09-27,96.99,2006,9,27,94.20428571428572,95.50928066406566,95.25944078063466,13.939385289607078
2006-09-28,97.25,2006,9,28,94.72571428571429,95.94446049804924,95.3878639560776,6.310106870568386
2006-09-29,97.36,2006,9,29,95.17,96.29834537353693,95.51509853955646,1.5949534979663733
2006-10-01,101.4,2006,10,1,95.88,97.5737590301527,95.89476960152057,18.747234758306696
2006-10-02,99.35,2006,10,2,97.03999999999999,98.01781927261453,96.11768769174505,30.0865523167766
2006-10-03,93.48,2006,10,3,97.79714285714286,96.8833644544609,95.94751429227763,43.30085016364041
2006-10-04,94.83,2006,10,4,97.50857142857144,96.37002334084568,95.87541659600167,57.81260007375387
2006-10-05,93.63,2006,10,5,97.23714285714286,95.68501750563425,95.73055100916287,72.98756894094316
2006-10-07,90.26,2006,10,7,96.75714285714285,94.32876312922568,95.37761223437818,102.6742877182459
2006-10-08,96.13,2006,10,8,95.75857142857141,94.77907234691926,95.42615338054733,115.88858556510976
2006-10-10,94.1,2006,10,10,95.58285714285714,94.60930426018945,95.34059509793138,136.19665780426806
2006-10-11,105.24,2006,10,11,94.53999999999999,97.26697819514209,95.97926638193582,142.40287199076894
2006-10-13,94.76,2006,10,13,95.38142857142857,96.64023364635656,95.90060403471415,145.57530434241252
2006-10-16,93.86,2006,10,16,95.5642857142857,95.94517523476742,95.7689521615068,127.22790312357967
2006-10-17,93.97,2006,10,17,95.42571428571429,95.45138142607556,95.65289073173217,115.88858556510975
2006-10-18,94.32,2006,10,18,95.47428571428573,95.16853606955667,95.56689778129784,102.674287718246
2006-10-19,93.74,2006,10,19,96.05428571428571,94.8114020521675,95.44903340831088,88.16253780813244
2006-10-20,93.71,2006,10,20,95.71285714285715,94.53605153912561,95.3368377045489,72.9875689409432
2006-10-23,96.57,2006,10,23,95.65714285714286,95.04453865434421,95.41639656231995,30.08655231677664
2006-10-24,97.85,2006,10,24,94.41857142857143,95.74590399075817,95.57340323571866,18.74723475830673
2006-10-25,97.23,2006,10,25,94.86,96.11692799306863,95.68028044631745,9.778480077618305
2006-10-26,97.87,2006,10,26,95.34142857142857,96.55519599480147,95.8215526755873,3.5722658911173784
2006-10-27,97.82,2006,10,27,95.89857142857143,96.8713969961011,95.95048476103328,0.3998335394738453
2006-10-30,97.91,2006,10,30,96.39857142857143,97.13104774707583,96.07690509903114,9.778480077618337
2006-10-31,98.22,2006,10,31,96.99428571428572,97.40328581030687,96.21516928619043,18.747234758306686
2006-11-01,99.81,2006,11,1,97.63857142857141,98.00496435773015,96.4470938483717,50.433169760078634
2006-11-04,92.67,2006,11,4,98.10142857142857,96.67122326829761,96.20341037428321,95.54196812180768
2006-11-05,91.33,2006,11,5,97.36142857142856,95.33591745122321,95.88899680174882,109.48135341141472
2006-11-07,89.89,2006,11,7,96.51857142857143,93.9744380884174,95.50196475002309,132.03575259227924
2006-11-08,95.28,2006,11,8,95.37857142857142,94.30082856631304,95.48764444356999,139.66503101131798
2006-11-09,95.39,2006,11,9,95.01571428571428,94.57312142473478,95.48134480204935,144.38018438391995
2006-11-10,94.33,2006,11,10,94.65571428571427,94.51234106855108,95.40706449223973,145.97513788188635
2006-11-12,108.24,2006,11,12,94.10000000000001,97.9442558014133,96.23499581532104,139.66503101131798
2006-11-13,104.28,2006,11,13,95.30428571428571,99.52819185105997,96.75402834336485,132.0357525922793
2006-11-14,104.17,2006,11,14,96.96285714285715,100.68864388829498,97.2324781276639,121.8257852030555
2006-11-15,105.26,2006,11,15,98.79714285714284,101.83148291622123,97.75038276458882,109.48135341141486
2006-11-16,105.16,2006,11,16,100.99285714285715,102.66361218716591,98.22842258622825,95.54196812180774
2006-11-17,101.6,2006,11,17,102.40428571428572,102.39770914037445,98.44594370969739,80.61684735998182
2006-11-20,102.36,2006,11,20,103.29142857142858,102.38828185528084,98.69846347036209,36.49378447047165
2006-11-21,102.83,2006,11,21,104.43857142857142,102.49871139146062,98.9650142142097,24.149352678830894
2006-11-22,102.79,2006,11,22,103.66571428571429,102.57153354359546,99.2117874907123,13.939385289607078
2006-11-23,102.47,2006,11,23,103.45285714285716,102.54615015769659,99.42199474937603,6.310106870568386
2006-11-24,102.75,2006,11,24,103.21,102.59711261827243,99.63670476554532,1.5949534979663733
2006-11-27,104.19,2006,11,27,102.85142857142856,102.99533446370432,99.93046574841337,6.310106870568362
2006-11-28,105.82,2006,11,28,102.71285714285715,103.70150084777823,100.31043570012864,13.939385289607046
2006-11-29,105.2,2006,11,29,103.31571428571428,104.07612563583368,100.62589146141066,24.149352678830844
2006-11-30,105.61,2006,11,30,103.72142857142856,104.45959422687525,100.94744685099707,36.49378447047148
2006-12-01,99.78,2006,12,1,104.11857142857143,103.28969567015645,100.87212769931985,88.16253780813246
2006-12-04,92.17,2006,12,4,103.68857142857142,100.50977175261734,100.31070010581536,127.22790312357962
2006-12-05,89.87,2006,12,5,102.21714285714286,97.84982881446301,99.63710655060147,136.19665780426806
2006-12-06,85.1,2006,12,6,100.37714285714286,94.66237161084726,98.69922870862719,142.40287199076894
2006-12-07,89.78,2006,12,7,97.64999999999999,93.44177870813544,98.12379459839319,145.5753043424125
2006-12-09,94.88,2006,12,9,95.35857142857142,93.80133403110159,97.91451752752913,142.40287199076894
2006-12-10,94.23,2006,12,10,93.88428571428571,93.9085005233262,97.67680671930145,136.19665780426809
2006-12-12,108.68,2006,12,12,92.25857142857141,97.60137539249465,98.38669015676588,115.88858556510975
2006-12-13,108.69,2006,12,13,93.53,100.37353154437098,99.05141982407132,102.674287718246
2006-12-14,109.11,2006,12,14,95.89,102.55764865827824,99.70036048058284,88.16253780813244
2006-12-15,106.85,2006,12,15,98.63857142857144,103.63073649370867,100.1616275463517,72.9875689409432
2006-12-18,107.34,2006,12,18,101.74571428571429,104.5580523702815,100.62474834981288,30.08655231677664
2006-12-19,106.45,2006,12,19,104.25428571428573,105.03103927771112,101.00057103692174,18.74723475830673
2006-12-20,108.3,2006,12,20,105.90714285714286,105.84827945828334,101.47150193776551,9.778480077618369
2006-12-21,109.44,2006,12,21,107.91714285714286,106.7462095937125,101.98559858694193,3.5722658911174188
2006-12-22,108.59,2006,12,22,108.02571428571427,107.2071571952844,102.41168900068762,0.3998335394738453
2006-12-27,109.97,2006,12,27,108.01142857142858,107.89786789646331,102.8993219683852,30.08655231677659
2006-12-28,109.97,2006,12,28,108.13428571428572,108.41590092234748,103.35549474461841,43.300850163640334
2006-12-29,108.76,2006,12,29,108.58,108.5019256917606,103.70417250303014,57.81260007375392
2007-01-02,105.97,2007,1,2,108.78285714285714,107.86894426882046,103.8503549221895,132.0357525922793
2007-01-03,102.88,2007,1,3,108.71428571428571,106.62170820161535,103.78775137882243,139.66503101131798
2007-01-06,105.07,2007,1,6,107.93999999999998,106.23378115121152,103.87047709631777,144.38018438391998
2007-01-08,106.37,2007,1,8,107.3157142857143,106.26783586340864,104.03173663849083,132.0357525922793
2007-01-10,118.27,2007,1,10,106.99857142857142,109.26837689755646,104.95033427471722,109.4813534114148
2007-01-11,114.83,2007,1,11,108.1842857142857,110.65878267316735,105.58773206344515,95.54196812180774
2007-01-15,105.79,2007,1,15,108.87857142857145,109.44158700487552,105.60078160773901,36.49378447047158
2007-01-16,106.5,2007,1,16,108.45428571428572,108.70619025365664,105.65879569756231,24.1493526788309
2007-01-17,106.79,2007,1,17,108.53,108.22714269024249,105.73177662030024,13.93938528960707
2007-01-18,106.19,2007,1,18,109.08857142857143,107.71785701768187,105.76133941899054,6.310106870568354
2007-01-19,106.02,2007,1,19,109.24857142857142,107.2933927632614,105.77802719841051,1.5949534979663815
2007-01-22,105.46,2007,1,22,109.19857142857143,106.83504457244604,105.75750931464209,6.310106870568345
2007-01-23,103.92,2007,1,23,107.36857142857141,106.10628342933454,105.63896032660067,13.939385289607094
2007-01-24,104.19,2007,1,24,105.81000000000002,105.6272125720009,105.54547901520708,24.14935267883091
2007-01-25,104.57,2007,1,25,105.58142857142856,105.36290942900068,105.48254488519373,36.49378447047161
2007-01-26,104.28,2007,1,26,105.30571428571429,105.0921820717505,105.4049613442135,50.433169760078634
2007-01-29,104.57,2007,1,29,104.94714285714285,104.96163655381288,105.35109287039329,95.54196812180768
2007-01-30,104.51,2007,1,30,104.71571428571428,104.84872741535966,105.29682881423889,109.48135341141472
2007-01-31,105.64,2007,1,31,104.5,105.04654556151974,105.31896889073961,121.82578520305547
2007-02-01,109.09,2007,2,1,104.52571428571427,106.0574091711398,105.56226122036931,142.40287199076894
2007-02-02,105.83,2007,2,2,105.26428571428572,106.00055687835484,105.57953469002291,145.5753043424125
2007-02-03,102.03,2007,2,3,105.49857142857142,105.00791765876613,105.35053245195692,145.57530434241252
2007-02-04,98.9,2007,2,4,105.13571428571429,103.4809382440746,104.93436906795971,142.40287199076894
2007-02-05,96.7,2007,2,5,104.36714285714287,101.78570368305594,104.40311945067198,136.19665780426806
2007-02-07,106.52,2007,2,7,103.24285714285713,102.96927776229195,104.53969238933831,115.88858556510975
2007-02-08,108.02,2007,2,8,103.53,104.23195832171896,104.76422836421972,102.67428771824594
2007-02-10,117.69,2007,2,10,103.87,107.59646874128923,105.59814911491523,72.98756894094319
2007-02-11,112.31,2007,2,11,105.09857142857142,108.77485155596692,106.03117175266264,57.81260007375393
2007-02-13,102.72,2007,2,13,106.02428571428572,107.2611386669752,105.8175477686199,30.086552316776622
2007-02-14,102.88,2007,2,14,106.12285714285714,106.1658540002314,105.6280285577412,18.747234758306696
2007-02-15,103.74,2007,2,15,106.69142857142856,105.55939050017355,105.50622026369338,9.77848007761832
2007-02-16,102.96,2007,2,16,107.69714285714285,104.90954287513016,105.3419479886164,3.5722658911174108
2007-02-19,102.07,2007,2,19,107.18857142857142,104.19965715634761,105.13085456999599,3.5722658911174023
2007-02-20,101.99,2007,2,20,106.33857142857141,103.64724286726072,104.92821879128657,9.77848007761828
2007-02-21,102.73,2007,2,21,104.09571428571428,103.41793215044554,104.78639822410679,18.747234758306654
2007-02-22,105.39,2007,2,22,102.72714285714285,103.91094911283415,104.82534027416442,30.08655231677655
2007-02-23,106.17,2007,2,23,103.10857142857142,104.47571183462561,104.9120925145409,43.30085016364041
2007-02-26,105.43,2007,2,26,103.57857142857144,104.71428387596922,104.94550590069956,88.16253780813246
2007-02-27,104.79,2007,2,27,103.82000000000001,104.73321290697692,104.93547326194476,102.6742877182459
2007-02-28,104.64,2007,2,28,104.08142857142856,104.70990968023268,104.91641047085156,115.88858556510976
2007-03-01,107.51,2007,3,1,104.44857142857144,105.40993226017451,105.08373882757083,144.38018438391998
2007-03-04,99.94,2007,3,4,105.23714285714287,104.04244919513089,104.75188470966305,121.82578520305546
2007-03-05,96.65,2007,3,5,104.83857142857143,102.19433689634818,104.22918247032995,109.4813534114148
2007-03-07,105.7,2007,3,7,103.59000000000002,103.07075267226112,104.32407392385704,80.6168473599819
2007-03-08,109.41,2007,3,8,103.52285714285713,104.65556450419584,104.65219818683401,65.35829052190451
2007-03-09,106.77,2007,3,9,104.09142857142857,105.18417337814688,104.78883056187699,50.433169760078634
2007-03-10,118.83,2007,3,10,104.3742857142857,108.59563003361016,105.69471246111074,36.49378447047164
2007-03-12,115.28,2007,3,12,106.40142857142857,110.26672252520763,106.31311810878103,13.93938528960707
2007-03-13,99.26,2007,3,13,107.51142857142857,107.51504189390572,105.85807823079516,6.310106870568354
2007-03-14,97.95,2007,3,14,107.41428571428573,105.12378142042928,105.34787963525999,1.5949534979663815
2007-03-15,98.55,2007,3,15,107.6,103.48033606532196,104.9093067555658,0.0
2007-03-16,98.47,2007,3,16,106.57857142857142,102.22775204899148,104.49386761004543,1.5949534979663815
2007-03-19,98.91,2007,3,19,105.01571428571428,101.39831403674361,104.1336180868167,24.14935267883086
2007-03-20,98.47,2007,3,20,103.89285714285714,100.66623552755772,103.76822337153821,36.49378447047155
2007-03-21,101.07,2007,3,21,100.98428571428572,100.76717664566829,103.5941444443422,50.433169760078634
2007-03-22,100.14,2007,3,22,98.95428571428572,100.6103824842512,103.37129641567498,65.35829052190441
2007-03-23,101.61,2007,3,23,99.08000000000001,100.8602868631884,103.25766438885725,80.61684735998183
2007-03-26,102.4,2007,3,26,99.60285714285715,101.24521514739129,103.20233120247937,121.82578520305547
2007-03-27,101.74,2007,3,27,100.15285714285714,101.36891136054348,103.10798725393232,132.03575259227924
2007-03-28,101.43,2007,3,28,100.62,101.3841835204076,102.99973001174315,139.66503101131798
2007-03-29,100.43,2007,3,29,100.98,101.14563764030571,102.83394097872748,144.38018438391998
2007-03-30,98.93,2007,3,30,101.26,100.59172823022928,102.58207381880959,145.97513788188635
2007-04-01,108.47,2007,4,1,100.9542857142857,102.56129617267197,102.96194002404769,127.2279031235797
2007-04-04,100.08,2007,4,4,102.14428571428572,101.94097212950398,102.776008409593,88.16253780813246
2007-04-05,97.83,2007,4,5,101.92571428571429,100.91322909712798,102.45691109284508,72.98756894094319
2007-04-06,106.4,2007,4,6,101.27285714285713,102.28492182284597,102.71130392556475,57.81260007375393
2007-04-07,106.1,2007,4,7,101.93857142857144,103.23869136713449,102.92992947875412,43.30085016364044
2007-04-09,108.41,2007,4,9,102.60571428571428,104.53151852535086,103.2834824156087,18.747234758306696
2007-04-10,118.11,2007,4,10,103.74571428571429,107.92613889401315,104.24003193718235,9.77848007761832
2007-04-12,115.43,2007,4,12,106.4857142857143,109.80210417050986,104.96196536058996,0.3998335394738453
2007-04-13,102.0,2007,4,13,107.48,107.85157812788239,104.77087082119706,0.3998335394738453
2007-04-16,99.8,2007,4,16,107.75428571428571,105.8386835959118,104.45016947789404,18.747234758306696
2007-04-17,99.87,2007,4,17,108.03571428571429,104.34651269693386,104.15467467286861,30.08655231677655
2007-04-18,100.25,2007,4,18,107.10285714285713,103.32238452270039,103.90276017784484,43.30085016364041
2007-04-19,100.1,2007,4,19,106.26714285714286,102.51678839202529,103.65742081153228,57.81260007375387
2007-04-20,99.42,2007,4,20,105.08,101.74259129401896,103.3840388236915,72.98756894094316
2007-04-23,99.39,2007,4,23,102.41000000000001,101.15444347051422,103.12635889958237,115.88858556510976
2007-04-24,97.51,2007,4,24,100.11857142857143,100.24333260288566,102.76401316412546,127.22790312357962
2007-04-25,96.91,2007,4,25,99.47714285714287,99.40999945216424,102.3863348954722,136.19665780426806
2007-04-26,96.61,2007,4,26,99.06428571428572,98.70999958912319,102.01366812802239,142.40287199076894
2007-04-27,97.16,2007,4,27,98.59857142857143,98.32249969184238,101.70052824879514,145.5753043424125
2007-04-30,97.55,2007,4,30,98.15714285714286,98.12937476888179,101.43275223274385,136.19665780426809
2007-05-01,107.11,2007,5,1,97.79285714285713,100.37453107666134,101.79902628224426,95.5419681218077
2007-05-02,104.88,2007,5,2,98.89142857142856,101.500898307496,101.99779878016399,80.6168473599819
2007-05-03,99.35,2007,5,3,99.67571428571428,100.963173730622,101.82697305241147,65.35829052190446
2007-05-04,100.18,2007,5,4,99.93857142857142,100.76738029796651,101.72071672644945,50.433169760078634
2007-05-06,107.03,2007,5,6,100.4057142857143,102.3330352234749,102.06325113119466,24.1493526788309
2007-05-07,105.86,2007,5,7,101.89428571428572,103.21477641760617,102.30820267111758,13.93938528960707
2007-05-09,107.09,2007,5,9,103.13714285714286,104.18358231320462,102.61670572459387,1.5949534979663815
2007-05-10,118.57,2007,5,10,104.5,107.78018673490347,103.64595051655557,0.0
2007-05-11,113.53,2007,5,11,106.13714285714286,109.2176400511776,104.28363112839071,1.5949534979663815
2007-05-12,116.06,2007,5,12,107.37285714285714,110.9282300383832,105.04339686204293,6.310106870568345
2007-05-14,99.28,2007,5,14,109.76,108.0161725287874,104.67156480642726,24.14935267883086
2007-05-15,99.32,2007,5,15,109.63142857142857,105.84212939659055,104.3263025608513,36.49378447047161
2007-05-16,100.53,2007,5,16,108.53,104.5140970474429,104.08137981498993,50.433169760078634
2007-05-18,102.44,2007,5,18,107.76857142857143,103.99557278558218,103.9754843430551,80.61684735998183
2007-05-21,102.5,2007,5,21,107.1042857142857,103.62167958918664,103.88029180479349,121.82578520305547
2007-05-22,101.95,2007,5,22,104.80857142857143,103.20375969188997,103.75575684964552,132.03575259227924
2007-05-23,102.01,2007,5,23,103.15428571428572,102.90531976891748,103.64312737547485,139.66503101131798
2007-05-24,102.97,2007,5,24,101.14714285714285,102.92148982668812,103.59969980286357,144.38018438391998
2007-05-25,103.08,2007,5,25,101.67428571428572,102.96111737001608,103.566170783324,145.97513788188635
2007-05-29,101.88,2007,5,29,102.21142857142857,102.69083802751206,103.45738557149666,121.8257852030555
2007-05-30,101.74,2007,5,30,102.4042857142857,102.45312852063404,103.34658650236784,109.48135341141474
2007-05-31,101.88,2007,5,31,102.30428571428571,102.30984639047553,103.25196801834412,95.54196812180761
2007-06-02,104.51,2007,6,2,102.21571428571428,102.85988479285665,103.33313137199934,43.30085016364044
2007-06-03,99.86,2007,6,3,102.58142857142856,102.10991359464249,103.10905838025745,30.086552316776622
2007-06-06,107.11,2007,6,6,102.27428571428571,103.35993519598188,103.3671836460473,3.5722658911174108
2007-06-07,105.18,2007,6,7,102.86571428571428,103.81495139698642,103.4841395398507,0.3998335394738453
2007-06-08,109.59,2007,6,8,103.1657142857143,105.2587135477398,103.87806602115066,0.3998335394738453
2007-06-09,107.47,2007,6,9,104.26714285714286,105.81153516080485,104.10980369720546,3.5722658911174023
2007-06-11,114.46,2007,6,11,105.08571428571429,107.97365137060363,104.77755829738577,18.747234758306696
2007-06-12,114.75,2007,6,12,106.88285714285715,109.66773852795272,105.42094163303831,30.0865523167766
2007-06-13,106.9,2007,6,13,108.3457142857143,108.97580389596453,105.51636475348745,43.30085016364041
2007-06-14,107.27,2007,6,14,109.35142857142857,108.5493529219734,105.62950251132698,57.81260007375387
2007-06-15,107.45,2007,6,15,109.37428571428572,108.27451469148004,105.74695396220912,72.98756894094316
2007-06-18,107.77,2007,6,18,109.69857142857143,108.14838601861003,105.87747306142144,115.88858556510976
2007-06-19,107.03,2007,6,19,109.43857142857144,107.86878951395752,105.95182963810393,127.22790312357962
2007-06-20,108.7,2007,6,20,109.37571428571428,108.07659213546815,106.12913095177466,136.196657804268
2007-06-21,109.03,2007,6,21,108.55285714285715,108.3149441016011,106.31628379359564,142.40287199076894
2007-06-22,108.02,2007,6,22,107.73571428571428,108.24120807620082,106.42620096820238,145.5753043424125
2007-06-25,106.21,2007,6,25,107.89571428571428,107.73340605715062,106.41225251864094,136.19665780426803
2007-06-26,106.24,2007,6,26,107.74428571428572,107.36005454286297,106.40113945292218,127.22790312357967
2007-06-27,105.93,2007,6,27,107.57142857142857,107.00254090714724,106.37074335918527,115.88858556510975
2007-06-28,106.09,2007,6,28,107.30857142857143,106.77440568036042,106.35263088439913,102.674287718246
2007-06-29,106.41,2007,6,29,107.17428571428572,106.68330426027032,106.35633211766371,88.16253780813244
2007-07-02,104.59,2007,7,2,106.84714285714286,106.15997819520274,106.2423752068467,13.93938528960707
2007-07-03,99.4,2007,7,3,106.21285714285715,104.46998364640206,105.80093164511466,6.310106870568354
2007-07-05,97.45,2007,7,5,104.98142857142857,102.71498773480154,105.26216186155888,0.0
2007-07-06,108.05,2007,7,6,103.73,104.04874080110116,105.4420223866196,1.5949534979663815
2007-07-08,109.25,2007,7,8,103.98857142857142,105.34905560082586,105.6876983616764,13.939385289607094
2007-07-09,108.01,2007,7,9,104.46285714285715,106.0142917006194,105.83752427382632,24.14935267883086
2007-07-11,114.32,2007,7,11,104.73714285714286,108.09071877546454,106.38478077228915,50.433169760078634
2007-07-12,115.69,2007,7,12,105.86714285714287,109.9905390815984,106.9851174966576,65.35829052190448
2007-07-13,104.59,2007,7,13,107.45285714285714,108.64040431119881,106.83059378719582,80.61684735998183
2007-07-16,105.34,2007,7,16,108.19428571428571,107.8153032333991,106.73442644608642,121.82578520305547
2007-07-17,105.5,2007,7,17,109.32142857142857,107.23647742504933,106.65478603020989,132.03575259227924
2007-07-18,106.67,2007,7,18,108.95714285714287,107.094858068787,106.65576757664796,139.66503101131798
2007-07-19,107.58,2007,7,19,108.58857142857143,107.21614355159025,106.71539547492874,144.38018438391998
2007-07-20,107.6,2007,7,20,108.52714285714286,107.3121076636927,106.77246673461076,145.97513788188635
2007-07-23,106.49,2007,7,23,107.56714285714285,107.10658074776953,106.75424307431331,132.0357525922793
2007-07-24,107.2,2007,7,24,106.25285714285714,107.12993556082715,106.78300158564794,121.8257852030555
2007-07-25,107.68,2007,7,25,106.62571428571428,107.26745167062036,106.84087245109002,109.48135341141474
2007-07-26,106.03,2007,7,26,106.96000000000001,106.95808875296527,106.7885580994068,95.54196812180761
2007-07-27,105.86,2007,7,27,107.03571428571429,106.68356656472395,106.72865112525153,80.61684735998182
2007-07-30,106.35,2007,7,30,106.92,106.60017492354297,106.7042220203966,36.49378447047154
2007-07-31,107.29,2007,7,31,106.74428571428571,106.77263119265723,106.74201414811296,24.149352678830894
2007-08-01,106.18,2007,8,1,106.7,106.62447339449292,106.70575517081535,3.5722658911174108
2007-08-02,104.59,2007,8,2,106.6557142857143,106.1158550458697,106.56925483721437,0.3998335394738534
2007-08-03,99.78,2007,8,3,106.28285714285714,104.53189128440226,106.13123839610377,0.3998335394738453
2007-08-05,97.7,2007,8,5,105.1542857142857,102.8239184633017,105.58728753183901,9.77848007761828
2007-08-06,106.49,2007,8,6,103.96428571428571,103.74043884747627,105.64552704591392,18.747234758306696
2007-08-08,109.7,2007,8,8,104.05428571428571,105.23032913560719,105.90710594617755,43.30085016364041
2007-08-10,120.1,2007,8,10,104.53285714285714,108.9477468517054,106.82277653029513,72.98756894094316
2007-08-11,114.52,2007,8,11,106.36285714285714,110.34081013877905,107.31937159285674,88.16253780813238
2007-08-13,111.58,2007,8,13,107.55428571428571,110.65060760408429,107.59425084493051,115.88858556510976
2007-08-14,110.95,2007,8,14,108.55285714285715,110.72545570306322,107.81075079041887,127.22790312357962
2007-08-15,109.96,2007,8,15,110.14857142857143,110.5340917772974,107.94941202974668,136.196657804268
2007-08-16,105.16,2007,8,16,111.89999999999999,109.19056883297304,107.76944996331142,142.40287199076894
2007-08-17,106.26,2007,8,17,111.71,108.45792662472978,107.67206609471069,145.5753043424125
2007-08-20,106.54,2007,8,20,111.21857142857142,107.97844496854734,107.5990295724713,136.19665780426809
2007-08-21,106.65,2007,8,21,109.28142857142858,107.64633372641049,107.53780185811831,127.22790312357967
2007-08-22,106.91,2007,8,22,108.15714285714286,107.46225029480786,107.49729851243326,115.88858556510975
2007-08-23,107.64,2007,8,23,107.49,107.50668772110589,107.50650506001821,102.674287718246
2007-08-24,107.4,2007,8,24,107.01714285714287,107.48001579082941,107.49963376582349,88.16253780813244
2007-08-27,106.76,2007,8,27,106.65142857142858,107.30001184312206,107.45191545835101,43.3008501636404
2007-08-28,106.7,2007,8,28,106.88000000000001,107.15000888234154,107.4034047836187,30.08655231677664
2007-08-29,106.28,2007,8,29,106.94285714285716,106.93250666175615,107.3309270556433,18.74723475830673
2007-08-30,106.05,2007,8,30,106.9057142857143,106.71187999631711,107.24828660044051,9.778480077618369
2007-08-31,105.95,2007,8,31,106.82000000000001,106.52140999723782,107.16452617460564,3.5722658911173784
2007-09-01,104.58,2007,9,1,106.68285714285716,106.03605749792837,106.99778255043755,1.5949534979663815
2007-09-02,104.04,2007,9,2,106.24571428571429,105.53704312344628,106.80695786976418,6.310106870568345
2007-09-03,99.68,2007,9,3,105.76571428571428,104.07278234258472,106.34715413623101,13.939385289607053
2007-09-04,99.45,2007,9,4,104.75428571428571,102.91708675693853,105.90217645002257,24.14935267883086
2007-09-05,98.42,2007,9,5,103.71857142857142,101.7928150677039,105.41945538873078,36.49378447047155
2007-09-07,104.85,2007,9,7,102.59571428571428,102.55711130077793,105.38271633139333,65.35829052190448
2007-09-08,110.23,2007,9,8,102.42428571428572,104.47533347558345,105.69544431001312,80.61684735998183
2007-09-10,117.99,2007,9,10,103.03571428571429,107.8540001066876,106.4886414513026,109.48135341141472
2007-09-11,114.54,2007,9,11,104.95142857142858,109.5255000800157,107.00808393831534,121.82578520305547
2007-09-13,110.28,2007,9,13,106.45142857142856,109.71412506001178,107.2191752971337,139.66503101131798
2007-09-14,111.26,2007,9,14,107.96571428571428,110.10059379500883,107.47987366506057,144.38018438391998
2007-09-17,116.42,2007,9,17,109.65285714285713,111.68044534625663,108.05665600925022,139.66503101131798
2007-09-18,117.72,2007,9,18,112.22428571428573,113.19033400969246,108.68009755704053,132.0357525922793
2007-09-19,118.14,2007,9,19,114.06285714285715,114.42775050726934,109.29041384368308,121.8257852030555
2007-09-20,118.46,2007,9,20,115.19285714285715,115.43581288045199,109.88200004731644,109.48135341141486
2007-09-21,117.15,2007,9,21,115.25999999999999,115.864359660339,110.35090327007023,95.54196812180774
2007-09-24,117.76,2007,9,24,115.63285714285715,116.33826974525425,110.82890951071087,50.433169760078684
2007-09-25,118.3,2007,9,25,116.70142857142858,116.82870230894069,111.31091534872952,36.49378447047154
2007-09-26,115.56,2007,9,26,117.70714285714287,116.51152673170552,111.58504984235988,24.149352678830894
2007-09-27,116.2,2007,9,27,117.58428571428571,116.43364504877913,111.88278856220764,13.939385289607078
2007-09-28,115.9,2007,9,28,117.36714285714285,116.30023378658436,112.14196349367812,6.310106870568386
2007-10-01,104.92,2007,10,1,117.04714285714284,113.45517533993826,111.67603036505373,18.747234758306696
2007-10-04,99.69,2007,10,4,115.11285714285715,110.0138815049537,110.90273808343737,57.81260007375387
2007-10-05,98.82,2007,10,5,112.61857142857141,107.21541112871527,110.12320659418336,72.98756894094316
2007-10-07,105.92,2007,10,7,109.91285714285713,106.89155834653646,109.85203197520379,102.6742877182459
2007-10-08,110.12,2007,10,8,108.14428571428572,107.69866875990235,109.86932023486807,115.88858556510976
2007-10-09,110.86,2007,10,9,107.36714285714285,108.48900156992676,109.93323505842498,127.22790312357962
2007-10-10,117.95,2007,10,10,106.60428571428572,110.85425117744506,110.45044569981692,136.19665780426806
2007-10-12,118.15,2007,10,12,106.89714285714285,112.6781883830838,110.94719113853843,145.5753043424125
2007-10-15,115.99,2007,10,15,108.78714285714285,113.50614128731286,111.27253364572951,136.19665780426803
2007-10-16,114.54,2007,10,16,111.11571428571429,113.76460596548465,111.4833379266502,127.22790312357967
2007-10-17,115.77,2007,10,17,113.36142857142856,114.26595447411349,111.75989677009213,115.88858556510975
2007-10-18,113.53,2007,10,18,114.76857142857143,114.08196585558511,111.87409697847329,102.674287718246
2007-10-19,113.57,2007,10,19,115.25571428571429,113.95397439168883,111.9835100766363,88.16253780813244
2007-10-22,113.05,2007,10,22,115.64285714285714,113.72798079376663,112.05231587814365,43.3008501636404
2007-10-23,112.85,2007,10,23,114.94285714285714,113.50848559532497,112.10377936987632,30.08655231677664
2007-10-24,112.99,2007,10,24,114.18571428571428,113.37886419649374,112.16095489440045,18.74723475830673
2007-10-25,110.79,2007,10,25,113.75714285714285,112.73164814737031,112.07250619153592,9.778480077618305
2007-10-26,111.09,2007,10,26,113.22142857142856,112.32123611052774,112.0091186953078,3.5722658911173784
2007-10-29,112.3,2007,10,29,112.55285714285715,112.31592708289581,112.02788523109442,3.5722658911173943
2007-10-30,112.61,2007,10,30,112.37714285714286,112.38944531217186,112.06544102263672,9.778480077618337
2007-10-31,112.51,2007,10,31,112.24000000000001,112.41958398412889,112.09412224698275,18.747234758306686
2007-11-01,106.07,2007,11,1,112.16285714285716,110.83218798809666,111.70546919879033,50.433169760078634
2007-11-04,99.37,2007,11,4,111.19428571428571,107.9666409910725,110.90963247628773,95.54196812180768
2007-11-05,98.55,2007,11,5,109.24857142857142,105.61248074330437,110.11223683265627,109.48135341141472
2007-11-06,107.93,2007,11,6,107.5,106.19186055747828,109.97144735958167,121.82578520305547
2007-11-07,106.46,2007,11,7,107.04857142857144,106.25889541810871,109.74490236864094,132.03575259227924
2007-11-09,110.96,2007,11,9,106.21428571428571,107.43417156358153,109.82329576421249,144.38018438391995
2007-11-10,120.55,2007,11,10,105.97857142857143,110.71312867268615,110.51534119877944,145.97513788188635
2007-11-12,118.78,2007,11,12,107.12714285714286,112.72984650451463,111.04854499240658,139.66503101131798
2007-11-13,114.86,2007,11,13,108.94285714285715,113.26238487838597,111.29444531547712,132.0357525922793
2007-11-14,115.37,2007,11,14,111.1557142857143,113.78928865878947,111.55738432738183,121.8257852030555
2007-11-15,115.61,2007,11,15,113.55857142857143,114.24446649409211,111.8188434030346,109.48135341141486
2007-11-16,115.91,2007,11,16,114.6557142857143,114.66084987056908,112.08278898993561,95.54196812180774
2007-11-19,113.69,2007,11,19,116.00571428571428,114.4181374029268,112.18648002284299,50.4331697600788
2007-11-20,113.88,2007,11,20,116.39571428571428,114.2836030521951,112.29573937620796,36.49378447047165
2007-11-21,113.7,2007,11,21,115.44285714285714,114.13770228914633,112.38633683580744,24.149352678830894
2007-11-22,113.72,2007,11,22,114.71714285714286,114.03327671685975,112.47237962059407,13.939385289607078
2007-11-23,114.63,2007,11,23,114.55428571428571,114.18245753764481,112.61158093539446,6.310106870568386
2007-11-26,113.6,2007,11,26,114.44857142857143,114.0368431532336,112.6753499073045,1.5949534979663653
2007-11-27,113.28,2007,11,27,114.16142857142856,113.8476323649252,112.71435959070422,6.310106870568362
2007-11-28,115.36,2007,11,28,113.78571428571429,114.22572427369391,112.8850460687233,13.939385289607046
2007-11-29,115.53,2007,11,29,114.02428571428572,114.55179320527043,113.05568825783793,24.149352678830844
2007-11-30,115.84,2007,11,30,114.26,114.87384490395283,113.2353212734613,36.49378447047148
2007-12-01,105.4,2007,12,1,114.5657142857143,112.50538367796463,112.72981667517347,88.16253780813246
2007-12-02,103.67,2007,12,2,113.37714285714286,110.29653775847348,112.14531237354937,102.6742877182459
2007-12-03,99.58,2007,12,3,111.81142857142856,107.6174033188551,111.33464705912684,115.88858556510976
2007-12-04,101.77,2007,12,4,109.80857142857143,106.15555248914131,110.7175730553122,127.22790312357962
2007-12-06,106.51,2007,12,6,108.16428571428571,106.24416436685598,110.44611672916304,142.40287199076894
2007-12-07,105.56,2007,12,7,106.89999999999999,106.07312327514198,110.1308833917977,145.5753043424125
2007-12-09,111.19,2007,12,9,105.47571428571429,107.35234245635648,110.19921349555268,142.40287199076894
2007-12-10,121.69,2007,12,10,104.81142857142856,110.93675684226736,110.94055456035574,136.19665780426809
2007-12-11,113.95,2007,12,11,107.13857142857144,111.69006763170051,111.13471233065536,127.22790312357967
2007-12-12,119.88,2007,12,12,108.60714285714286,113.73755072377539,111.69892443835502,115.88858556510975
2007-12-13,119.56,2007,12,13,111.50714285714285,115.19316304283154,112.20609060362246,102.674287718246
2007-12-14,118.97,2007,12,14,114.04857142857144,116.13737228212366,112.64247185500166,88.16253780813244
2007-12-17,119.92,2007,12,17,115.82857142857142,117.08302921159274,113.11198979984026,43.3008501636404
2007-12-18,120.28,2007,12,18,117.88,117.88227190869455,113.57444207081832,30.08655231677664
2007-12-19,120.2,2007,12,19,119.17857142857143,118.46170393152092,114.0018974210881,18.74723475830673
2007-12-20,119.59,2007,12,20,118.96571428571428,118.74377794864068,114.36242016811468,9.778480077618369
2007-12-21,119.79,2007,12,21,119.77142857142859,119.00533346148052,114.7125866088815,3.5722658911174188
2007-12-27,118.21,2007,12,27,119.75857142857144,118.80650009611038,114.93822618250205,30.08655231677659
2008-01-02,127.25,2008,1,2,119.5657142857143,120.91737507208279,115.73253417072772,132.0357525922793
2008-01-04,122.97,2008,1,4,120.74857142857142,121.4305313040621,116.19946745003561,144.38018438391998
2008-01-07,142.99,2008,1,7,121.1842857142857,126.82039847804657,117.92788890487202,139.665031011318
2008-01-08,132.72,2008,1,8,124.42857142857143,128.29529885853492,118.8822186529448,132.0357525922793
2008-01-09,133.35,2008,1,9,126.21714285714286,129.5589741439012,119.81562390114192,121.82578520305546
2008-01-10,120.15,2008,1,10,128.18285714285716,127.20673060792589,119.83719655268115,109.4813534114148
2008-01-12,106.09,2008,1,12,128.2342857142857,121.92754795594442,118.95028064605657,80.6168473599819
2008-01-14,123.75,2008,1,14,126.50285714285715,122.38316096695831,119.25993995921422,50.433169760078634
2008-01-15,124.09,2008,1,15,126.00285714285714,122.80987072521873,119.57155673603911,36.49378447047158
2008-01-16,122.74,2008,1,16,126.16285714285716,122.79240304391405,119.77597243048821,24.1493526788309
2008-01-17,122.33,2008,1,17,123.27,122.67680228293553,119.94074840271479,13.93938528960707
2008-01-18,121.46,2008,1,18,121.78571428571429,122.37260171220164,120.0387646347977,6.310106870568354
2008-01-21,121.19,2008,1,21,120.08714285714287,122.07695128415124,120.11303788416559,1.5949534979663815
2008-01-22,122.46,2008,1,22,120.23571428571428,122.17271346311342,120.2644547948646,6.310106870568345
2008-01-23,121.78,2008,1,23,122.57428571428571,122.07453509733506,120.36223190487335,13.939385289607094
2008-01-24,121.82,2008,1,24,122.29285714285713,122.01090132300129,120.45628145939766,24.14935267883091
2008-01-25,121.15,2008,1,25,121.96857142857142,121.79567599225098,120.50103749427524,36.49378447047161
2008-01-28,122.75,2008,1,28,121.74142857142859,122.03425699418824,120.6461318494833,80.61684735998183
2008-01-29,123.2,2008,1,29,121.80142857142857,122.32569274564118,120.81089753661342,95.54196812180768
2008-01-30,124.85,2008,1,30,122.04999999999998,122.95676955923088,121.0714847923158,109.48135341141472
2008-01-31,126.57,2008,1,31,122.57285714285715,123.86007716942315,121.4262277089406,121.82578520305547
2008-02-01,119.95,2008,2,1,123.16,122.88255787706736,121.3309872115896,142.40287199076894
2008-02-04,123.02,2008,2,4,122.89857142857143,122.91691840780051,121.43995577858382,142.40287199076894
2008-02-05,123.23,2008,2,5,123.07000000000001,122.99518880585039,121.55544250254617,136.19665780426806
2008-02-06,128.64,2008,2,6,123.36714285714285,124.40639160438779,122.01251072818836,127.22790312357968
2008-02-07,143.21,2008,2,7,124.20857142857142,129.10729370329085,123.38009068120847,115.88858556510975
2008-02-09,131.95,2008,2,9,127.06714285714285,129.81797027746813,123.93298805661439,88.16253780813246
2008-02-10,117.6,2008,2,10,128.08142857142857,126.7634777081011,123.52440818199412,72.98756894094319
2008-02-12,104.92,2008,2,12,126.79999999999998,121.30260828107583,122.3241237831558,43.30085016364044
2008-02-13,135.6,2008,2,13,124.65285714285714,124.87695621080687,123.18063192617801,30.086552316776622
2008-02-14,138.72,2008,2,14,126.45000000000002,128.33771715810516,124.18317180190847,18.747234758306696
2008-02-15,138.3,2008,2,15,128.66285714285715,130.82828786857885,125.09393491146277,9.77848007761832
2008-02-18,135.83,2008,2,18,130.04285714285714,132.07871590143415,125.78658427201357,0.3998335394738453
2008-02-19,141.02,2008,2,19,128.98857142857145,134.3140369260756,126.76938528672238,3.5722658911174023
2008-02-20,140.92,2008,2,20,130.28428571428572,135.9655276945567,127.68232817144998,9.77848007761828
2008-02-21,141.86,2008,2,21,133.6157142857143,137.43914577091752,128.59701667651774,18.747234758306654
2008-02-22,145.0,2008,2,22,138.89285714285714,139.32935932818813,129.6552736651295,30.08655231677655
2008-02-25,147.98,2008,2,25,140.2357142857143,141.4920194961411,130.83751407383085,72.98756894094316
2008-02-26,145.96,2008,2,26,141.55857142857144,142.60901462210583,131.8131583271321,88.16253780813246
2008-02-27,149.01,2008,2,27,142.65285714285713,144.20926096657936,132.92263198344617,102.6742877182459
2008-02-28,151.78,2008,2,28,144.53571428571428,146.10194572493452,134.13923637161093,115.88858556510976
2008-02-29,152.6,2008,2,29,146.07285714285715,147.72645929370088,135.3302533798941,127.22790312357962
2008-03-01,121.11,2008,3,1,147.74142857142857,141.07234447027565,134.41281767796545,144.38018438391998
2008-03-03,152.85,2008,3,3,144.77714285714285,144.01675835270674,135.6023133116451,132.0357525922793
2008-03-04,124.68,2008,3,4,145.89857142857142,139.18256876453006,134.89764793670025,121.82578520305546
2008-03-06,125.39,2008,3,6,142.57,135.73442657339754,134.28425129562282,95.5419681218077
2008-03-07,140.63,2008,3,7,139.63142857142856,136.95831993004816,134.6936544378407,80.6168473599819
2008-03-09,131.88,2008,3,9,138.43428571428572,135.68873994753613,134.5121283450768,50.433169760078634
2008-03-10,115.11,2008,3,10,135.59142857142857,130.5440549606521,133.2603781292654,36.49378447047164
2008-03-11,105.29,2008,3,11,130.2357142857143,124.23054122048907,131.45583760479667,24.1493526788309
2008-03-12,104.02,2008,3,12,127.97571428571429,119.17790591536681,129.68578356577754,13.93938528960707
2008-03-13,148.08,2008,3,13,121.0,126.4034294365251,130.87250720669513,6.310106870568354
2008-03-14,143.15,2008,3,14,124.34285714285713,130.5900720773938,131.66460351594063,1.5949534979663815
2008-03-17,130.73,2008,3,17,126.88,130.62505405804535,131.6043065149122,6.310106870568345
2008-03-18,130.5,2008,3,18,125.46571428571428,130.593790543534,131.53306093330497,13.939385289607053
2008-03-19,129.35,2008,3,19,125.26857142857145,130.2828429076505,131.3922182924466,24.14935267883086
2008-03-20,125.8,2008,3,20,127.30285714285715,129.16213218073787,131.03143001551456,36.49378447047155
2008-03-24,122.78,2008,3,24,130.23285714285714,127.56659913555339,130.49907969193296,95.54196812180768
2008-03-25,125.75,2008,3,25,132.91285714285715,127.11244935166505,130.19268745374376,109.48135341141483
2008-03-26,125.45,2008,3,26,129.72285714285712,126.69683701374878,129.88670761801836,121.82578520305547
2008-03-27,126.27,2008,3,27,127.1942857142857,126.59012776031157,129.65337164266234,132.03575259227924
2008-03-28,125.33,2008,3,28,126.55714285714285,126.27509582023367,129.37444443990992,139.66503101131798
2008-03-31,122.93,2008,3,31,125.81857142857143,125.43882186517526,128.95867383088347,144.38018438391995
2008-04-01,119.89,2008,4,1,124.90142857142858,124.05161639888144,128.37359809985873,127.2279031235797
2008-04-02,129.86,2008,4,2,124.05714285714285,125.50371229916108,128.46949499664206,115.88858556510975
2008-04-03,152.19,2008,4,3,125.06857142857143,132.1752842243708,129.99985015814903,102.67428771824594
2008-04-04,125.2,2008,4,4,128.8457142857143,130.43146316827813,129.6901824060104,88.16253780813246
2008-04-06,125.08,2008,4,6,128.81,129.0935973762086,129.392751283042,57.81260007375393
2008-04-07,140.18,2008,4,7,128.64000000000001,131.86519803215646,130.08870281316834,43.30085016364044
2008-04-08,129.42,2008,4,8,130.76142857142858,131.25389852411735,130.04556069618974,30.086552316776622
2008-04-09,132.67,2008,4,9,131.6885714285714,131.607923893088,130.2148793609517,18.747234758306696
2008-04-11,109.59,2008,4,11,133.5142857142857,126.10344291981602,128.88424198282578,3.5722658911174108
2008-04-12,101.39,2008,4,12,130.6185714285714,119.92508218986201,127.11041991941768,0.3998335394738453
2008-04-14,125.48,2008,4,14,123.36142857142856,121.31381164239652,127.00523153751978,3.5722658911174023
2008-04-15,128.04,2008,4,15,123.40142857142857,122.99535873179738,127.07199079316368,9.77848007761828
2008-04-16,128.7,2008,4,16,123.82428571428571,124.42151904884803,127.17702364521763,18.747234758306696
2008-04-17,132.05,2008,4,17,122.1842857142857,126.32863928663602,127.49140921649392,30.08655231677655
2008-04-18,128.29,2008,4,18,122.55999999999999,126.81897946497702,127.54293120252659,43.30085016364041
2008-04-21,125.96,2008,4,21,121.9342857142857,126.60423459873276,127.44080660881521,88.16253780813238
2008-04-22,128.66,2008,4,22,124.27285714285715,127.11817594904957,127.51946424695616,102.6742877182459
2008-04-23,127.97,2008,4,23,128.16857142857143,127.33113196178718,127.54853106973319,115.88858556510976
2008-04-24,125.83,2008,4,24,128.52428571428572,126.95584897134039,127.43765809749235,127.22790312357962
2008-04-25,125.01,2008,4,25,128.20857142857142,126.46938672850528,127.28103499442832,136.19665780426806
2008-04-28,126.88,2008,4,28,127.68142857142857,126.57204004637896,127.25516176898134,145.57530434241252
2008-04-29,126.64,2008,4,29,126.94285714285714,126.58903003478422,127.21547391291803,142.40287199076894
2008-04-30,127.08,2008,4,30,126.70714285714287,126.71177252608815,127.20673366047171,136.19665780426809
2008-05-02,130.27,2008,5,2,126.86714285714285,127.60132939456611,127.4043637468929,80.6168473599819
2008-05-03,151.43,2008,5,3,127.09714285714287,133.55849704592458,128.95440479548046,65.35829052190446
2008-05-05,123.96,2008,5,5,130.44857142857143,131.15887278444345,128.6321851312559,36.49378447047158
2008-05-06,127.94,2008,5,6,130.1814285714286,130.35415458833256,128.58752802601362,24.1493526788309
2008-05-08,131.98,2008,5,8,130.6,130.76061594124943,128.80639718562563,6.310106870568354
2008-05-09,131.41,2008,5,9,131.32857142857142,130.92296195593707,128.97437156074656,1.5949534979663815
2008-05-11,110.07,2008,5,11,132.01,125.7097214669528,127.75473468585969,1.5949534979663815
2008-05-12,98.53,2008,5,12,129.58,118.91479110021459,125.86926793193327,6.310106870568345
2008-05-13,128.24,2008,5,13,125.04571428571428,121.24609332516094,126.02221838793758,13.939385289607094
2008-05-14,128.18,2008,5,14,121.73285714285714,122.97956999387071,126.16143010484484,24.14935267883086
2008-05-15,127.86,2008,5,15,122.33571428571427,124.19967749540304,126.27101525937098,36.49378447047161
2008-05-16,128.51,2008,5,16,122.32428571428571,125.27725812155228,126.41546588779867,50.433169760078634
2008-05-19,127.89,2008,5,19,121.82857142857142,125.9304435911642,126.51059712084393,95.54196812180768
2008-05-20,128.26,2008,5,20,121.3257142857143,126.51283269337316,126.62346182272498,109.48135341141472
2008-05-21,131.2,2008,5,21,123.92428571428572,127.68462452002986,126.91872235029112,121.82578520305547
2008-05-22,127.34,2008,5,22,128.59142857142857,127.59846839002239,126.94590155349816,132.03575259227924
2008-05-23,126.36,2008,5,23,128.46285714285713,127.2888512925168,126.90810145327248,139.66503101131798
2008-05-26,125.99,2008,5,26,128.20285714285714,126.96413846938759,126.84886910144846,144.38018438391995
2008-05-27,125.55,2008,5,27,127.93571428571428,126.6106038520407,126.76507109490339,139.66503101131798
2008-05-28,127.4,2008,5,28,127.51285714285714,126.80795288903053,126.80603425007092,132.0357525922793
2008-05-29,125.88,2008,5,29,127.44285714285714,126.5759646667729,126.74629010490507,121.8257852030555
2008-05-30,126.6,2008,5,30,127.10285714285713,126.58197350007967,126.73685203362088,109.48135341141474
2008-06-02,130.73,2008,6,2,126.44571428571429,127.61898012505975,126.9944744830647,43.30085016364044
2008-06-03,145.3,2008,6,3,126.92999999999999,132.03923509379482,128.1754761293186,30.086552316776622
2008-06-05,124.93,2008,6,5,129.63571428571427,130.2619263203461,127.96609057258839,9.77848007761832
2008-06-06,127.76,2008,6,6,129.48428571428573,129.63644474025958,127.95279440661494,3.5722658911174108
2008-06-08,131.83,2008,6,8,129.8,130.1848335551947,128.20293670296238,0.3998335394738453
2008-06-10,111.04,2008,6,10,130.43285714285713,125.39862516639603,127.09565046406158,9.77848007761828
2008-06-11,107.72,2008,6,11,128.31285714285715,120.97896887479703,125.84560849863826,18.747234758306696
2008-06-13,126.28,2008,6,13,125.61571428571429,122.30422665609777,125.87363375679062,43.30085016364041
2008-06-16,128.11,2008,6,16,124.98000000000002,123.75566999207334,126.01791544990091,88.16253780813238
2008-06-17,129.83,2008,6,17,122.52428571428572,125.27425249405502,126.26385638861699,102.6742877182459
2008-06-18,129.02,2008,6,18,123.22428571428573,126.21068937054127,126.44167210548042,115.88858556510976
2008-06-19,129.47,2008,6,19,123.40428571428572,127.02551702790595,126.63704809867525,127.22790312357962
2008-06-20,132.64,2008,6,20,123.06714285714285,128.42913777092946,127.02433531811558,136.196657804268
2008-06-23,133.93,2008,6,23,126.15285714285714,129.8043533281971,127.46986207178554,145.57530434241252
2008-06-24,135.2,2008,6,24,129.89714285714285,131.1532649961478,127.96858064779939,142.40287199076894
2008-06-25,137.37,2008,6,25,131.17142857142858,132.70744874711085,128.57512383181233,136.19665780426803
2008-06-26,139.92,2008,6,26,132.49428571428572,134.51058656033314,129.30705132653412,127.22790312357967
2008-06-27,139.98,2008,6,27,133.93571428571428,135.87793992024984,129.99562866030612,115.88858556510975
2008-06-30,141.39,2008,6,30,135.50142857142856,137.2559549401874,130.73074939189928,72.9875689409432
2008-07-01,119.34,2008,7,1,137.2042857142857,132.77696620514055,129.99586233435738,24.1493526788309
2008-07-02,131.15,2008,7,2,135.3042857142857,132.37022465385542,130.07032282891498,13.93938528960707
2008-07-03,141.58,2008,7,3,134.90714285714287,134.67266849039157,130.81288264640435,6.310106870568354
2008-07-04,125.96,2008,7,4,135.81857142857143,132.49450136779367,130.4997934434105,1.5949534979663815
2008-07-05,124.36,2008,7,5,134.1885714285714,130.46087602584527,130.10367773738403,0.0
2008-07-07,133.38,2008,7,7,131.96571428571428,131.19065701938393,130.31505336723023,6.310106870568345
2008-07-08,133.0,2008,7,8,131.02285714285713,131.64299276453795,130.48827573063474,13.939385289607094
2008-07-10,109.74,2008,7,10,129.8242857142857,126.16724457340347,129.14967729640026,36.49378447047161
2008-07-11,106.5,2008,7,11,128.45285714285714,121.2504334300526,127.6884077934067,50.433169760078634
2008-07-14,132.77,2008,7,14,124.93142857142857,124.13032507253945,128.0162524518966,95.54196812180768
2008-07-15,132.14,2008,7,15,123.67285714285715,126.13274380440458,128.28230068080651,109.48135341141483
2008-07-16,132.18,2008,7,16,124.55571428571429,127.64455785330344,128.53376515301255,121.82578520305547
2008-07-17,131.2,2008,7,17,125.67285714285715,128.53341838997756,128.7057803044311,132.03575259227924
2008-07-18,130.28,2008,7,18,125.36142857142856,128.97006379248316,128.80734286543554,139.66503101131798
2008-07-21,130.09,2008,7,21,124.97285714285714,129.25004784436237,128.89009493863327,144.38018438391998
2008-07-22,130.42,2008,7,22,127.88,129.54253588327177,128.98879849097952,139.66503101131798
2008-07-23,128.34,2008,7,23,131.29714285714286,129.24190191245384,128.94694052381956,132.0357525922793
2008-07-24,128.21,2008,7,24,130.6642857142857,128.9839264343404,128.89939597389574,121.8257852030555
2008-07-25,129.86,2008,7,25,130.10285714285715,129.2029448257553,128.9613704271928,109.48135341141474
2008-07-28,128.58,2008,7,28,129.77142857142857,129.04720861931648,128.93676588350297,65.35829052190458
2008-07-29,130.11,2008,7,29,129.39714285714285,129.31290646448736,129.01245840714796,50.433169760078684
2008-07-30,130.94,2008,7,30,129.37285714285716,129.7196798483655,129.13681592926744,36.49378447047154
2008-07-31,132.17,2008,7,31,129.49428571428572,130.33225988627413,129.3325052241534,24.149352678830894
2008-08-01,121.66,2008,8,1,129.74428571428572,128.1641949147056,128.83750488711127,3.5722658911174108
2008-08-02,133.19,2008,8,2,128.79,129.42064618602922,129.11831102342666,0.3998335394738534
2008-08-04,125.85,2008,8,4,129.50142857142856,128.52798463952192,128.90745224772172,3.5722658911174023
2008-08-05,126.33,2008,8,5,128.92857142857142,127.97848847964143,128.74116500593323,9.77848007761828
2008-08-07,131.58,2008,8,7,128.60714285714286,128.87886635973106,128.92431565071175,30.08655231677655
2008-08-08,130.69,2008,8,8,128.81714285714284,129.33164976979828,129.03823077002068,43.30085016364041
2008-08-09,129.93,2008,8,9,128.78142857142856,129.4812373273487,129.09576426872903,57.81260007375387
2008-08-10,108.86,2008,8,10,128.46142857142857,124.32592799551153,127.79023109010134,72.98756894094316
2008-08-12,101.41,2008,8,12,126.63285714285713,118.59694599663365,126.08828069719159,102.6742877182459
2008-08-13,128.08,2008,8,13,122.09285714285714,120.96770949747525,126.21677871672763,115.88858556510976
2008-08-14,128.31,2008,8,14,122.41142857142857,122.80328212310644,126.35182525113231,127.22790312357962
2008-08-15,126.43,2008,8,15,122.69428571428573,123.70996159232983,126.35686878331732,136.196657804268
2008-08-18,127.91,2008,8,18,121.95857142857143,124.75997119424738,126.45707079729685,145.57530434241252
2008-08-19,129.13,2008,8,19,121.56142857142856,125.85247839568554,126.62951784263254,142.40287199076897
2008-08-20,130.13,2008,8,20,121.44714285714285,126.92185879676416,126.85535540117237,136.19665780426809
2008-08-21,132.07,2008,8,21,124.48571428571428,128.20889409757314,127.19178408496771,127.22790312357967
2008-08-22,131.8,2008,8,22,128.8657142857143,129.10667057317985,127.48908833755044,115.88858556510975
2008-08-25,131.34,2008,8,25,129.39714285714285,129.6650029298849,127.73753425125686,72.9875689409432
2008-08-26,134.13,2008,8,26,129.83,130.78125219741366,128.14995139633706,57.81260007375398
2008-08-27,135.16,2008,8,27,130.93,131.87593914806024,128.6022125965734,43.3008501636404
2008-08-28,134.6,2008,8,28,131.96571428571428,132.55695436104517,128.98916662260092,30.08655231677664
2008-08-29,133.95,2008,8,29,132.74714285714285,132.90521577078385,129.30922038888474,18.74723475830673
2008-09-01,122.17,2008,9,1,133.29285714285714,130.2214118280879,128.84862552508574,1.5949534979663815
2008-09-04,127.64,2008,9,4,131.87857142857143,129.57605887106592,128.77064968475764,24.14935267883086
2008-09-05,127.05,2008,9,5,131.28428571428572,128.94454415329943,128.65964002767652,36.49378447047155
2008-09-06,123.29,2008,9,6,130.67142857142855,127.53090811497458,128.31321163879417,50.433169760078634
2008-09-07,130.75,2008,9,7,129.12285714285716,128.33568108623092,128.47042379113003,65.35829052190448
2008-09-09,128.21,2008,9,9,128.49285714285716,128.3042608146732,128.45362225621844,95.54196812180768
2008-09-10,108.27,2008,9,10,127.58,123.2956956110049,127.1514530783979,109.48135341141472
2008-09-12,102.03,2008,9,12,123.91142857142857,117.97927170825366,125.53071417011418,132.03575259227924
2008-09-15,126.82,2008,9,15,121.03428571428572,120.18945378119024,125.61389390107456,145.97513788188635
2008-09-16,123.24,2008,9,16,120.91714285714285,120.95209033589268,125.46073945584395,144.38018438391998
2008-09-17,122.63,2008,9,17,120.37285714285714,121.37156775191951,125.27811110385402,139.66503101131798
2008-09-18,121.39,2008,9,18,120.27857142857142,121.37617581393962,125.02726522618602,132.0357525922793
2008-09-19,122.51,2008,9,19,118.94142857142856,121.65963186045471,124.86486101804499,121.8257852030555
2008-09-22,124.78,2008,9,22,118.12714285714284,122.43972389534102,124.85938611365499,80.61684735998182
2008-09-23,125.09,2008,9,23,120.48571428571428,123.10229292150578,124.87426442890307,65.35829052190458
2008-09-24,125.42,2008,9,24,123.78,123.68171969112935,124.90947317542546,50.433169760078684
2008-09-25,126.16,2008,9,25,123.58000000000001,124.301289768347,124.99015232539801,36.49378447047154
2008-09-26,124.88,2008,9,26,123.99714285714286,124.44596732626025,124.98304572375945,24.149352678830894
2008-09-29,121.93,2008,9,29,124.31857142857143,123.81697549469519,124.786075031904,1.5949534979663733
2008-09-30,120.84,2008,9,30,124.3957142857143,123.0727316210214,124.53148954597472,0.0
2008-10-01,123.27,2008,10,1,124.15714285714284,123.12204871576606,124.45010312365378,18.747234758306696
2008-10-03,139.65,2008,10,3,123.94142857142856,127.25403653682454,125.43074163180516,43.30085016364041
2008-10-04,126.77,2008,10,4,126.02142857142859,127.13302740261841,125.51714539749516,57.81260007375387
2008-10-06,126.91,2008,10,6,126.21428571428571,127.0772705519638,125.60700698475354,88.16253780813246
2008-10-07,131.45,2008,10,7,126.32142857142857,128.17045291397284,125.98397427605977,102.6742877182459
2008-10-09,128.05,2008,10,9,127.25999999999999,128.14033968547963,126.11726625824947,127.22790312357962
2008-10-10,108.59,2008,10,10,128.1342857142857,123.25275476410974,124.9864748867495,136.19665780426806
2008-10-11,107.64,2008,10,11,126.38428571428572,119.3495660730823,123.86734747470115,142.40287199076894
2008-10-12,103.46,2008,10,12,124.15142857142858,115.37717455481172,122.5507444118172,145.5753043424125
2008-10-13,110.35,2008,10,13,118.98142857142855,114.12038091610879,121.76359961105481,145.57530434241252
2008-10-14,111.2,2008,10,14,116.63571428571427,113.39028568708159,121.0820770555029,142.40287199076894
2008-10-15,108.28,2008,10,15,114.39142857142858,112.11271426531118,120.25613660030916,136.19665780426803
2008-10-16,106.85,2008,10,16,111.08142857142856,110.7970356989834,119.39122456157955,127.22790312357967
2008-10-17,107.96,2008,10,17,108.05285714285715,110.08777677423754,118.65372620276797,115.88858556510975
2008-10-20,108.66,2008,10,20,107.96285714285715,109.73083258067814,118.00896967355715,72.9875689409432
2008-10-21,107.96,2008,10,21,108.10857142857142,109.2881244355086,117.3606490494567,57.81260007375398
2008-10-22,107.08,2008,10,22,108.75142857142855,108.73609332663145,116.69738136884659,43.3008501636404
2008-10-23,104.69,2008,10,23,108.28428571428572,107.72456999497358,115.92271160311456,30.08655231677664
2008-10-24,103.2,2008,10,24,107.35428571428572,106.59342749623018,115.10189149968782,18.74723475830673
2008-10-27,101.35,2008,10,27,106.62857142857142,105.28257062217264,114.21467269325635,0.3998335394738453
2008-10-28,101.89,2008,10,28,105.84285714285714,104.43442796662947,113.41953251949788,0.3998335394738372
2008-10-29,104.22,2008,10,29,104.97571428571429,104.3808209749721,112.8260142924335,3.5722658911173943
2008-10-30,103.73,2008,10,30,104.34142857142857,104.21811573122908,112.2391746606636,9.778480077618337
2008-10-31,104.18,2008,10,31,103.73714285714287,104.2085867984218,111.71922790836273,18.747234758306686
2008-11-01,123.68,2008,11,1,103.32285714285715,109.07644009881635,112.49089062395224,50.433169760078634
2008-11-02,134.01,2008,11,2,106.03571428571429,115.30983007411226,113.87922026111661,65.35829052190441
2008-11-03,140.68,2008,11,3,110.43714285714285,121.6523725555842,115.60830282491555,80.61684735998183
2008-11-04,125.51,2008,11,4,116.05571428571429,122.61677941668815,116.24712199750165,95.54196812180768
2008-11-06,126.11,2008,11,6,119.42999999999999,123.49008456251612,116.88343670734027,121.82578520305547
2008-11-07,132.48,2008,11,7,122.55714285714285,125.73756342188707,117.88966659718929,132.03575259227924
2008-11-08,130.24,2008,11,8,126.66428571428571,126.8631725664153,118.68646230059645,139.66503101131798
2008-11-09,126.87,2008,11,9,130.38714285714286,126.86487942481148,119.21443247475152,144.38018438391995
2008-11-11,107.75,2008,11,11,130.84285714285713,122.08615956860861,118.47479166992885,144.38018438391998
2008-11-12,104.95,2008,11,12,127.09142857142858,117.80211967645646,117.60222446541731,139.66503101131798
2008-11-13,107.53,2008,11,13,121.98714285714286,115.23408975734233,116.95240353216458,132.0357525922793
2008-11-14,107.4,2008,11,14,119.41857142857144,113.27556731800675,116.33611943331525,121.8257852030555
2008-11-17,106.85,2008,11,17,116.74571428571429,111.66917548850506,115.72411172794007,80.61684735998182
2008-11-18,107.22,2008,11,18,113.08428571428571,110.5568816163788,115.17545935839556,65.35829052190458
2008-11-19,106.76,2008,11,19,109.79571428571428,109.6076612122841,114.6325264965636,50.4331697600788
2008-11-20,105.41,2008,11,20,106.92285714285715,108.55824590921307,114.03752478710788,36.49378447047165
2008-11-21,105.28,2008,11,21,106.58857142857143,107.7386844319098,113.47252318793964,24.149352678830894
2008-11-24,107.15,2008,11,24,106.63571428571429,107.59151332393236,113.06461846613709,1.5949534979663733
2008-11-25,108.67,2008,11,25,106.58142857142856,107.86113499294927,112.78109469412826,0.0
2008-11-26,109.65,2008,11,26,106.76285714285714,108.30835124471196,112.57908858482966,1.5949534979663653
2008-11-27,111.02,2008,11,27,107.16285714285713,108.98626343353396,112.47850222451807,6.310106870568362
2008-11-28,111.78,2008,11,28,107.7057142857143,109.68469757515047,112.43343756487175,13.939385289607046
2008-12-02,134.22,2008,12,2,108.42285714285715,115.81852318136285,113.83902223810584,102.6742877182459
2008-12-03,143.51,2008,12,3,112.53857142857143,122.74139238602214,115.75327886790546,115.88858556510976
2008-12-06,126.5,2008,12,6,118.0,123.6810442895166,116.44661571513737,142.40287199076894
2008-12-08,131.04,2008,12,8,120.76428571428572,125.52078321713745,117.3881243786769,145.57530434241252
2008-12-09,127.09,2008,12,9,123.96,125.91308741285309,118.01405183811711,142.40287199076894
2008-12-11,108.23,2008,12,11,126.45142857142856,121.49231555963982,117.38282268727086,127.22790312357967
2008-12-12,104.62,2008,12,12,126.05285714285715,117.27423666972987,116.55941477196306,115.88858556510975
2008-12-15,104.38,2008,12,15,125.03,114.0506775022974,115.77364607699771,72.9875689409432
2008-12-16,103.76,2008,12,16,120.76714285714286,111.47800812672305,114.99857213654624,57.81260007375398
2008-12-17,105.06,2008,12,17,115.08857142857143,109.87350609504229,114.35737393418843,43.3008501636404
2008-12-18,105.07,2008,12,18,112.0257142857143,108.67262957128172,113.75818851907951,30.08655231677664
2008-12-19,103.99,2008,12,19,108.3157142857143,107.50197217846129,113.12798280817115,18.74723475830673
2008-12-22,102.49,2008,12,22,105.01571428571428,106.24897913384596,112.44166133667625,0.3998335394738453
2008-12-23,101.33,2008,12,23,104.19571428571429,105.01923435038447,111.72477996011649,0.3998335394738372
2008-12-29,100.57,2008,12,29,103.72571428571428,103.90692576278835,111.00511673688317,57.81260007375392
2008-12-30,100.15,2008,12,30,103.18142857142857,102.96769432209126,110.3047866248262,72.98756894094315
2009-01-04,109.9,2009,1,4,102.66571428571429,104.70077074156845,110.2786713587084,144.38018438391998
2009-01-06,131.23,2009,1,6,103.35714285714285,111.33307805617633,111.63036998072721,144.38018438391998
2009-01-07,112.08,2009,1,7,107.0942857142857,111.51980854213225,111.6593783690674,139.665031011318
2009-01-09,111.56,2009,1,9,108.25,111.5298564065992,111.65296686138564,121.82578520305546
2009-01-10,114.37,2009,1,10,109.54571428571428,112.2398923049494,111.8282593219414,109.4813534114148
2009-01-12,123.52,2009,1,12,111.40857142857143,115.05991922871203,112.58256517213874,80.6168473599819
2009-01-13,107.2,2009,1,13,114.68714285714285,113.09493942153402,112.23530290296851,65.35829052190446
2009-01-14,107.26,2009,1,14,115.69428571428571,111.63620456615051,111.91431561890603,50.433169760078634
2009-01-15,106.57,2009,1,15,115.31714285714285,110.36965342461288,111.56952106284758,36.49378447047158
2009-01-16,107.8,2009,1,16,111.7942857142857,109.72724006845966,111.3263261555671,24.1493526788309
2009-01-19,108.38,2009,1,19,111.18285714285715,109.39043005134475,111.13624059714343,1.5949534979663815
2009-01-20,107.97,2009,1,20,110.72857142857143,109.03532253850855,110.93196701023096,0.0
2009-01-21,108.95,2009,1,21,109.81428571428572,109.0139919038814,110.80409817086124,1.5949534979663815
2009-01-22,110.61,2009,1,22,107.73285714285714,109.41299392791106,110.79157570822504,6.310106870568345
2009-01-23,111.25,2009,1,23,108.22,109.87224544593329,110.82115146898471,13.939385289607094
2009-01-26,112.51,2009,1,26,108.78999999999999,110.53168408444996,110.93010943872764,50.433169760078634
2009-01-27,113.07,2009,1,27,109.63857142857144,111.16626306333747,111.06816689429361,65.35829052190448
2009-01-28,113.53,2009,1,28,110.39142857142858,111.7571972975031,111.22699483659726,80.61684735998183
2009-01-29,112.62,2009,1,29,111.12714285714286,111.97289797312732,111.31686613746196,95.54196812180768
2009-01-30,112.02,2009,1,30,111.79142857142857,111.98467347984548,111.3622296124644,109.48135341141472
2009-02-01,101.42,2009,2,1,112.23,109.34350510988412,110.72079544391832,142.40287199076894
2009-02-02,111.32,2009,2,2,110.91714285714286,109.83762883241309,110.75945380237522,145.5753043424125
2009-02-03,102.69,2009,2,3,110.92714285714285,108.05072162430982,110.23884387964134,145.57530434241252
2009-02-04,110.92,2009,2,4,109.52428571428572,108.76804121823237,110.28278943579352,142.40287199076894
2009-02-06,131.03,2009,2,6,109.21714285714286,114.33353091367428,111.6213191496133,127.22790312357968
2009-02-07,110.99,2009,2,7,111.71714285714286,113.49764818525571,111.58058888189632,115.88858556510975
2009-02-09,111.93,2009,2,9,111.48428571428572,113.1057361389418,111.6031315346772,88.16253780813246
2009-02-10,115.49,2009,2,10,111.47142857142856,113.70180210420635,111.8538972421174,72.98756894094319
2009-02-11,123.27,2009,2,11,113.48142857142855,116.09385157815476,112.59042000069047,57.81260007375393
2009-02-12,124.05,2009,2,12,115.18857142857142,118.08288868361608,113.32974774258142,43.30085016364044
2009-02-13,106.13,2009,2,13,118.24,115.09466651271205,112.86524788822133,30.086552316776622
2009-02-16,106.42,2009,2,16,117.55571428571429,112.92599988453405,112.44942544381996,3.5722658911174108
2009-02-17,105.2,2009,2,17,114.03999999999999,110.99449991340053,111.98172057647675,0.3998335394738534
2009-02-18,104.26,2009,2,18,113.21285714285715,109.31087493505039,111.48354505541374,0.3998335394738453
2009-02-19,104.84,2009,2,19,112.11714285714287,108.19315620128779,111.05492924538706,3.5722658911174023
2009-02-20,104.32,2009,2,20,110.5957142857143,107.22486715096584,110.62041768116855,9.77848007761828
2009-02-23,105.67,2009,2,23,107.88857142857144,106.83615036322438,110.3010358952867,43.30085016364041
2009-02-24,105.98,2009,2,24,105.26285714285713,106.62211277241829,110.02225938591337,57.81260007375387
2009-02-25,105.94,2009,2,25,105.24142857142856,106.45158457931372,109.75888781262864,72.98756894094316
2009-02-26,106.1,2009,2,26,105.17285714285715,106.36368843448528,109.52283053439454,88.16253780813246
2009-02-27,105.29,2009,2,27,105.30142857142857,106.09526632586396,109.24974469346587,102.6742877182459
2009-03-02,111.14,2009,3,2,105.44857142857143,107.35644974439796,109.37169664872614,139.665031011318
2009-03-03,101.75,2009,3,3,106.34857142857142,105.95483730829847,108.8799742842922,132.0357525922793
2009-03-04,112.0,2009,3,4,105.98142857142857,107.46612798122385,109.08126626595077,121.82578520305546
2009-03-06,129.17,2009,3,6,106.88571428571429,112.89209598591788,110.37731360363136,95.5419681218077
2009-03-07,111.17,2009,3,7,110.19857142857144,112.46157198943841,110.4284546614616,80.6168473599819
2009-03-08,120.64,2009,3,8,110.94571428571429,114.5061789920788,111.0872640381415,65.35829052190451
2009-03-09,111.69,2009,3,9,113.02285714285713,113.8021342440591,111.12615022922915,50.433169760078634
2009-03-11,123.12,2009,3,11,113.93714285714285,116.13160068304433,111.89994698863373,24.1493526788309
2009-03-12,124.85,2009,3,12,115.64857142857143,118.31120051228325,112.73543427968963,13.93938528960707
2009-03-13,105.04,2009,3,13,118.94857142857143,114.99340038421245,112.23895464874192,6.310106870568354
2009-03-16,105.49,2009,3,16,117.95428571428572,112.61755028815934,111.80353821979084,1.5949534979663815
2009-03-17,105.55,2009,3,17,114.57142857142857,110.8506627161195,111.40008414109467,6.310106870568345
2009-03-18,106.37,2009,3,18,113.76857142857143,109.73049703708963,111.0755625836047,13.939385289607053
2009-03-19,108.48,2009,3,19,111.73,109.41787277781722,110.90810693304955,24.14935267883086
2009-03-20,109.36,2009,3,20,111.27142857142859,109.40340458336291,110.80822906640121,36.49378447047155
2009-03-23,109.85,2009,3,23,109.30571428571429,109.5150534375222,110.74640783631082,80.61684735998183
2009-03-24,109.96,2009,3,24,107.16285714285713,109.62629007814165,110.69567184687142,95.54196812180768
2009-03-25,110.33,2009,3,25,107.86571428571428,109.80221755860623,110.67208011481522,109.48135341141483
2009-03-26,110.98,2009,3,26,108.55714285714285,110.09666316895468,110.6919459138594,121.82578520305547
2009-03-27,110.22,2009,3,27,109.33285714285714,110.12749737671601,110.6614977903846,132.03575259227924
2009-03-30,108.58,2009,3,30,109.88285714285713,109.740623032537,110.5272076103598,145.97513788188635
2009-03-31,109.67,2009,3,31,109.89714285714285,109.72296727440276,110.4719038935624,144.38018438391995
2009-04-02,109.76,2009,4,2,109.94142857142856,109.73222545580207,110.42597461010676,115.88858556510975
2009-04-03,103.13,2009,4,3,109.92857142857143,108.08166909185155,109.95526657074504,102.67428771824594
2009-04-05,114.07,2009,4,5,108.95285714285714,109.57875181888866,110.22073324360021,72.98756894094319
2009-04-06,128.54,2009,4,6,109.48714285714286,114.31906386416648,111.40262142143246,57.81260007375393
2009-04-08,121.16,2009,4,8,111.99571428571429,116.02929789812487,112.03212971682392,30.086552316776622
2009-04-09,113.63,2009,4,9,113.55857142857143,115.42947342359365,112.13521812219012,18.747234758306696
2009-04-11,123.4,2009,4,11,114.27999999999999,117.42210506769524,112.86197824333917,3.5722658911174108
2009-04-12,122.6,2009,4,12,116.24142857142859,118.71657880077143,113.49023771151083,0.3998335394738453
2009-04-14,112.01,2009,4,14,118.07571428571428,117.03993410057856,113.39473850431659,3.5722658911174023
2009-04-15,111.35,2009,4,15,119.3442857142857,115.61745057543394,113.26281989113488,9.77848007761828
2009-04-16,111.12,2009,4,16,118.95571428571428,114.49308793157545,113.12457344654554,18.747234758306696
2009-04-17,109.79,2009,4,17,116.46714285714286,113.31731594868158,112.90943967580067,30.08655231677655
2009-04-20,109.31,2009,4,20,114.84285714285716,112.31548696151118,112.67721776123288,72.98756894094316
2009-04-21,109.98,2009,4,21,114.22571428571429,111.7316152211334,112.50320371212109,88.16253780813238
2009-04-22,111.31,2009,4,22,112.30857142857144,111.62621141585005,112.42622282746812,102.6742877182459
2009-04-23,112.86,2009,4,23,110.69571428571429,111.93465856188755,112.45420845150244,115.88858556510976
2009-04-24,113.8,2009,4,24,110.81714285714285,112.40099392141566,112.54103371269584,127.22790312357962
2009-04-27,112.49,2009,4,27,111.16714285714286,112.42324544106175,112.53774121510256,145.5753043424125
2009-04-28,111.9,2009,4,28,111.36285714285714,112.29243408079631,112.49659662057982,145.57530434241252
2009-04-29,111.92,2009,4,29,111.66428571428573,112.19932556059725,112.45939683860693,142.40287199076894
2009-04-30,111.65,2009,4,30,112.03714285714285,112.06199417044795,112.40717768772907,136.19665780426809
2009-05-01,100.19,2009,5,1,112.27571428571427,109.09399562783595,111.61897267561753,95.5419681218077
2009-05-02,109.65,2009,5,2,110.68714285714286,109.23299672087697,111.4919421804164,80.6168473599819
2009-05-03,102.9,2009,5,3,110.22857142857143,107.64974754065773,110.93762333006697,65.35829052190446
2009-05-05,117.32,2009,5,5,108.67142857142856,110.0673106554933,111.34938956683685,36.49378447047158
2009-05-06,125.64,2009,5,6,109.36142857142859,113.96048299161997,112.27136443349255,24.1493526788309
2009-05-08,120.85,2009,5,8,111.32428571428571,115.68286224371496,112.82482479262207,6.310106870568354
2009-05-10,115.7,2009,5,10,112.60000000000001,115.68714668278622,113.01031996729162,0.0
2009-05-11,124.08,2009,5,11,113.17857142857143,117.78536001208967,113.72449287262765,1.5949534979663815
2009-05-13,121.15,2009,5,13,116.59142857142857,118.62652000906726,114.20355784858715,13.939385289607094
2009-05-14,121.37,2009,5,14,118.23428571428572,119.31239000680046,114.66590895512992,24.14935267883086
2009-05-15,121.68,2009,5,15,120.87285714285714,119.90429250510034,115.11843095802476,36.49378447047161
2009-05-18,123.03,2009,5,18,121.49571428571429,120.68571937882527,115.62885476718446,80.61684735998183
2009-05-19,124.88,2009,5,19,121.12285714285714,121.73428953411894,116.22570284672096,95.54196812180768
2009-05-20,125.79,2009,5,20,121.69857142857143,122.74821715058921,116.84275427596478,109.48135341141472
2009-05-21,127.72,2009,5,21,123.14,123.9911628629419,117.54451206461222,121.82578520305547
2009-05-22,127.53,2009,5,22,123.66,124.87587214720642,118.18873709270177,132.03575259227924
2009-05-26,127.55,2009,5,26,124.57142857142857,125.54440411040481,118.79268953833393,144.38018438391995
2009-05-27,128.43,2009,5,27,125.45428571428572,126.26580308280361,119.4144515036027,139.66503101131798
2009-05-28,128.68,2009,5,28,126.41857142857143,126.86935231210272,120.01222882595093,132.0357525922793
2009-05-29,128.71,2009,5,29,127.22571428571429,127.32951423407704,120.57337535330893,121.8257852030555
2009-06-01,105.15,2009,6,1,127.77285714285715,121.78463567555778,119.57831887890191,57.81260007375393
2009-06-02,111.36,2009,6,2,124.82428571428572,119.17847675666835,119.04810475768244,43.30085016364044
2009-06-03,102.51,2009,6,3,122.48714285714287,115.01135756750125,117.9811302571868,30.086552316776622
2009-06-04,111.97,2009,6,4,118.91285714285716,114.25101817562594,117.59331540188444,18.747234758306696
2009-06-05,118.09,2009,6,5,116.68714285714285,115.21076363171946,117.62535956950481,9.77848007761832
2009-06-07,110.61,2009,6,7,115.21000000000001,114.06057272378959,117.17275572631097,0.3998335394738453
2009-06-08,122.16,2009,6,8,112.62857142857142,116.08542954284218,117.49451342138768,0.3998335394738453
2009-06-10,118.22,2009,6,10,111.69285714285715,116.61907215713163,117.5413190071046,9.77848007761828
2009-06-11,122.15,2009,6,11,113.55999999999999,118.0018041178487,117.83865326471076,18.747234758306696
2009-06-15,116.9,2009,6,15,115.10142857142856,117.72635308838653,117.77809498956815,72.98756894094316
2009-06-16,116.72,2009,6,16,117.15714285714286,117.4747648162899,117.70983079669278,88.16253780813238
2009-06-17,114.92,2009,6,17,117.83571428571429,116.83607361221743,117.52984171303518,102.6742877182459
2009-06-18,115.45,2009,6,18,117.38285714285715,116.48955520916307,117.39565837671034,115.88858556510976
2009-06-19,113.75,2009,6,19,118.07428571428571,115.8046664068723,117.16045461047098,127.22790312357962
2009-06-22,112.59,2009,6,22,116.87285714285714,115.00099980515424,116.86558657108576,145.5753043424125
2009-06-23,112.37,2009,6,23,116.06857142857143,114.34324985386567,116.57554872778991,145.57530434241252
2009-06-24,112.19,2009,6,24,114.67142857142858,113.80493739039925,116.29261010019056,142.40287199076894
2009-06-25,112.07,2009,6,25,113.99857142857142,113.37120304279944,116.02018364211376,136.19665780426803
2009-06-26,111.84,2009,6,26,113.33428571428571,112.98840228209957,115.75049437488063,127.22790312357967
2009-06-29,112.05,2009,6,29,112.89428571428572,112.75380171157468,115.5117528023077,88.16253780813244
2009-06-30,112.17,2009,6,30,112.40857142857143,112.60785128368101,115.29615584732011,72.9875689409432
2009-07-01,106.81,2009,7,1,112.18285714285716,111.15838846276075,114.74866192168656,24.1493526788309
2009-07-04,111.99,2009,7,4,111.35714285714286,111.36629134707057,114.57068373319065,1.5949534979663815
2009-07-05,118.14,2009,7,5,111.30285714285715,113.05971851030293,114.80096220201706,0.0
2009-07-07,110.23,2009,7,7,112.15285714285713,112.35228888272721,114.50606141479015,6.310106870568345
2009-07-08,123.73,2009,7,8,111.89,115.19671666204542,115.10115422673918,13.939385289607094
2009-07-09,114.51,2009,7,9,113.58857142857143,115.02503749653405,115.06301524436893,24.14935267883086
2009-07-10,119.48,2009,7,10,113.94000000000001,116.13877812240054,115.34798200279674,36.49378447047161
2009-07-12,125.42,2009,7,12,114.98428571428572,118.45908359180041,115.99778961551954,65.35829052190448
2009-07-13,108.78,2009,7,13,117.64285714285714,116.03931269385029,115.532125769357,80.61684735998183
2009-07-14,110.15,2009,7,14,117.1842857142857,114.5669845203877,115.18489184875332,95.54196812180768
2009-07-15,111.19,2009,7,15,116.04285714285716,113.72273839029079,114.92715689076924,109.48135341141483
2009-07-16,110.74,2009,7,16,116.17999999999999,112.9770537927181,114.65701773652607,121.82578520305547
2009-07-17,112.78,2009,7,17,114.32428571428571,112.92779034453858,114.53591981804053,132.03575259227924
2009-07-20,115.36,2009,7,20,114.07714285714285,113.53584275840393,114.58908628139275,145.97513788188635
2009-07-21,115.63,2009,7,21,113.48857142857142,114.05938206880295,114.65624200517387,144.38018438391998
2009-07-22,114.2,2009,7,22,112.09,114.0945365516022,114.62680703709815,139.66503101131798
2009-07-23,116.51,2009,7,23,112.86428571428571,114.69840241370164,114.74830335728537,132.0357525922793
2009-07-24,116.66,2009,7,24,113.77285714285713,115.18880181027623,114.87163862455729,121.8257852030555
2009-07-27,116.49,2009,7,27,114.55428571428571,115.51410135770718,114.97604903587619,80.61684735998182
2009-07-28,115.64,2009,7,28,115.37571428571428,115.54557601828037,115.0188845819487,65.35829052190458
2009-07-29,115.62,2009,7,29,115.78428571428572,115.56418201371028,115.05766622182297,50.433169760078684
2009-07-30,116.86,2009,7,30,115.82142857142857,115.88813651028272,115.17394582041504,36.49378447047154
2009-07-31,117.71,2009,7,31,115.99714285714286,116.34360238271204,115.33756221909795,24.149352678830894
2009-08-01,106.18,2009,8,1,116.49857142857142,113.80270178703402,114.7467517533497,3.5722658911174108
2009-08-04,112.54,2009,8,4,115.02285714285713,113.48702634027552,114.60438067248843,3.5722658911174023
2009-08-05,119.79,2009,8,5,114.43428571428572,115.06276975520665,114.93893675813435,9.77848007761828
2009-08-06,122.04,2009,8,6,114.9057142857143,116.80707731640499,115.39706987051278,18.747234758306696
2009-08-07,109.4,2009,8,7,115.82000000000001,114.95530798730374,115.01016213693133,30.08655231677655
2009-08-09,114.89,2009,8,9,114.93142857142858,114.9389809904778,115.00240974100028,57.81260007375387
2009-08-10,122.19,2009,8,10,114.65,116.75173574285834,115.4661252415809,72.98756894094316
2009-08-12,125.31,2009,8,12,115.28999999999999,118.89130180714376,116.10121393567245,102.6742877182459
2009-08-13,120.61,2009,8,13,118.02285714285715,119.32097635535783,116.39210335917745,115.88858556510976
2009-08-14,118.66,2009,8,14,119.17571428571429,119.15573226651836,116.53841927148859,127.22790312357962
2009-08-17,116.31,2009,8,17,119.01428571428572,118.44429919988876,116.52368254429578,145.5753043424125
2009-08-18,115.06,2009,8,18,118.19571428571429,117.59822439991657,116.42925141240573,145.57530434241252
2009-08-19,115.37,2009,8,19,119.00428571428571,117.04116829993742,116.36091261160537,142.40287199076897
2009-08-20,114.02,2009,8,20,119.07285714285715,116.28587622495306,116.2098859915018,136.19665780426809
2009-08-21,113.5,2009,8,21,117.9057142857143,115.58940716871479,116.03505463721137,127.22790312357967
2009-08-24,112.58,2009,8,24,116.21857142857142,114.83705537653609,115.81214788642355,88.16253780813244
2009-08-25,111.97,2009,8,25,115.07142857142857,114.12029153240206,115.56426737762203,72.9875689409432
2009-08-26,113.85,2009,8,26,114.11571428571428,114.05271864930154,115.45366948229159,57.81260007375398
2009-08-27,112.25,2009,8,27,113.76428571428572,113.60203898697615,115.24698112859537,43.3008501636404
2009-08-28,112.68,2009,8,28,113.36285714285714,113.37152924023212,115.08136944287953,30.08655231677664
2009-08-31,112.41,2009,8,31,112.97857142857143,113.13114693017408,114.9090230272099,3.5722658911173784
2009-09-01,108.53,2009,9,1,112.74857142857142,111.98086019763056,114.49747315448668,1.5949534979663815
2009-09-02,112.54,2009,9,2,112.03857142857143,112.12064514822292,114.37118456387465,6.310106870568345
2009-09-03,101.42,2009,9,3,112.03285714285714,109.44548386116719,113.53562426943114,13.939385289607053
2009-09-04,113.38,2009,9,4,110.5257142857143,110.42911289587539,113.52558399398397,24.14935267883086
2009-09-06,122.94,2009,9,6,110.45857142857143,113.55683467190654,114.13296567179147,50.433169760078634
2009-09-07,109.43,2009,9,7,111.98571428571428,112.52512600392991,113.8295485316759,65.35829052190448
2009-09-09,115.3,2009,9,9,111.52142857142857,113.21884450294743,113.92441636834198,95.54196812180768
2009-09-10,121.28,2009,9,10,111.9342857142857,115.23413337721058,114.3989701510296,109.48135341141472
2009-09-11,122.62,2009,9,11,113.75571428571428,117.08060003290794,114.92935917354383,121.82578520305547
2009-09-12,124.59,2009,9,12,115.1957142857143,118.95795002468097,115.55262632363778,132.03575259227924
2009-09-14,118.99,2009,9,14,118.50571428571428,118.96596251851074,115.77439236727406,144.38018438391998
2009-09-15,120.62,2009,9,15,119.30714285714285,119.37947188888305,116.0870122145467,145.97513788188635
2009-09-16,120.82,2009,9,16,118.97571428571429,119.73960391666229,116.39236626522111,144.38018438391998
2009-09-17,121.59,2009,9,17,120.60285714285715,120.20220293749671,116.72769747391654,139.66503101131798
2009-09-18,121.41,2009,9,18,121.50142857142858,120.50415220312252,117.02978150785741,132.0357525922793
2009-09-21,120.5,2009,9,21,121.52000000000001,120.50311415234188,117.25366657186662,95.54196812180774
2009-09-22,121.43,2009,9,22,121.21714285714286,120.73483561425641,117.5231074381978,80.61684735998182
2009-09-23,120.44,2009,9,23,120.76571428571428,120.6611267106923,117.71129405508826,65.35829052190458
2009-09-24,116.07,2009,9,24,120.97285714285715,119.51334503301922,117.60540411605031,50.433169760078684
2009-09-25,114.44,2009,9,25,120.32285714285715,118.24500877476441,117.40118449565998,36.49378447047154
2009-09-28,114.0,2009,9,28,119.41142857142857,117.18375658107331,117.18175323787547,6.310106870568386
2009-09-29,112.91,2009,9,29,118.32714285714287,116.11531743580497,116.90615625478674,1.5949534979663733
2009-09-30,113.8,2009,9,30,117.11285714285714,115.53648807685373,116.70575907705857,0.0
2009-10-02,110.64,2009,10,2,116.15571428571427,114.31236605764029,116.31441978176449,30.0865523167766
2009-10-03,100.69,2009,10,3,114.61428571428571,110.90677454323021,115.30639269907002,43.30085016364041
2009-10-06,122.12,2009,10,6,111.79285714285713,113.71008090742266,115.74598026687195,88.16253780813246
2009-10-07,108.58,2009,10,7,112.65714285714286,112.427560680567,115.28365895933183,102.6742877182459
2009-10-08,123.09,2009,10,8,111.82000000000001,115.09317051042524,115.7872938651814,115.88858556510976
2009-10-09,114.28,2009,10,9,113.11857142857141,114.88987788281892,115.69004909968584,127.22790312357962
2009-10-11,118.21,2009,10,11,113.31428571428572,115.71990841211418,115.85262657712546,142.40287199076894
2009-10-12,124.83,2009,10,12,113.94428571428571,117.99743130908563,116.4318119592464,145.5753043424125
2009-10-13,122.0,2009,10,13,115.97142857142858,118.99807348181422,116.79104989735954,145.57530434241252
2009-10-14,122.83,2009,10,14,119.01571428571428,119.95605511136066,117.18065958140086,142.40287199076894
2009-10-15,122.02,2009,10,15,119.11714285714285,120.47204133352048,117.49287509227824,136.19665780426803
2009-10-16,124.59,2009,10,16,121.03714285714285,121.50153100014037,117.95075411858286,127.22790312357967
2009-10-19,126.28,2009,10,19,121.25142857142858,122.69614825010527,118.48812482060978,88.16253780813244
2009-10-20,124.46,2009,10,20,122.96571428571428,123.13711118757895,118.87340709024787,72.9875689409432
2009-10-21,125.79,2009,10,21,123.85857142857142,123.80033339068422,119.31963889087704,57.81260007375398
2009-10-22,125.19,2009,10,22,123.99571428571429,124.14775004301316,119.69837186565918,43.3008501636404
2009-10-23,120.8,2009,10,23,124.45142857142856,123.31081253225987,119.7694446485199,30.08655231677664
2009-10-26,120.37,2009,10,26,124.16142857142857,122.5756093991949,119.80819015506701,3.5722658911173784
2009-10-27,120.71,2009,10,27,123.92571428571428,122.10920704939618,119.86637143538526,0.3998335394738453
2009-10-28,119.43,2009,10,28,123.37142857142858,121.43940528704714,119.83821843955396,0.3998335394738372
2009-10-29,120.47,2009,10,29,122.39285714285714,121.19705396528536,119.87897854022789,3.5722658911173943
2009-10-30,119.9,2009,10,30,121.82285714285715,120.87279047396402,119.880334763439,9.778480077618337
2009-11-02,108.8,2009,11,2,120.9814285714286,117.85459285547302,119.16547445612035,65.35829052190441
2009-11-03,101.18,2009,11,3,118.64,113.68594464160476,118.00512126540292,80.61684735998183
2009-11-05,121.59,2009,11,5,115.83714285714287,115.66195848120358,118.23640376440919,109.48135341141472
2009-11-06,122.16,2009,11,6,116.01142857142858,117.28646886090269,118.48953900541505,121.82578520305547
2009-11-08,123.2,2009,11,8,116.21857142857142,118.76485164567701,118.79343971474313,139.66503101131798
2009-11-09,115.89,2009,11,9,116.75714285714285,118.04613873425775,118.6061210234694,144.38018438391995
2009-11-11,116.88,2009,11,11,116.10285714285715,117.75460405069332,118.49475837679397,144.38018438391998
2009-11-12,124.41,2009,11,12,115.67142857142856,119.41845303801998,118.87638686861372,139.66503101131798
2009-11-13,114.97,2009,11,13,117.90142857142857,118.306339778515,118.62436190934834,132.0357525922793
2009-11-16,118.05,2009,11,16,119.87142857142858,118.24225483388625,118.58730630229361,95.54196812180774
2009-11-17,118.06,2009,11,17,119.36571428571428,118.19669112541469,118.55328654085531,80.61684735998182
2009-11-18,119.65,2009,11,18,118.78,118.560018344061,118.62404224789691,65.35829052190458
2009-11-19,117.67,2009,11,19,118.27285714285713,118.33751375804576,118.56249113512938,50.4331697600788
2009-11-20,117.44,2009,11,20,118.52714285714286,118.11313531853432,118.49007235221781,36.49378447047165
2009-11-23,118.61,2009,11,23,118.60714285714286,118.23735148890074,118.49780961981666,6.310106870568386
2009-11-24,118.04,2009,11,24,117.77857142857144,118.18801361667556,118.46827351531236,1.5949534979663733
2009-11-25,119.91,2009,11,25,118.21714285714286,118.61851021250666,118.5612881272277,0.0
2009-11-26,120.25,2009,11,26,118.48285714285716,119.02638265938,118.67023728030978,1.5949534979663653
2009-11-27,119.15,2009,11,27,118.7957142857143,119.05728699453499,118.70118971383819,6.310106870568362
2009-11-30,122.19,2009,11,30,118.72428571428573,119.84046524590124,118.92627424842928,36.49378447047148
2009-12-01,107.99,2009,12,1,119.36999999999999,116.87784893442594,118.22070816788546,88.16253780813246
2009-12-02,106.57,2009,12,2,118.02,114.30088670081945,117.46904957640899,102.6742877182459
2009-12-03,102.89,2009,12,3,116.3,111.44816502561459,116.52846573276972,115.88858556510976
2009-12-05,122.51,2009,12,5,114.13571428571429,114.21362376921094,116.91437116936523,136.19665780426806
2009-12-06,121.24,2009,12,6,114.50714285714285,115.97021782690821,117.19344399714812,142.40287199076894
2009-12-08,122.43,2009,12,8,114.64857142857143,117.58516337018116,117.53128631991278,145.57530434241252
2009-12-10,122.37,2009,12,10,115.11714285714285,118.78137252763588,117.84346139604745,136.19665780426809
2009-12-11,115.27,2009,12,11,115.14285714285714,117.9035293957269,117.67743162856053,127.22790312357967
2009-12-14,126.97,2009,12,14,116.18285714285715,120.1701470467952,118.2769521686534,88.16253780813244
2009-12-15,127.62,2009,12,15,119.09714285714286,122.0326102850964,118.87972944809512,72.9875689409432
2009-12-16,128.34,2009,12,16,122.63,123.60945771382231,119.49006948370189,57.81260007375398
2009-12-17,127.76,2009,12,17,123.46285714285715,124.64709328536674,120.0236133879792,43.3008501636404
2009-12-18,126.88,2009,12,18,124.39428571428572,125.20531996402505,120.46596091133539,30.08655231677664
2009-12-21,127.52,2009,12,21,125.03,125.78398997301878,120.92106020737828,3.5722658911174188
2009-12-22,124.99,2009,12,22,125.76571428571428,125.58549247976408,121.18357245206356,0.3998335394738453
2009-12-23,124.52,2009,12,23,127.1542857142857,125.31911935982306,121.398825842253,0.3998335394738372
2009-12-28,122.05,2009,12,28,126.80428571428571,124.5018395198673,121.44083707823668,43.300850163640334
2009-12-29,121.64,2009,12,29,126.00857142857144,123.78637963990047,121.4536862989956,57.81260007375392
2009-12-30,121.3,2009,12,30,125.05142857142857,123.16478472992536,121.44377105389913,72.98756894094315
2010-01-02,122.67,2010,1,2,124.12857142857142,123.04108854744402,121.52288259880888,132.0357525922793
2010-01-03,122.99,2010,1,3,123.52714285714286,123.02831641058302,121.6175353343696,139.66503101131798
2010-01-04,130.46,2010,1,4,122.88,124.88623730793728,122.18801692570061,144.38018438391998
2010-01-06,129.88,2010,1,6,123.66142857142857,126.13467798095296,122.68427389823606,144.38018438391998
2010-01-07,155.23,2010,1,7,124.42714285714285,133.40850848571472,124.783998162866,139.665031011318
2010-01-09,160.01,2010,1,9,129.16714285714286,140.05888136428604,127.0566434426811,121.82578520305546
2010-01-10,161.3,2010,1,10,134.64857142857142,145.36916102321453,129.26589225283072,109.4813534114148
2010-01-11,169.94,2010,1,11,140.36285714285714,151.5118707674109,131.89002823651907,95.54196812180774
2010-01-12,170.51,2010,1,12,147.1157142857143,156.26140307555818,134.381639318034,80.6168473599819
2010-01-13,130.35,2010,1,13,153.9042857142857,149.78355230666864,134.12153355558019,65.35829052190446
2010-01-14,130.29,2010,1,14,153.88857142857142,144.91016423000147,133.87433784231695,50.433169760078634
2010-01-15,128.36,2010,1,15,153.94714285714284,140.7726231725011,133.51857411055457,36.49378447047158
2010-01-18,127.59,2010,1,18,150.10857142857142,137.47696737937585,133.13608545826074,6.310106870568354
2010-01-19,127.88,2010,1,19,145.47714285714284,135.07772553453188,132.79698317063102,1.5949534979663815
2010-01-20,126.45,2010,1,20,140.70285714285714,132.92079415089893,132.38750038542904,0.0
2010-01-21,126.07,2010,1,21,134.48999999999998,131.20809561317418,131.97991971540137,1.5949534979663815
2010-01-22,126.76,2010,1,22,128.14142857142858,130.09607170988065,131.6431507015045,6.310106870568345
2010-01-25,127.08,2010,1,25,127.62857142857145,129.3420537824105,131.34875388205262,36.49378447047161
2010-01-26,126.13,2010,1,26,127.16999999999999,128.53904033680786,131.0120600832105,50.433169760078634
2010-01-27,124.02,2010,1,27,126.85142857142856,127.4092802526059,130.56095943268082,65.35829052190448
2010-01-28,122.88,2010,1,28,126.34142857142855,126.27696018945443,130.06541366283045,80.61684735998183
2010-01-29,122.21,2010,1,29,125.62714285714287,125.26022014209082,129.55861278135754,95.54196812180768
2010-02-02,124.39,2010,2,2,125.02142857142857,125.04266510656811,129.2251538922377,145.5753043424125
2010-02-03,123.39,2010,2,3,124.78142857142856,124.62949882992608,128.84869235080302,145.57530434241252
2010-02-06,130.27,2010,2,6,124.29999999999998,126.03962412244456,128.94038961849316,127.22790312357968
2010-02-07,153.86,2010,2,7,124.75571428571428,132.99471809183342,130.54810641730006,115.88858556510975
2010-02-08,159.2,2010,2,8,128.71714285714285,139.54603856887508,132.39661568070008,102.67428771824594
2010-02-09,161.48,2010,2,9,133.74285714285716,145.0295289266563,134.2729630561388,88.16253780813246
2010-02-11,170.63,2010,2,11,139.25714285714284,151.42964669499221,136.61857834283953,57.81260007375393
2010-02-12,172.24,2010,2,12,146.17428571428573,156.63223502124416,138.91673457878537,43.30085016364044
2010-02-15,124.15,2010,2,15,153.01,148.51167626593312,137.96404202531534,9.77848007761832
2010-02-16,124.62,2010,2,16,153.1185714285714,142.53875719944983,137.10313608819823,3.5722658911174108
2010-02-17,124.46,2010,2,17,152.3114285714286,138.01906789958738,136.28744988895963,0.3998335394738534
2010-02-18,125.55,2010,2,18,148.11142857142858,134.90180092469052,135.59471118644612,0.3998335394738453
2010-02-19,125.76,2010,2,19,143.30428571428573,132.6163506935179,134.96021369054637,3.5722658911174023
2010-02-22,123.26,2010,2,22,138.20142857142858,130.2772630201384,134.20536119438208,30.08655231677655
2010-02-23,122.91,2010,2,23,131.43428571428572,128.4354472651038,133.47662821409938,43.30085016364041
2010-02-24,123.21,2010,2,24,124.38714285714286,127.12908544882784,132.81426510351233,57.81260007375387
2010-02-25,121.34,2010,2,25,124.25285714285714,125.68181408662088,132.0739899355438,72.98756894094316
2010-02-26,122.78,2010,2,26,123.78428571428572,124.95636056496565,131.47437768163775,88.16253780813246
2010-03-02,123.66,2010,3,2,123.5442857142857,124.63227042372424,130.97022428282241,139.665031011318
2010-03-03,123.29,2010,3,3,123.27428571428571,124.29670281779319,130.4747259419952,132.0357525922793
2010-03-05,129.48,2010,3,5,122.92142857142858,125.59252711334489,130.4105500747697,109.4813534114148
2010-03-06,130.12,2010,3,6,123.81000000000002,126.72439533500867,130.39180490865553,95.5419681218077
2010-03-08,155.24,2010,3,8,124.83999999999999,133.8532965012565,131.99491426938744,65.35829052190451
2010-03-09,163.7,2010,3,9,129.4157142857143,141.31497237594238,134.04040367136244,50.433169760078634
2010-03-11,170.14,2010,3,11,135.46714285714285,148.52122928195678,136.36940988611326,24.1493526788309
2010-03-12,172.98,2010,3,12,142.23285714285714,154.63592196146757,138.7313834418479,13.93938528960707
2010-03-15,122.41,2010,3,15,149.27857142857144,146.57944147110067,137.6783909617287,0.0
2010-03-16,123.45,2010,3,16,149.15285714285713,140.7970811033255,136.7604302545204,1.5949534979663815
2010-03-17,124.6,2010,3,17,148.29142857142855,136.74781082749413,135.975886367132,6.310106870568345
2010-03-18,126.65,2010,3,18,147.50285714285715,134.2233581206206,135.37421627892996,13.939385289607053
2010-03-19,125.54,2010,3,19,143.41857142857143,132.05251859046544,134.7397507125474,24.14935267883086
2010-03-22,125.9,2010,3,22,137.96714285714285,130.51438894284908,134.1694442149637,65.35829052190441
2010-03-23,127.0,2010,3,23,131.64714285714285,129.6357917071368,133.70689942690154,80.61684735998183
2010-03-24,127.26,2010,3,24,125.07857142857142,129.0418437803526,133.29097043161758,95.54196812180768
2010-03-25,128.96,2010,3,25,125.77142857142857,129.02138283526446,133.01155298441645,109.48135341141483
2010-03-26,128.94,2010,3,26,126.55857142857143,129.00103712644835,132.7488721467122,121.82578520305547
2010-03-29,130.14,2010,3,29,127.17857142857143,129.28577784483628,132.58055781466626,144.38018438391998
2010-03-30,130.27,2010,3,30,127.67714285714285,129.5318333836272,132.43148956855876,145.97513788188635
2010-03-31,129.92,2010,3,31,128.35285714285715,129.6288750377204,132.26945798349047,144.38018438391995
2010-04-01,124.63,2010,4,1,128.92714285714285,128.3791562782903,131.7765897264911,127.2279031235797
2010-04-02,123.09,2010,4,2,128.58857142857144,127.05686720871773,131.21616458284652,115.88858556510975
2010-04-03,122.27,2010,4,3,127.99285714285715,125.8601504065383,130.63899267427578,102.67428771824594
2010-04-05,130.07,2010,4,5,127.03714285714285,126.91261280490372,130.6022834694838,72.98756894094319
2010-04-06,128.86,2010,4,6,127.19857142857141,127.3994596036778,130.48987808435584,57.81260007375393
2010-04-08,155.98,2010,4,8,127.01571428571431,134.54459470275836,132.13440207891352,30.086552316776622
2010-04-10,151.68,2010,4,10,130.6885714285714,138.82844602706876,133.39540839640298,9.77848007761832
2010-04-11,176.0,2010,4,11,133.79714285714286,148.12133452030156,136.14409172566732,3.5722658911174108
2010-04-13,127.1,2010,4,13,141.1357142857143,142.86600089022616,135.5606019369146,0.3998335394738453
2010-04-14,126.79,2010,4,14,141.70857142857145,138.84700066766962,134.99475665066205,3.5722658911174023
2010-04-15,126.34,2010,4,15,142.3542857142857,135.72025050075223,134.43638525384515,9.77848007761828
2010-04-16,125.29,2010,4,16,141.82142857142858,133.11268787556418,133.84629588262933,18.747234758306696
2010-04-19,124.64,2010,4,19,141.3114285714286,130.99451590667314,133.25234130955647,57.81260007375387
2010-04-20,124.39,2010,4,20,136.83428571428573,129.34338693000487,132.68057735410122,72.98756894094316
2010-04-21,124.3,2010,4,21,132.93571428571428,128.08254019750365,132.1398949441592,88.16253780813238
2010-04-22,125.22,2010,4,22,125.55,127.36690514812773,131.69345010905215,102.6742877182459
2010-04-23,125.72,2010,4,23,125.28142857142856,126.95517886109579,131.3080662310488,115.88858556510976
2010-04-26,126.12,2010,4,26,125.12857142857142,126.74638414582185,130.97335228065856,142.40287199076894
2010-04-27,123.79,2010,4,27,125.09714285714286,126.0072881093664,130.50991019803544,145.5753043424125
2010-04-28,125.77,2010,4,28,124.88285714285715,125.94796608202479,130.20410954009768,145.57530434241252
2010-04-29,127.03,2010,4,29,125.04428571428572,126.2184745615186,129.99932827944622,142.40287199076894
2010-04-30,127.59,2010,4,30,125.42142857142858,126.56135592113895,129.8438877452884,136.19665780426809
2010-05-01,125.17,2010,5,1,125.89142857142858,126.21351694085422,129.5423466004311,95.5419681218077
2010-05-02,121.56,2010,5,2,125.88428571428572,125.05013770564067,129.0273564971775,80.6168473599819
2010-05-03,121.9,2010,5,3,125.28999999999999,124.26260327923049,128.5675270457467,65.35829052190446
2010-05-05,129.51,2010,5,5,124.68714285714286,125.57445245942287,128.62833175247272,36.49378447047158
2010-05-07,152.39,2010,5,7,125.50428571428571,132.27833934456714,130.1613426071519,13.93938528960707
2010-05-08,156.19,2010,5,8,129.30714285714285,138.25625450842534,131.84061082604535,6.310106870568354
2010-05-10,152.97,2010,5,10,133.47285714285712,141.934690881319,133.20379722436502,0.0
2010-05-11,175.49,2010,5,11,137.09857142857143,150.32351816098924,135.93193933892212,1.5949534979663815
2010-05-14,128.72,2010,5,14,144.28714285714287,144.92263862074194,135.46665292995942,24.14935267883086
2010-05-17,126.85,2010,5,17,145.31,140.40447896555645,134.91073983770397,65.35829052190448
2010-05-18,128.11,2010,5,18,146.01714285714283,137.33085922416734,134.47198242881984,80.61684735998183
2010-05-19,126.77,2010,5,19,145.81714285714287,134.69064441812552,133.97508033663792,95.54196812180768
2010-05-20,126.34,2010,5,20,142.15714285714287,132.60298331359414,133.48249450846774,109.48135341141472
2010-05-21,126.76,2010,5,21,137.89285714285714,131.1422374851956,133.0487851853408,121.82578520305547
2010-05-24,126.48,2010,5,24,134.14857142857142,129.9766781138967,132.62499259273818,144.38018438391998
2010-05-25,126.6,2010,5,25,127.14714285714285,129.13250858542253,132.2362833932067,145.97513788188635
2010-05-26,128.06,2010,5,26,126.8442857142857,128.8643814390669,131.9668457549353,144.38018438391995
2010-05-27,128.46,2010,5,27,127.01714285714284,128.76328607930017,131.74059764171366,139.66503101131798
2010-05-28,128.36,2010,5,28,127.06714285714285,128.66246455947513,131.52249456805473,132.0357525922793
2010-05-31,128.57,2010,5,31,127.2942857142857,128.63934841960634,131.33201104753508,95.54196812180761
2010-06-01,126.47,2010,6,1,127.61285714285715,128.09701131470476,131.01833291543605,57.81260007375393
2010-06-04,131.54,2010,6,4,127.57142857142857,128.95775848602855,131.05198885637566,18.747234758306696
2010-06-05,127.33,2010,6,5,128.29428571428573,128.55081886452143,130.8118605430611,9.77848007761832
2010-06-07,148.26,2010,6,7,128.39857142857142,133.47811414839106,131.9375469596378,0.3998335394738453
2010-06-08,154.86,2010,6,8,131.28428571428572,138.8235856112933,133.4164148977257,0.3998335394738453
2010-06-09,162.07,2010,6,9,135.0557142857143,144.63518920846997,135.26503329142082,3.5722658911174023
2010-06-10,152.68,2010,6,10,139.87142857142857,146.64639190635248,136.388579530684,9.77848007761828
2010-06-12,175.08,2010,6,12,143.31571428571428,153.75479392976436,138.88480020612377,30.0865523167766
2010-06-14,142.16,2010,6,14,150.26,150.85609544732327,139.0961034186319,57.81260007375387
2010-06-15,145.8,2010,6,15,151.77714285714288,149.59207158549248,139.5286128754944,72.98756894094316
2010-06-16,148.61,2010,6,16,154.4157142857143,149.34655368911936,140.1145088190109,88.16253780813238
2010-06-17,147.25,2010,6,17,154.4657142857143,148.82241526683953,140.57486308875212,102.6742877182459
2010-06-18,148.4,2010,6,18,153.37857142857143,148.71681145012965,141.07971063141326,115.88858556510976
2010-06-21,149.27,2010,6,21,151.4257142857143,148.85510858759724,141.60811639712853,142.40287199076894
2010-06-22,148.83,2010,6,22,150.9385714285714,148.84883144069795,142.07404437150734,145.5753043424125
2010-06-23,148.37,2010,6,23,147.18857142857146,148.72912358052346,142.48023505721653,145.57530434241252
2010-06-24,154.32,2010,6,24,148.07571428571427,150.1268426853926,143.24409085997678,142.40287199076894
2010-06-25,155.6,2010,6,25,149.29285714285714,151.49513201404446,144.0412462883654,136.19665780426803
2010-06-28,155.46,2010,6,28,150.29142857142855,152.48634901053336,144.7779400762128,102.674287718246
2010-06-29,151.87,2010,6,29,151.46428571428572,152.33226175790003,145.23549232936037,88.16253780813244
2010-06-30,152.99,2010,6,30,151.96,152.49669631842502,145.735783146821,72.9875689409432
2010-07-01,126.56,2010,7,1,152.49142857142857,146.01252223881875,144.4986358470261,24.1493526788309
2010-07-04,130.82,2010,7,4,149.31,142.21439167911404,143.61614321173408,1.5949534979663815
2010-07-05,127.64,2010,7,5,146.80285714285716,138.57079375933554,142.585424294848,0.0
2010-07-06,128.49,2010,7,6,142.99142857142857,136.05059531950167,141.67604208227715,1.5949534979663815
2010-07-07,150.05,2010,7,7,139.1185714285714,139.55044648962627,142.21629743180767,6.310106870568345
2010-07-09,163.75,2010,7,9,138.3457142857143,145.60033486721971,143.60556856523945,24.14935267883086
2010-07-10,152.23,2010,7,10,140.04285714285714,147.25775115041478,144.16198349651432,36.49378447047161
2010-07-12,175.83,2010,7,12,139.93428571428572,154.40081336281108,146.20508133544888,65.35829052190448
2010-07-13,154.57,2010,7,13,146.97285714285712,154.44311002210833,146.7447535073554,80.61684735998183
2010-07-14,154.05,2010,7,14,150.3657142857143,154.34483251658125,147.2160597326873,95.54196812180768
2010-07-15,156.05,2010,7,15,154.13857142857142,154.77112438743592,147.7859913628365,109.48135341141483
2010-07-16,155.69,2010,7,16,158.07571428571433,155.00084329057694,148.29592740394384,121.82578520305547
2010-07-19,153.95,2010,7,19,158.8814285714286,154.7381324679327,148.66070628110876,144.38018438391998
2010-07-20,150.65,2010,7,20,157.48142857142855,153.71609935094952,148.7890478113598,145.97513788188635
2010-07-21,148.93,2010,7,21,157.25571428571428,152.51957451321215,148.7981415009495,144.38018438391998
2010-07-22,151.26,2010,7,22,153.41285714285715,152.20468088490912,148.9569710815334,139.66503101131798
2010-07-23,153.89,2010,7,23,152.94,152.62601066368183,149.27523101175706,132.0357525922793
2010-07-26,154.33,2010,7,26,152.91714285714286,153.05200799776136,149.60134514003082,95.54196812180761
2010-07-27,153.35,2010,7,27,152.67142857142858,153.12650599832102,149.84319384067402,80.61684735998182
2010-07-28,154.52,2010,7,28,152.33714285714285,153.47487949874076,150.14492327030797,65.35829052190458
2010-07-29,157.5,2010,7,29,152.41857142857143,154.48115962405558,150.61944434964295,50.433169760078684
2010-07-30,160.51,2010,7,30,153.39714285714285,155.98836971804167,151.2575447141821,36.49378447047154
2010-08-01,128.82,2010,8,1,155.05142857142854,149.19627728853123,149.80996118423488,3.5722658911174108
2010-08-02,121.75,2010,8,2,151.8457142857143,142.3347079663984,147.99964110783262,0.3998335394738534
2010-08-03,122.31,2010,8,3,147.25428571428571,137.3285309747988,146.3422449073273,0.3998335394738453
2010-08-04,129.04,2010,8,4,142.68,135.2563982310991,145.22597104233844,3.5722658911174023
2010-08-06,129.02,2010,8,6,139.20714285714286,133.69729867332433,144.1804245234779,18.747234758306696
2010-08-07,151.08,2010,8,7,135.56428571428572,138.04297400499325,144.625558425189,30.08655231677655
2010-08-09,167.24,2010,8,9,134.64714285714288,145.34223050374493,146.084554655822,57.81260007375387
2010-08-10,155.18,2010,8,10,135.60857142857142,147.8016728778087,146.67135758125283,72.98756894094316
2010-08-11,178.35,2010,8,11,139.37428571428572,155.43875465835652,148.7151409631075,88.16253780813238
2010-08-12,174.0,2010,8,12,147.46,160.0790659937674,150.34642219129412,102.6742877182459
2010-08-13,159.74,2010,8,13,154.84428571428572,159.99429949532555,150.95245946927517,115.88858556510976
2010-08-16,160.36,2010,8,16,159.23000000000002,160.08572462149417,151.5593975680316,142.40287199076894
2010-08-17,160.52,2010,8,17,163.70714285714286,160.19429346612063,152.13750095073925,145.5753043424125
2010-08-18,159.2,2010,8,18,165.0557142857143,159.94572009959046,152.5931460506916,145.57530434241252
2010-08-19,160.13,2010,8,19,163.90714285714284,159.99179007469286,153.07939469258247,142.40287199076897
2010-08-20,163.19,2010,8,20,164.6142857142857,160.79134255601963,153.73169180919007,136.19665780426809
2010-08-23,162.87,2010,8,23,162.44857142857146,161.3110069170147,154.3212600795649,102.674287718246
2010-08-24,152.51,2010,8,24,160.85857142857142,159.11075518776101,154.20440459056073,88.16253780813244
2010-08-25,149.55,2010,8,25,159.82571428571427,156.72056639082075,153.9041204234278,72.9875689409432
2010-08-26,153.18,2010,8,26,158.28142857142856,155.83542479311558,153.85740297675503,57.81260007375398
2010-08-27,157.5,2010,8,27,157.23285714285717,156.25156859483667,154.0924092363192,43.3008501636404
2010-08-30,159.47,2010,8,30,156.99,157.0561764461275,154.43935057591153,9.778480077618369
2010-08-31,158.02,2010,8,31,156.8957142857143,157.29713233459563,154.6703602161753,3.5722658911173784
2010-09-02,122.8,2010,9,2,156.15714285714287,148.6728492509467,152.61420794416404,6.310106870568345
2010-09-03,123.22,2010,9,3,150.43285714285713,142.30963693821005,150.7178074316373,13.939385289607053
2010-09-04,128.01,2010,9,4,146.24857142857144,138.73472770365754,149.25278759733814,24.14935267883086
2010-09-06,130.1,2010,9,6,143.17142857142858,136.57604577774316,148.01712388138085,50.433169760078634
2010-09-07,152.43,2010,9,7,139.87428571428572,140.53953433330736,148.30182556645306,65.35829052190448
2010-09-08,155.2,2010,9,8,139.15,144.20465074998052,148.7468690782948,80.61684735998183
2010-09-09,164.46,2010,9,9,138.54,149.2684880624854,149.7606194603403,95.54196812180768
2010-09-11,183.87,2010,9,11,139.46,157.91886604686405,151.9612246564474,121.82578520305547
2010-09-12,174.27,2010,9,12,148.18428571428572,162.00664953514803,153.4005004850637,132.03575259227924
2010-09-13,163.65,2010,9,13,155.47714285714287,162.41748715136103,154.06175851828542,139.66503101131798
2010-09-14,166.47,2010,9,14,160.56857142857143,163.4306153635208,154.86229022678316,144.38018438391998
2010-09-15,166.42,2010,9,15,165.76428571428573,164.17796152264057,155.60794892182943,145.97513788188635
2010-09-16,166.54,2010,9,16,167.76285714285714,164.76847114198043,156.31324253977593,144.38018438391998
2010-09-17,164.73,2010,9,17,169.38285714285715,164.75885335648533,156.85625915011298,139.66503101131798
2010-09-20,161.55,2010,9,20,169.42142857142858,163.956640017364,157.1590811404283,109.48135341141486
2010-09-21,161.07,2010,9,21,166.23285714285717,163.234980013023,157.41139848620713,95.54196812180774
2010-09-22,161.59,2010,9,22,164.34714285714287,162.82373500976726,157.6809856806454,80.61684735998182
2010-09-23,161.63,2010,9,23,164.05285714285714,162.52530125732545,157.93576079802313,65.35829052190458
2010-09-24,161.45,2010,9,24,163.36142857142858,162.2564759429941,158.16248590782808,50.433169760078684
2010-09-27,163.99,2010,9,27,162.65142857142857,162.68985695724558,158.53845455893597,13.939385289607078
2010-09-28,165.89,2010,9,28,162.28714285714287,163.4898927179342,159.01274781319816,6.310106870568386
2010-09-29,164.27,2010,9,29,162.4528571428571,163.68491953845066,159.351925373637,1.5949534979663733
2010-09-30,163.41,2010,9,30,162.84142857142857,163.61618965383798,159.61373663985395,0.0
2010-10-02,123.18,2010,10,2,163.1757142857143,153.50714224037847,157.26317298566983,30.0865523167766
2010-10-03,123.55,2010,10,3,157.6885714285714,146.01785668028384,155.08812956723952,43.30085016364041
2010-10-05,128.28,2010,10,5,152.24857142857144,141.5833925102129,153.358572820966,72.98756894094316
2010-10-06,133.74,2010,10,6,147.51,139.62254438265967,152.0928584454198,88.16253780813246
2010-10-08,155.98,2010,10,8,143.1885714285714,143.71190828699474,152.34364177152176,115.88858556510976
2010-10-09,164.14,2010,10,9,141.77285714285713,148.81893121524604,153.104697141101,127.22790312357962
2010-10-11,180.02,2010,10,11,141.75428571428571,156.61919841143452,154.84116829328806,142.40287199076894
2010-10-12,176.52,2010,10,12,144.12714285714287,161.5943988085759,156.2398025969469,145.5753043424125
2010-10-13,158.42,2010,10,13,151.74714285714285,160.80079910643192,156.38046049391806,145.57530434241252
2010-10-14,159.3,2010,10,14,156.72857142857143,160.42559932982397,156.56881788140723,142.40287199076894
2010-10-15,158.86,2010,10,15,161.16000000000003,160.03419949736798,156.71663608260678,136.19665780426803
2010-10-18,158.34,2010,10,18,164.74857142857144,159.61064962302598,156.82136923856766,102.674287718246
2010-10-19,160.88,2010,10,19,165.08571428571432,159.92798721726948,157.0832163844665,88.16253780813244
2010-10-20,165.95,2010,10,20,164.62000000000003,161.4334904129521,157.6552669403074,72.9875689409432
2010-10-21,169.89,2010,10,21,162.60999999999999,163.54761780971407,158.44460455706178,57.81260007375398
2010-10-22,169.25,2010,10,22,161.66285714285712,164.97321335728554,159.14172684370294,43.3008501636404
2010-10-25,170.54,2010,10,25,163.21,166.36491001796415,159.87709930539953,9.778480077618305
2010-10-26,170.88,2010,10,26,164.81571428571428,167.49368251347312,160.5869638663415,3.5722658911173784
2010-10-27,171.49,2010,10,27,166.53285714285715,168.49276188510484,161.290385552384,0.3998335394738453
2010-10-28,168.88,2010,10,28,168.4114285714286,168.58957141382862,161.78003809739153,0.3998335394738372
2010-10-29,172.57,2010,10,29,169.55428571428573,169.58467856037146,162.47616467175337,3.5722658911173943
2010-11-01,129.24,2010,11,1,170.5,159.4985089202786,160.33189598325316,50.433169760078634
2010-11-02,123.35,2010,11,2,164.69285714285712,150.46138169020895,157.94596721014008,65.35829052190441
2010-11-03,124.24,2010,11,3,158.1357142857143,143.9060362676567,155.77138868045364,80.61684735998183
2010-11-05,129.52,2010,11,5,151.52142857142857,140.30952720074254,154.07775070106953,109.48135341141472
2010-11-06,139.08,2010,11,6,145.61285714285714,140.0021454005569,153.1101538816457,121.82578520305547
2010-11-08,156.15,2010,11,8,140.98285714285714,144.0391090504177,153.30627298605563,139.66503101131798
2010-11-10,154.06,2010,11,10,139.16428571428574,146.5443317878133,153.35490053534238,145.97513788188635
2010-11-11,176.38,2010,11,11,136.52,154.00324884085995,154.8403908233848,144.38018438391998
2010-11-15,173.64,2010,11,15,143.25428571428571,158.91243663064495,156.05326883477935,109.48135341141486
2010-11-16,170.04,2010,11,16,150.43857142857146,161.6943274729837,156.95563858737424,95.54196812180774
2010-11-17,169.76,2010,11,17,156.98142857142858,163.71074560473778,157.78172642044686,80.61684735998182
2010-11-18,175.49,2010,11,18,162.73000000000002,166.65555920355334,158.92419568364383,65.35829052190458
2010-11-19,175.85,2010,11,19,167.93142857142857,168.954169402665,160.01618305889264,50.4331697600788
2010-11-22,175.0,2010,11,22,170.74571428571426,170.46562705199875,160.98288092606086,13.939385289607078
2010-11-23,175.18,2010,11,23,173.73714285714283,171.64422028899907,161.89882409212146,6.310106870568386
2010-11-24,175.18,2010,11,24,173.56571428571425,172.5281652167493,162.7556741506943,1.5949534979663733
2010-11-25,172.9,2010,11,25,173.78571428571428,172.62112391256196,163.41014678613337,0.0
2010-11-26,170.56,2010,11,26,174.19428571428574,172.10584293442145,163.8714276386409,1.5949534979663653
2010-11-29,170.08,2010,11,29,174.30857142857144,171.5993822008161,164.27198069421246,24.149352678830844
2010-11-30,170.15,2010,11,30,173.53571428571428,171.23703665061208,164.65120774619876,36.49378447047148
2010-12-01,128.94,2010,12,1,172.7214285714286,160.6627774879591,162.34725885934722,88.16253780813246
2010-12-02,122.91,2010,12,2,166.1414285714286,151.22458311596932,159.80291957809902,102.6742877182459
2010-12-03,123.8,2010,12,3,158.67428571428573,144.368437336977,157.4801505730604,115.88858556510976
2010-12-04,127.85,2010,12,4,151.3342857142857,140.23882800273276,155.5685279554436,127.22790312357962
2010-12-05,130.08,2010,12,5,144.89857142857144,137.69912100204957,153.92410679702792,136.19665780426806
2010-12-07,152.51,2010,12,7,139.1157142857143,141.40184075153718,153.83287410044548,145.5753043424125
2010-12-08,159.02,2010,12,8,136.6057142857143,145.80638056365288,154.1675273842877,145.57530434241252
2010-12-10,157.5,2010,12,10,135.0157142857143,148.72978542273967,154.38252561755945,136.19665780426809
2010-12-11,171.19,2010,12,11,139.0957142857143,154.34483906705475,155.46687880352334,127.22790312357967
2010-12-13,183.57,2010,12,13,145.99285714285713,161.65112930029107,157.27998339684441,102.674287718246
2010-12-14,182.5,2010,12,14,154.53142857142856,166.8633469752183,158.9070812422093,88.16253780813244
2010-12-15,183.12,2010,12,15,162.3385714285714,170.92751023141372,160.4692050330345,72.9875689409432
2010-12-16,182.83,2010,12,16,169.9157142857143,173.9031326735603,161.9118369663871,57.81260007375398
2010-12-17,187.64,2010,12,17,174.24714285714285,177.3373495051702,163.57171845242667,43.3008501636404
2010-12-20,188.15,2010,12,20,178.33571428571432,180.04051212887765,165.15741403614106,9.778480077618369
2010-12-21,194.32,2010,12,21,182.71428571428572,183.6103840966582,167.03887119509972,3.5722658911174188
2010-12-22,193.72,2010,12,22,186.01857142857145,186.13778807249366,168.76023434380298,0.3998335394738453
2010-12-23,194.69,2010,12,23,187.46857142857147,188.27584105437023,170.43312245065442,0.3998335394738372
2010-12-27,195.68,2010,12,27,189.21,190.1268807907777,172.06195326028964,30.08655231677659
2010-12-28,196.87,2010,12,28,191.00428571428571,191.81266059308328,173.66247240478708,43.300850163640334
2010-12-29,197.45,2010,12,29,193.01000000000002,193.22199544481248,175.19715160447825,57.81260007375392
2010-12-30,197.47,2010,12,30,194.41142857142856,194.28399658360937,176.63410956547966,72.98756894094315
2011-01-02,209.38,2011,1,2,195.74285714285716,198.05799743770703,178.74674765802936,132.0357525922793
2011-01-03,220.58,2011,1,3,197.8942857142857,203.68849807828028,181.44566716396295,139.66503101131798
2011-01-04,215.31,2011,1,4,201.73142857142855,206.5938735587102,183.63046283080405,144.38018438391998
2011-01-06,216.73,2011,1,6,204.67714285714285,209.12790516903266,185.76591684171993,144.38018438391998
2011-01-07,220.95,2011,1,7,207.68428571428572,212.08342887677452,188.03585769064122,139.665031011318
2011-01-08,200.06,2011,1,8,211.12428571428572,209.0775716575809,188.81160880737406,132.0357525922793
2011-01-09,234.26,2011,1,9,211.49714285714285,215.3731787431857,191.74376307786608,121.82578520305546
2011-01-11,187.67,2011,1,11,216.75285714285715,208.44738405738926,191.4809396534876,95.54196812180774
2011-01-12,197.8,2011,1,12,213.65142857142857,205.78553804304192,191.88862096616583,80.6168473599819
2011-01-13,198.43,2011,1,13,210.39714285714285,203.94665353228146,192.31064541996162,65.35829052190446
2011-01-14,196.49,2011,1,14,207.9857142857143,202.08249014921108,192.58028119931896,50.433169760078634
2011-01-17,196.74,2011,1,17,205.09428571428572,200.74686761190833,192.8486501542016,13.93938528960707
2011-01-18,197.47,2011,1,18,201.6357142857143,199.92765070893125,193.14680175715637,6.310106870568354
2011-01-19,195.39,2011,1,19,201.2657142857143,198.79323803169845,193.2915242244366,1.5949534979663815
2011-01-20,194.85,2011,1,20,195.71285714285713,197.80742852377384,193.3920710486665,0.0
2011-01-21,200.54,2011,1,21,196.73857142857145,198.49057139283036,193.85322775520416,1.5949534979663815
2011-01-24,199.53,2011,1,24,197.13000000000002,198.75042854462276,194.21947112583615,24.14935267883091
2011-01-25,195.45,2011,1,25,197.28714285714287,197.92532140846708,194.29886008545964,36.49378447047161
2011-01-26,199.79,2011,1,26,197.1385714285714,198.3914910563503,194.6531271767203,50.433169760078634
2011-01-27,199.53,2011,1,27,197.5742857142857,198.67611829226271,194.96776413306094,65.35829052190448
2011-01-28,205.0,2011,1,28,197.8685714285714,200.25708871919704,195.61500515673444,80.61684735998183
2011-01-31,205.97,2011,1,31,199.24142857142857,201.68531653939777,196.28306934017093,121.82578520305547
2011-02-02,210.15,2011,2,2,200.83,203.80148740454834,197.17771002790184,145.5753043424125
2011-02-03,220.39,2011,2,3,202.2028571428571,207.94861555341126,198.6752771228759,145.57530434241252
2011-02-05,247.39,2011,2,5,205.18285714285713,217.80896166505843,201.81816246978715,136.19665780426806
2011-02-06,219.1,2011,2,6,212.60285714285712,218.13172124879384,202.9331197298009,127.22790312357968
2011-02-08,201.76,2011,2,8,215.36142857142858,214.03879093659538,202.85743458594277,102.67428771824594
2011-02-09,233.24,2011,2,9,215.68,218.83909320244652,204.81760009652714,88.16253780813246
2011-02-11,188.69,2011,2,11,219.71428571428572,211.3018199018349,203.77710976771897,57.81260007375393
2011-02-12,194.77,2011,2,12,217.24571428571426,207.16886492637616,203.1960059117371,43.30085016364044
2011-02-14,216.67,2011,2,14,215.04857142857145,209.5441486947821,204.06529585291537,18.747234758306696
2011-02-15,216.77,2011,2,15,214.51714285714283,211.3506115210866,204.88495418498536,9.77848007761832
2011-02-16,216.93,2011,2,16,210.14285714285714,212.74545864081495,205.66205391498633,3.5722658911174108
2011-02-17,220.29,2011,2,17,209.83285714285714,214.6315939806112,206.605792372084,0.3998335394738534
2011-02-18,223.07,2011,2,18,212.48,216.74119548545838,207.6679993158205,0.3998335394738453
2011-02-21,223.85,2011,2,21,211.02714285714282,218.5183966140938,208.71199935996114,18.747234758306654
2011-02-22,225.55,2011,2,22,216.05,220.27629746057033,209.79832198189916,30.08655231677655
2011-02-23,221.36,2011,2,23,220.44714285714284,220.54722309542777,210.5442366927444,43.30085016364041
2011-02-24,217.8,2011,2,24,221.11714285714288,219.86041732157082,211.01235045450284,57.81260007375387
2011-02-25,220.93,2011,2,25,221.26428571428573,220.12781299117813,211.65219881227685,72.98756894094316
2011-02-28,223.99,2011,2,28,221.83571428571426,221.0933597433836,212.44818598567835,115.88858556510976
2011-03-01,197.97,2011,3,1,222.36428571428573,215.31251980753768,211.51410947047333,144.38018438391998
2011-03-02,211.02,2011,3,2,218.77857142857144,214.23938985565326,211.48223144012024,139.665031011318
2011-03-03,222.89,2011,3,3,216.94571428571427,216.40204239173994,212.21821650849958,132.0357525922793
2011-03-05,247.63,2011,3,5,216.56571428571428,224.20903179380494,214.5028477014996,109.4813534114148
2011-03-06,224.31,2011,3,6,220.31857142857143,224.2342738453537,215.13556720462867,95.5419681218077
2011-03-08,200.44,2011,3,8,221.24857142857144,218.28570538401527,214.18746609465265,65.35829052190451
2011-03-10,190.25,2011,3,10,218.32142857142858,211.27677903801145,212.64311344338475,36.49378447047164
2011-03-11,189.68,2011,3,11,213.5014285714286,205.8775842785086,211.16162225348899,24.1493526788309
2011-03-14,223.38,2011,3,14,212.31714285714287,210.25318820888145,211.94990468874778,1.5949534979663815
2011-03-15,216.63,2011,3,15,214.08285714285714,211.84739115666108,212.2518463217318,0.0
2011-03-16,220.41,2011,3,16,213.1885714285714,213.9880433674958,212.77817881710394,1.5949534979663815
2011-03-17,226.13,2011,3,17,209.3,217.02353252562185,213.6395866353553,6.310106870568345
2011-03-18,228.33,2011,3,18,209.55999999999997,219.8501493942164,214.58735523952592,13.939385289607053
2011-03-21,229.42,2011,3,21,213.54428571428573,222.2426120456623,215.54430006278233,50.433169760078634
2011-03-22,226.33,2011,3,22,219.13999999999996,223.26445903424673,216.2401516716351,65.35829052190441
2011-03-23,223.25,2011,3,23,224.3757142857143,223.26084427568503,216.69239995088446,80.61684735998183
2011-03-24,221.18,2011,3,24,224.35714285714286,222.7406332067638,216.98192253469838,95.54196812180768
2011-03-25,224.55,2011,3,25,225.0071428571429,223.19297490507284,217.47018559697594,109.48135341141483
2011-03-28,221.15,2011,3,28,225.59857142857143,222.68223117880464,217.70759297781623,139.66503101131798
2011-03-29,217.94,2011,3,29,224.88714285714286,221.49667338410347,217.72258697924747,144.38018438391998
2011-03-30,220.08,2011,3,30,223.40285714285713,221.14250503807762,217.87467814187667,145.97513788188635
2011-03-31,219.81,2011,3,31,222.06857142857143,220.8093787785582,217.99953761659432,144.38018438391995
2011-04-01,194.25,2011,4,1,221.13714285714286,214.16953408391865,216.46730938326567,127.2279031235797
2011-04-02,208.77,2011,4,2,216.99428571428572,212.819650562939,215.97070877789372,115.88858556510975
2011-04-03,222.96,2011,4,3,215.2214285714286,215.35473792220427,216.42163079222317,102.67428771824594
2011-04-04,212.51,2011,4,4,214.99428571428572,214.64355344165318,216.16926751530556,88.16253780813246
2011-04-05,239.88,2011,4,5,213.76000000000002,220.95266508123987,217.69899219173746,72.98756894094319
2011-04-07,221.1,2011,4,7,216.8942857142857,220.98949881092992,217.91841205033504,43.30085016364044
2011-04-08,195.85,2011,4,8,217.04,214.70462410819744,216.4946435309586,30.086552316776622
2011-04-10,190.77,2011,4,10,213.61714285714285,208.72096808114807,214.83498910960645,9.77848007761832
2011-04-11,191.52,2011,4,11,213.11999999999998,204.42072606086106,213.3307962638254,3.5722658911174108
2011-04-13,230.21,2011,4,13,210.65571428571428,210.8680445456458,214.4197771500302,0.3998335394738453
2011-04-14,231.23,2011,4,14,211.69142857142856,215.95853340923435,215.50430765647985,3.5722658911174023
2011-04-15,234.46,2011,4,15,214.3657142857143,220.58390005692576,216.7272555496102,9.77848007761828
2011-04-18,232.52,2011,4,18,213.5914285714286,223.5679250426943,217.74614228834503,43.30085016364041
2011-04-19,237.32,2011,4,19,215.22285714285712,227.00594378202072,219.00897181812923,57.81260007375387
2011-04-20,241.62,2011,4,20,221.14714285714285,230.65945783651554,220.46774782986284,72.98756894094316
2011-04-21,240.5,2011,4,21,228.4114285714286,233.11959337738665,221.76015119567813,88.16253780813238
2011-04-25,237.15,2011,4,25,235.40857142857143,234.12719503303998,222.75304466692472,136.19665780426806
2011-04-26,241.28,2011,4,26,236.4,235.91539627478,223.9483321077683,142.40287199076894
2011-04-27,241.08,2011,4,27,237.83571428571426,237.206547206085,225.05360100404133,145.5753043424125
2011-04-28,243.97,2011,4,28,238.78142857142856,238.89741040456374,226.2740138424903,145.57530434241252
2011-04-29,244.27,2011,4,29,240.41714285714286,240.2405578034228,227.43504520749093,142.40287199076894
2011-05-01,192.57,2011,5,1,241.41000000000003,228.32291835256711,225.18568745216896,95.5419681218077
2011-05-04,221.3,2011,5,4,234.40285714285713,226.56718876442534,224.93499793912582,50.433169760078634
2011-05-05,236.42,2011,5,5,231.66,229.030391573319,225.67596581402094,36.49378447047158
2011-05-07,222.82,2011,5,7,231.5557142857143,227.47779367998925,225.49170995505187,13.93938528960707
2011-05-08,196.98,2011,5,8,228.91857142857143,219.85334525999195,223.65224479666145,6.310106870568354
2011-05-09,230.74,2011,5,9,222.6185714285714,222.57500894499395,224.1095193259091,1.5949534979663815
2011-05-10,191.23,2011,5,10,220.72857142857143,214.73875670874548,221.98826001456015,0.0
2011-05-12,198.77,2011,5,12,213.15142857142857,210.7465675315591,220.49030775555627,6.310106870568345
2011-05-13,225.17,2011,5,13,214.03714285714287,214.3524256486693,220.79222338423008,13.939385289607094
2011-05-16,220.18,2011,5,16,214.59,215.809319236502,220.75272510137657,50.433169760078634
2011-05-17,221.44,2011,5,17,212.26999999999998,217.21698942737652,220.7970654174168,65.35829052190448
2011-05-18,226.21,2011,5,18,212.07285714285715,219.46524207053238,221.14628700338992,80.61684735998183
2011-05-19,223.18,2011,5,19,216.24857142857144,220.3939315528993,221.27749429349382,95.54196812180768
2011-05-20,218.04,2011,5,20,215.16857142857143,219.80544866467446,221.06862369391357,109.48135341141472
2011-05-23,219.93,2011,5,23,218.99857142857144,219.83658649850582,220.99516410075788,139.66503101131798
2011-05-24,219.62,2011,5,24,222.02142857142857,219.78243987387938,220.90644383619286,144.38018438391998
2011-05-25,222.62,2011,5,25,221.22857142857143,220.49182990540953,221.0169958467611,145.97513788188635
2011-05-26,222.17,2011,5,26,221.5771428571429,220.91137242905714,221.0913832114862,144.38018438391995
2011-05-27,221.31,2011,5,27,221.68142857142857,221.01102932179288,221.1054875204226,139.66503101131798
2011-05-30,221.43,2011,5,30,220.98142857142858,221.11577199134467,221.1264238094276,109.48135341141474
2011-05-31,221.98,2011,5,31,220.73142857142855,221.3318289935085,221.18149324107742,95.54196812180761
2011-06-01,193.14,2011,6,1,221.2942857142857,214.2838717451314,219.3723646448789,57.81260007375393
2011-06-04,219.82,2011,6,4,217.46714285714285,215.66790380884856,219.4012443452093,18.747234758306696
2011-06-05,237.04,2011,6,5,217.49571428571429,221.0109278566364,220.53922858100225,9.77848007761832
2011-06-06,217.01,2011,6,6,219.55571428571426,220.01069589247732,220.311536414486,3.5722658911174108
2011-06-07,222.57,2011,6,7,218.81857142857143,220.65052191935797,220.45724374258367,0.3998335394738453
2011-06-09,226.76,2011,6,9,218.9985714285714,222.17789143951848,220.86387317854602,3.5722658911174023
2011-06-10,195.99,2011,6,10,219.76,215.63091857963886,219.25910716702694,9.77848007761828
2011-06-12,198.14,2011,6,12,216.04714285714286,211.25818893472913,217.89658412399297,30.0865523167766
2011-06-13,222.16,2011,6,13,216.76142857142855,213.98364170104685,218.17164321276763,43.30085016364041
2011-06-14,221.02,2011,6,14,217.0957142857143,215.74273127578513,218.35540816678264,57.81260007375387
2011-06-15,218.66,2011,6,15,214.80714285714288,216.47204845683885,218.37505925279666,72.98756894094316
2011-06-16,216.03,2011,6,16,215.04285714285714,216.36153634262914,218.22376510745497,88.16253780813238
2011-06-17,210.4,2011,6,17,214.10857142857142,214.87115225697184,217.71900606826432,102.6742877182459
2011-06-20,205.35,2011,6,20,211.77142857142857,212.49086419272888,216.9210056767634,136.196657804268
2011-06-21,204.85,2011,6,21,213.10857142857142,210.58064814454667,216.14223111697223,142.40287199076894
2011-06-22,204.92,2011,6,22,214.06714285714287,209.16548610841,215.41821620619984,145.5753043424125
2011-06-23,205.22,2011,6,23,211.60428571428568,208.1791145813075,214.76026677354182,145.57530434241252
2011-06-24,207.86,2011,6,24,209.34714285714284,208.09933593598063,214.315088272023,142.40287199076894
2011-06-27,210.14,2011,6,27,207.80428571428573,208.60950195198546,214.0457277383441,115.88858556510975
2011-06-28,216.63,2011,6,28,206.96285714285713,210.61462646398908,214.21245498103158,102.674287718246
2011-06-29,216.87,2011,6,29,207.85285714285715,212.1784698479918,214.3839094983844,88.16253780813244
2011-06-30,222.32,2011,6,30,209.49857142857144,214.71385238599385,214.89591533719835,72.9875689409432
2011-07-01,192.01,2011,7,1,211.99428571428572,209.03788928949538,213.41940467028232,24.1493526788309
2011-07-02,209.17,2011,7,2,210.15000000000003,209.07091696712152,213.14524953026412,13.93938528960707
2011-07-03,228.33,2011,7,3,210.71428571428572,213.88568772534114,214.12491085089223,6.310106870568354
2011-07-04,224.94,2011,7,4,213.6385714285714,216.64926579400588,214.82265853793146,1.5949534979663815
2011-07-06,219.99,2011,7,6,215.75285714285715,217.4844493455044,215.15603540645202,1.5949534979663815
2011-07-07,223.64,2011,7,7,216.2328571428571,219.0233370091283,215.7033879608745,6.310106870568345
2011-07-09,228.59,2011,7,9,217.20000000000002,221.41500275684623,216.5347822859794,24.14935267883086
2011-07-10,190.28,2011,7,10,218.09571428571425,213.63125206763468,214.84092536430333,36.49378447047161
2011-07-11,193.92,2011,7,11,217.8485714285714,208.703439050726,213.4911882440257,50.433169760078634
2011-07-12,193.37,2011,7,12,215.67000000000002,204.87007928804448,212.1930470669918,65.35829052190448
2011-07-13,218.3,2011,7,13,210.6757142857143,208.22755946603337,212.5870440304117,80.61684735998183
2011-07-14,214.29,2011,7,14,209.72714285714287,209.743169599525,212.6969121574819,95.54196812180768
2011-07-15,210.81,2011,7,15,208.91285714285715,210.00987719964377,212.57517588925728,109.48135341141483
2011-07-18,206.94,2011,7,18,207.07999999999998,209.24240789973283,212.2116161544665,139.66503101131798
2011-07-19,203.67,2011,7,19,203.98714285714286,207.8493059247996,211.6605441445009,144.38018438391998
2011-07-20,202.25,2011,7,20,205.9,206.4494794435997,211.05341226421055,145.97513788188635
2011-07-21,198.56,2011,7,21,207.08999999999997,204.47710958269977,210.24738566651956,144.38018438391998
2011-07-22,199.22,2011,7,22,207.8314285714286,203.16283218702483,209.5359414299699,139.66503101131798
2011-07-25,202.06,2011,7,25,205.10571428571424,202.8871241402686,209.05362262803638,109.48135341141474
2011-07-26,203.65,2011,7,26,203.35857142857142,203.07784310520145,208.70500181332434,95.54196812180761
2011-07-27,200.64,2011,7,27,202.33571428571426,202.46838232890107,208.18467911569053,80.61684735998182
2011-07-28,198.52,2011,7,28,201.43571428571428,201.4812867466758,207.56115143080729,65.35829052190458
2011-07-29,199.0,2011,7,29,200.70000000000002,200.86096506000686,207.00881908043263,50.433169760078684
2011-08-02,207.85,2011,8,2,200.2357142857143,202.60822379500516,207.0630888171789,0.3998335394738534
2011-08-03,232.37,2011,8,3,201.56285714285713,210.04866784625386,208.6957927644577,0.3998335394738453
2011-08-04,225.41,2011,8,4,206.29857142857142,213.88900088469038,209.77412871513786,3.5722658911174023
2011-08-06,219.99,2011,8,6,209.6342857142857,215.41425066351778,210.43321718512897,18.747234758306696
2011-08-07,219.82,2011,8,7,211.96857142857147,216.51568799763834,211.038816076411,30.08655231677655
2011-08-08,195.96,2011,8,8,214.70857142857145,211.37676599822876,210.0659892327716,43.30085016364041
2011-08-09,229.07,2011,8,9,214.34285714285716,215.80007449867156,211.29205444356054,57.81260007375387
2011-08-11,192.87,2011,8,11,218.63857142857142,210.06755587400366,210.1035348020405,88.16253780813238
2011-08-12,191.77,2011,8,12,216.49857142857144,205.49316690550273,208.9207261051347,102.6742877182459
2011-08-15,206.85,2011,8,15,210.6985714285714,205.83237517912707,208.78713087254536,136.196657804268
2011-08-16,210.91,2011,8,16,208.0471428571429,207.1017813843453,208.92409017109082,142.40287199076894
2011-08-17,218.74,2011,8,17,206.75,210.01133603825897,209.55737467618175,145.5753043424125
2011-08-18,218.39,2011,8,18,206.5957142857143,212.10600202869423,210.1272214712668,145.57530434241252
2011-08-19,219.81,2011,8,19,209.79999999999998,214.03200152152067,210.75191686021736,142.40287199076897
2011-08-22,220.19,2011,8,22,208.47714285714284,215.57150114114052,211.3608254498808,115.88858556510975
2011-08-23,223.05,2011,8,23,212.38000000000002,217.44112585585538,212.11496574343687,102.674287718246
2011-08-24,224.34,2011,8,24,216.8485714285714,219.16584439189154,212.90367763095708,88.16253780813244
2011-08-25,224.81,2011,8,25,219.34714285714287,220.57688329391863,213.67182746121793,72.9875689409432
2011-08-26,226.88,2011,8,26,221.33285714285714,222.15266247043897,214.52396762501033,57.81260007375398
2011-08-29,230.5,2011,8,29,222.49571428571429,224.23949685282923,215.5546793911387,18.74723475830673
2011-08-30,231.8,2011,8,30,224.22571428571428,226.1296226396219,216.60276459171044,9.778480077618369
2011-08-31,232.79,2011,8,31,225.93857142857146,227.79471697971644,217.6471023599872,3.5722658911173784
2011-09-02,211.89,2011,9,2,227.73857142857145,223.81853773478733,217.27567640127836,6.310106870568345
2011-09-03,239.13,2011,9,3,226.1442857142857,227.6464033010905,218.68563276248622,13.939385289607053
2011-09-05,236.44,2011,9,5,228.25714285714284,229.84480247581786,219.83107581006777,36.49378447047155
2011-09-06,222.35,2011,9,6,229.9185714285714,227.97110185686338,219.99358704812792,50.433169760078634
2011-09-08,197.03,2011,9,8,229.27142857142857,220.23582639264754,218.51206530308744,80.61684735998183
2011-09-09,219.46,2011,9,9,224.49,220.04186979448565,218.5732223803076,95.54196812180768
2011-09-11,192.43,2011,9,11,222.72714285714284,213.13890234586427,216.88656287190068,121.82578520305547
2011-09-12,192.09,2011,9,12,216.96142857142857,207.8766767593982,215.28678462210067,132.03575259227924
2011-09-13,220.02,2011,9,13,214.13285714285715,210.91250756954867,215.5921533561587,139.66503101131798
2011-09-14,216.53,2011,9,14,211.40285714285713,212.3168806771615,215.65265959124523,144.38018438391998
2011-09-15,213.38,2011,9,15,208.55857142857144,212.5826605078711,215.50603639181008,145.97513788188635
2011-09-16,214.04,2011,9,16,207.27714285714288,212.94699538090333,215.4114533987901,144.38018438391998
2011-09-19,214.71,2011,9,19,209.70714285714286,213.3877465356775,215.36619834080363,121.8257852030555
2011-09-20,213.5,2011,9,20,209.02857142857144,213.41580990175814,215.24579844784859,109.48135341141486
2011-09-21,207.67,2011,9,21,212.03857142857143,211.9793574263186,214.75703725766482,95.54196812180774
2011-09-22,199.63,2011,9,22,214.2642857142857,208.89201806973895,213.78109937007355,80.61684735998182
2011-09-23,193.12,2011,9,23,211.35142857142858,204.94901355230422,212.4481252171656,65.35829052190458
2011-09-26,195.69,2011,9,26,208.00714285714284,202.63426016422818,211.36695584831622,24.149352678830894
2011-09-27,198.2,2011,9,27,205.48,201.52569512317115,210.5174748258442,13.939385289607078
2011-09-28,193.7,2011,9,28,203.21714285714285,199.56927134237839,209.4324764499833,6.310106870568386
2011-09-29,192.58,2011,9,29,200.21571428571428,197.82195350678379,208.34521990482313,1.5949534979663733
2011-09-30,190.95,2011,9,30,197.22714285714284,196.10396513008783,207.22294765289905,0.0
2011-10-01,192.91,2011,10,1,194.83857142857144,195.30547384756588,206.29953167529266,18.747234758306696
2011-10-02,213.47,2011,10,2,193.8785714285714,199.84660538567442,206.7621425349512,30.0865523167766
2011-10-03,230.05,2011,10,3,196.78571428571428,207.39745403925582,208.26458495205114,43.30085016364041
2011-10-05,233.45,2011,10,5,201.69428571428574,213.9105905294419,209.8894504390156,72.98756894094316
2011-10-06,220.95,2011,10,6,206.73,215.67044289708144,210.60303428165977,88.16253780813246
2011-10-08,197.78,2011,10,8,210.62285714285713,211.19783217281108,209.77574174735915,115.88858556510976
2011-10-10,190.03,2011,10,10,211.3657142857143,205.9058741296083,208.5018229249489,136.19665780426806
2011-10-11,193.69,2011,10,11,211.2342857142857,202.8519055972062,207.54622144591994,142.40287199076894
2011-10-13,196.33,2011,10,13,211.3457142857143,201.22142919790465,206.8225942558606,145.57530434241252
2011-10-14,199.3,2011,10,14,208.89714285714285,200.74107189842852,206.33726559419216,142.40287199076894
2011-10-17,194.07,2011,10,17,204.50428571428574,199.07330392382136,205.5458291042443,115.88858556510975
2011-10-18,192.67,2011,10,18,198.87857142857143,197.472477942866,204.71513045235758,102.674287718246
2011-10-19,195.22,2011,10,19,194.8385714285714,196.9093584571495,204.10254139091518,88.16253780813244
2011-10-20,191.93,2011,10,20,194.47285714285712,195.66451884286215,203.3172161398884,72.9875689409432
2011-10-21,200.69,2011,10,21,194.74428571428572,196.9208891321466,203.14771832441173,57.81260007375398
2011-10-24,204.78,2011,10,24,195.74428571428572,198.88566684910995,203.253026819611,18.74723475830673
2011-10-25,195.24,2011,10,25,196.95142857142858,197.97425013683247,202.73605734737805,9.778480077618305
2011-10-26,194.93,2011,10,26,196.37142857142857,197.21318760262437,202.2324407443214,3.5722658911173784
2011-10-27,195.34,2011,10,27,196.49428571428572,196.74489070196827,201.78776714791357,0.3998335394738453
2011-10-28,195.67,2011,10,28,196.87571428571428,196.4761680264762,201.39307249320947,0.3998335394738372
2011-10-31,189.32,2011,10,31,196.94000000000003,194.68712601985715,200.61416459042178,18.747234758306686
2011-11-01,195.73,2011,11,1,196.56714285714287,194.94784451489286,200.29905719749135,50.433169760078634
2011-11-02,211.71,2011,11,2,195.85857142857142,199.13838338616966,201.03524705571772,65.35829052190441
2011-11-03,224.23,2011,11,3,196.84857142857143,205.41128753962727,202.53168272954238,80.61684735998183
2011-11-04,225.43,2011,11,4,200.99,210.41596565472048,204.0089935211848,95.54196812180768
2011-11-05,227.09,2011,11,5,205.34714285714284,214.58447424104037,205.49809071336645,109.48135341141472
2011-11-07,215.04,2011,11,7,209.88285714285715,214.69835568078025,206.113697764117,132.03575259227924
2011-11-08,202.41,2011,11,8,212.65,211.6262667605852,205.87474952127076,139.66503101131798
2011-11-10,187.5,2011,11,10,214.51999999999998,205.5947000704389,204.68928181022105,145.97513788188635
2011-11-11,196.19,2011,11,11,213.3442857142857,203.24352505282917,204.14094104827132,144.38018438391998
2011-11-14,194.33,2011,11,14,211.12714285714284,201.01514378962187,203.50797710967316,121.8257852030555
2011-11-15,197.75,2011,11,15,206.8557142857143,200.1988578422164,203.1364947155007,109.48135341141486
2011-11-16,195.99,2011,11,16,202.9014285714286,199.1466433816623,202.67543054030713,95.54196812180774
2011-11-17,193.79,2011,11,17,198.45857142857145,197.8074825362467,202.10217695706152,80.61684735998182
2011-11-18,195.43,2011,11,18,195.42285714285714,197.21311190218506,201.6717139275737,65.35829052190458
2011-11-21,195.19,2011,11,21,194.4257142857143,196.7073339266388,201.2535388354722,24.149352678830894
2011-11-22,195.56,2011,11,22,195.52428571428572,196.4205004449791,200.88621374931273,13.939385289607078
2011-11-23,194.98,2011,11,23,195.43428571428572,196.06037533373433,200.50516770097,6.310106870568386
2011-11-24,195.26,2011,11,24,195.52714285714282,195.86028150030074,200.16676978477838,1.5949534979663733
2011-11-25,194.2,2011,11,25,195.17142857142855,195.44521112522557,199.78181689543786,0.0
2011-11-28,191.72,2011,11,28,194.91571428571427,194.51390834391918,199.26169967637736,13.939385289607046
2011-11-29,192.26,2011,11,29,194.61999999999998,193.95043125793939,198.8099771166111,24.149352678830844
2011-11-30,197.45,2011,11,30,194.16714285714284,194.82532344345452,198.72223665747492,36.49378447047148
2011-12-01,200.62,2011,12,1,194.49,196.2739925825909,198.84467300215397,88.16253780813246
2011-12-04,224.48,2011,12,4,195.2128571428571,203.3254944369432,200.49856506653114,127.22790312357962
2011-12-05,226.69,2011,12,5,199.42714285714285,209.1666208277074,202.18833506223882,136.19665780426806
2011-12-07,213.73,2011,12,7,203.91714285714286,210.30746562078053,202.93295860661053,145.5753043424125
2011-12-08,203.01,2011,12,8,206.70714285714286,208.4830992155854,202.93792901908728,145.57530434241252
2011-12-09,220.96,2011,12,9,208.32,211.60232441168907,204.10064327592036,142.40287199076894
2011-12-10,190.35,2011,12,10,212.42000000000002,206.2892433087668,203.21350500005454,136.19665780426809
2011-12-12,187.52,2011,12,12,211.40571428571428,201.5969324815751,202.20102080650264,115.88858556510975
2011-12-13,188.88,2011,12,13,209.53428571428572,198.41769936118132,201.34160010930893,102.674287718246
2011-12-14,184.97,2011,12,14,204.44857142857146,195.055774520886,200.28536784419225,88.16253780813244
2011-12-15,184.64,2011,12,15,198.48857142857145,192.4518308906645,199.2759892735992,72.9875689409432
2011-12-16,183.28,2011,12,16,194.33285714285714,190.15887316799837,198.24398996562508,57.81260007375398
2011-12-19,185.05,2011,12,19,191.5142857142857,188.88165487599878,197.3927648065525,18.74723475830673
2011-12-20,188.62,2011,12,20,186.38428571428568,188.8162411569991,196.8267799803233,9.778480077618369
2011-12-21,186.18,2011,12,21,186.13714285714286,188.15718086774933,196.1398909493347,3.5722658911174188
2011-12-22,185.66,2011,12,22,185.9457142857143,187.532885650812,195.46376895260343,0.3998335394738453
2011-12-23,184.08,2011,12,23,185.48571428571427,186.66966423810902,194.72933224598387,0.3998335394738372
2011-12-26,184.04,2011,12,26,185.35857142857142,186.01224817858176,194.0396979075333,18.747234758306686
2011-12-27,186.15,2011,12,27,185.27285714285716,186.0466861339363,193.53068513930535,30.08655231677659
2011-12-28,188.56,2011,12,28,185.68285714285713,186.67501460045224,193.2099957754792,43.300850163640334
2011-12-29,186.71,2011,12,29,186.18428571428575,186.6837609503392,192.7906412093193,57.81260007375392
2011-12-30,187.29,2011,12,30,185.9114285714286,186.8353207127544,192.4357611312987,72.98756894094315
2012-01-02,183.68,2012,1,2,186.07,186.0464905345658,191.87087331637622,132.0357525922793
2012-01-03,179.38,2012,1,3,185.78714285714287,184.37986790092435,191.0650105217713,139.66503101131798
2012-01-05,161.59,2012,1,5,185.1157142857143,178.68240092569326,189.16339693972157,145.97513788188635
2012-01-06,147.15,2012,1,6,181.9085714285714,170.79930069426993,186.45285520167502,144.38018438391998
2012-01-08,154.98,2012,1,8,176.33714285714288,166.84447552070245,184.4223484144702,132.0357525922793
2012-01-10,156.04,2012,1,10,171.54,164.14335664052683,182.59122916192374,109.4813534114148
2012-01-11,139.6,2012,1,11,167.1585714285714,158.00751748039514,179.81760147405768,95.54196812180774
2012-01-13,190.44,2012,1,13,160.3457142857143,166.11563811029635,180.50291750798945,65.35829052190446
2012-01-16,189.86,2012,1,16,161.31142857142854,172.05172858272226,181.1066002494095,24.1493526788309
2012-01-17,190.31,2012,1,17,162.8085714285714,176.61629643704168,181.70036797525407,13.93938528960707
2012-01-18,190.21,2012,1,18,166.9114285714286,180.01472232778127,182.24937649297962,6.310106870568354
2012-01-19,191.63,2012,1,19,173.06285714285715,182.91854174583594,182.8545780095616,1.5949534979663815
2012-01-20,192.07,2012,1,20,178.29857142857142,185.20640630937697,183.44912136378343,0.0
2012-01-23,187.73,2012,1,23,183.44571428571427,185.83730473203275,183.72530708224903,13.939385289607094
2012-01-24,188.07,2012,1,24,190.32142857142858,186.39547854902457,184.0056098511362,24.14935267883091
2012-01-25,186.31,2012,1,25,189.98285714285717,186.37410891176842,184.154280183321,36.49378447047161
2012-01-26,187.41,2012,1,26,189.47571428571428,186.6330816838263,184.36432662310673,50.433169760078634
2012-01-27,186.14,2012,1,27,189.06142857142854,186.50981126286973,184.47888619580954,65.35829052190448
2012-01-30,185.47,2012,1,30,188.48,186.2498584471523,184.54282902188635,109.48135341141472
2012-01-31,184.41,2012,1,31,187.6,185.7898938353642,184.5342594075711,121.82578520305547
2012-02-01,187.76,2012,2,1,186.50571428571428,186.28242037652316,184.74237170385686,142.40287199076894
2012-02-02,184.13,2012,2,2,186.51,185.74431528239236,184.70286385199515,145.5753043424125
2012-02-03,178.35,2012,2,3,185.94714285714286,183.89573646179429,184.29300166799547,145.57530434241252
2012-02-04,166.5,2012,2,4,184.80999999999997,179.54680234634571,183.1450660765119,142.40287199076894
2012-02-05,161.2,2012,2,5,181.82285714285715,174.9601017597593,181.72925536189825,136.19665780426806
2012-02-07,155.65,2012,2,7,178.26,170.1325763198195,180.04672275790483,115.88858556510975
2012-02-08,154.08,2012,2,8,174.0,166.11943223986464,178.37145032191097,102.67428771824594
2012-02-10,160.22,2012,2,10,169.66714285714286,164.64457417989848,177.20038901081995,72.98756894094319
2012-02-11,140.39,2012,2,11,165.7328571428571,158.58093063492385,174.82552520367028,57.81260007375393
2012-02-13,185.18,2012,2,13,159.4842857142857,165.2306979761929,175.49355583569155,30.086552316776622
2012-02-14,180.44,2012,2,14,160.46,169.03302348214464,175.81268126564697,18.747234758306696
2012-02-15,179.51,2012,2,15,162.45142857142858,171.65226761160847,176.0512179581859,9.77848007761832
2012-02-16,178.99,2012,2,16,165.06714285714287,173.48670070870634,176.2408167995933,3.5722658911174108
2012-02-17,179.29,2012,2,17,168.40142857142857,174.93752553152973,176.43753829639374,0.3998335394738534
2012-02-20,177.61,2012,2,20,172.00285714285715,175.60564414864731,176.513180986949,9.77848007761828
2012-02-21,180.5,2012,2,21,174.48714285714286,176.82923311148548,176.7703951168233,18.747234758306654
2012-02-22,177.8,2012,2,22,180.21714285714285,177.0719248336141,176.83682123831858,30.08655231677655
2012-02-23,179.02,2012,2,23,179.16285714285712,177.5589436252106,176.97767148100772,43.30085016364041
2012-02-24,180.05,2012,2,24,178.96,178.18170771890794,177.17588622416852,57.81260007375387
2012-02-27,180.18,2012,2,27,179.0371428571429,178.68128078918096,177.36970001615765,102.6742877182459
2012-02-28,180.57,2012,2,28,179.20714285714286,179.15346059188573,177.57617098285718,115.88858556510976
2012-02-29,178.88,2012,2,29,179.39000000000001,179.0850954439143,177.66028898396317,127.22790312357962
2012-03-01,191.24,2012,3,1,179.57142857142858,182.12382158293573,178.5363993720946,144.38018438391998
2012-03-02,185.17,2012,3,2,181.1057142857143,182.88536618720178,178.964373606153,139.665031011318
2012-03-04,164.61,2012,3,4,182.15857142857143,178.31652464040135,178.0382849864012,121.82578520305546
2012-03-05,155.71,2012,3,5,180.1,172.66489348030103,176.59775047114954,109.4813534114148
2012-03-07,159.54,2012,3,7,176.62285714285713,169.38367011022575,175.4972504407528,80.6168473599819
2012-03-08,154.62,2012,3,8,173.67428571428573,165.6927525826693,174.1503310574784,65.35829052190451
2012-03-09,147.16,2012,3,9,169.96714285714285,161.05956443700197,172.40901937635078,50.433169760078634
2012-03-10,159.8,2012,3,10,165.43571428571428,160.74467332775146,171.59553425529592,36.49378447047164
2012-03-12,133.46,2012,3,12,160.94428571428574,153.9235049958136,169.13517720656716,13.93938528960707
2012-03-13,167.56,2012,3,13,153.55714285714288,157.33262874686022,169.0335528706596,6.310106870568354
2012-03-14,166.51,2012,3,14,153.97857142857146,159.62697156014517,168.8707430080364,1.5949534979663815
2012-03-15,167.73,2012,3,15,155.52142857142857,161.65272867010887,168.7971466849373,0.0
2012-03-16,166.1,2012,3,16,156.6914285714286,162.76454650258165,168.62313722139297,1.5949534979663815
2012-03-19,166.5,2012,3,19,158.33142857142857,163.69840987693624,168.4861606264644,24.14935267883086
2012-03-20,166.6,2012,3,20,161.0942857142857,164.42380740770218,168.36447284411187,36.49378447047155
2012-03-21,165.88,2012,3,21,162.06571428571428,164.78785555577664,168.20418427352402,50.433169760078634
2012-03-22,158.98,2012,3,22,166.69714285714284,163.33589166683248,167.60907561071602,65.35829052190441
2012-03-23,160.09,2012,3,23,165.47142857142856,162.52441875012437,167.1239739584118,80.61684735998183
2012-03-26,160.14,2012,3,26,164.55428571428573,161.92831406259327,166.67339499335299,121.82578520305547
2012-03-27,167.33,2012,3,27,163.47,163.27873554694497,166.71575660668503,132.03575259227924
2012-03-28,165.95,2012,3,28,163.6457142857143,163.94655166020874,166.66635295464087,139.66503101131798
2012-03-29,161.82,2012,3,29,163.56714285714287,163.41491374515655,166.3536850220834,144.38018438391998
2012-03-30,164.35,2012,3,30,162.8842857142857,163.6486853088674,166.22441502065865,145.97513788188635
2012-04-01,190.48,2012,4,1,162.66571428571427,170.35651398165055,167.78929147093874,127.2279031235797
2012-04-04,164.43,2012,4,4,167.16571428571427,168.87488548623793,167.5725629889427,88.16253780813246
2012-04-05,156.67,2012,4,5,167.78571428571428,165.82366411467845,166.86917182836575,72.98756894094319
2012-04-06,147.2,2012,4,6,167.29,161.16774808600883,165.60019300072926,57.81260007375393
2012-04-07,158.79,2012,4,7,164.41428571428568,160.5733110645066,165.16082571035966,43.30085016364044
2012-04-09,147.36,2012,4,9,163.39142857142855,157.26998329837997,164.01238534194937,18.747234758306696
2012-04-10,154.69,2012,4,10,161.32571428571427,156.62498747378498,163.41094112633974,9.77848007761832
2012-04-12,131.39,2012,4,12,159.94571428571427,150.31624060533875,161.34507395689846,0.3998335394738453
2012-04-13,160.5,2012,4,13,151.50428571428571,152.86218045400406,161.2905530564534,0.3998335394738453
2012-04-16,157.4,2012,4,16,150.94285714285712,153.99663534050305,161.03954963345643,18.747234758306696
2012-04-17,157.06,2012,4,17,151.04714285714286,154.76247650537726,160.78280449581408,30.08655231677655
2012-04-18,156.9,2012,4,18,152.4557142857143,155.29685737903296,160.53230097995512,43.30085016364041
2012-04-19,157.4,2012,4,19,152.18571428571428,155.8226430342747,160.33021704576447,57.81260007375387
2012-04-20,159.94,2012,4,20,153.61999999999998,156.851982275706,160.30504175248936,72.98756894094316
2012-04-23,160.09,2012,4,23,154.36999999999998,157.6614867067795,160.29116809103846,115.88858556510976
2012-04-24,163.02,2012,4,24,158.47,159.00111503008463,160.4672217625844,127.22790312357962
2012-04-25,159.24,2012,4,25,158.83,159.06083627256348,160.38804616499831,136.19665780426806
2012-04-26,157.43,2012,4,26,159.09285714285716,158.65312720442262,160.1972044769339,142.40287199076894
2012-04-27,157.35,2012,4,27,159.1457142857143,158.32734540331697,160.01351386551883,145.5753043424125
2012-04-30,158.64,2012,4,30,159.21,158.40550905248773,159.9249000677434,136.19665780426809
2012-05-01,185.7,2012,5,1,159.38714285714286,165.2291317893658,161.5878097407922,95.5419681218077
2012-05-03,178.04,2012,5,3,163.06714285714287,168.43184884202435,162.64924137041854,65.35829052190446
2012-05-04,162.84,2012,5,4,165.6314285714286,167.03388663151827,162.66154837877863,50.433169760078634
2012-05-06,146.36,2012,5,6,165.6057142857143,161.8654149736387,161.60983558014775,24.1493526788309
2012-05-07,159.48,2012,5,7,163.7657142857143,161.26906123022903,161.47242683304145,13.93938528960707
2012-05-09,144.24,2012,5,9,164.0585714285714,157.01179592267178,160.36065735994202,1.5949534979663815
2012-05-10,149.86,2012,5,10,162.18571428571428,155.22384694200383,159.68319559478448,0.0
2012-05-11,137.51,2012,5,11,160.93142857142857,150.79538520650289,158.2526668467339,1.5949534979663815
2012-05-12,131.69,2012,5,12,154.04714285714286,146.01903890487716,156.53894640500914,6.310106870568345
2012-05-14,159.96,2012,5,14,147.4257142857143,149.50427917865787,156.75965954016985,24.14935267883086
2012-05-15,161.22,2012,5,15,147.0142857142857,152.43320938399341,157.04742344080407,36.49378447047161
2012-05-16,161.19,2012,5,16,149.13714285714286,154.62240703799506,157.31468644462316,50.433169760078634
2012-05-17,162.2,2012,5,17,149.3814285714286,156.5168052784963,157.62986796432492,65.35829052190448
2012-05-18,161.98,2012,5,18,151.94714285714284,157.8826039588722,157.9105216440459,80.61684735998183
2012-05-21,158.88,2012,5,21,153.67857142857142,158.13195296915416,157.97306863475262,121.82578520305547
2012-05-22,158.92,2012,5,22,156.73142857142855,158.32896472686562,158.0341609808976,132.03575259227924
2012-05-23,154.09,2012,5,23,160.62142857142857,157.26922354514923,157.77969898213001,139.66503101131798
2012-05-24,154.72,2012,5,24,159.78285714285715,156.63191765886194,157.58229904779904,144.38018438391998
2012-05-25,154.5,2012,5,25,158.8542857142857,156.09893824414644,157.38344104471525,145.97513788188635
2012-05-29,153.72,2012,5,29,157.89857142857142,155.50420368310984,157.14709000957234,121.8257852030555
2012-05-30,151.81,2012,5,30,156.68714285714285,154.58065276233236,156.802761621858,109.48135341141474
2012-05-31,149.65,2012,5,31,155.2342857142857,153.34798957174928,156.34129313012522,95.54196812180761
2012-06-01,185.24,2012,6,1,153.9157142857143,161.32099217881196,158.20572583140748,57.81260007375393
2012-06-02,186.14,2012,6,2,157.6757142857143,167.52574413410898,160.00793706809085,43.30085016364044
2012-06-03,172.33,2012,6,3,162.25428571428571,168.72680810058174,160.80290887014954,30.086552316776622
2012-06-04,162.34,2012,6,4,164.77,167.13010607543632,160.9020760398173,18.747234758306696
2012-06-06,146.02,2012,6,6,165.89000000000001,161.85257955657724,159.9419421017646,3.5722658911174108
2012-06-07,156.24,2012,6,7,164.79,160.44943466743294,159.70310712745723,0.3998335394738453
2012-06-08,156.43,2012,6,8,165.42285714285714,159.44457600057473,159.49193892568582,0.3998335394738453
2012-06-09,142.63,2012,6,9,166.39142857142858,155.24093200043103,158.4040718982222,3.5722658911174023
2012-06-11,136.79,2012,6,11,160.30428571428573,150.62819900032326,157.009615646724,18.747234758306696
2012-06-12,133.61,2012,6,12,153.25428571428571,146.37364925024247,155.4999630243547,30.0865523167766
2012-06-13,142.65,2012,6,13,147.72285714285718,145.44273693768184,154.6709331518157,43.30085016364041
2012-06-14,140.89,2012,6,14,144.91000000000003,144.30455270326138,153.78184069040825,57.81260007375387
2012-06-15,141.21,2012,6,15,144.17714285714285,143.53091452744604,152.9707541942529,72.98756894094316
2012-06-18,141.23,2012,6,18,142.03,142.95568589558454,152.21328618172046,115.88858556510976
2012-06-19,145.76,2012,6,19,139.85857142857142,143.6567644216884,151.7969451377385,127.22790312357962
2012-06-20,142.21,2012,6,20,140.3057142857143,143.2950733162663,151.178432548207,136.196657804268
2012-06-21,145.53,2012,6,21,141.08,143.8538049871997,150.81401754509687,142.40287199076894
2012-06-22,142.5,2012,6,22,142.78285714285715,143.51535374039977,150.27762931638094,145.5753043424125
2012-06-25,144.61,2012,6,25,142.76142857142855,143.78901530529984,149.91197581209832,136.19665780426803
2012-06-26,150.49,2012,6,26,143.29285714285714,145.4642614789749,149.94926769518878,127.22790312357967
2012-06-27,149.25,2012,6,27,144.61857142857144,146.41069610923117,149.9041536503379,115.88858556510975
2012-06-28,148.57,2012,6,28,145.7642857142857,146.9505220819234,149.81807922128385,102.674287718246
2012-06-29,153.22,2012,6,29,146.1657142857143,148.51789156144255,150.03755798120102,88.16253780813244
2012-07-02,188.48,2012,7,2,147.73857142857145,158.50841867108193,152.51771553080096,13.93938528960707
2012-07-03,169.71,2012,7,3,153.8742857142857,161.30881400331145,153.6268951739751,6.310106870568354
2012-07-05,156.9,2012,7,5,157.76142857142855,160.20661050248358,153.83806322726704,0.0
2012-07-06,145.32,2012,7,6,159.51714285714283,156.48495787686267,153.28851076099176,1.5949534979663815
2012-07-08,154.14,2012,7,8,158.77857142857144,155.89871840764698,153.3434455506052,13.939385289607094
2012-07-09,145.2,2012,7,9,159.47714285714284,153.22403880573523,152.8180619666952,24.14935267883086
2012-07-11,138.44,2012,7,11,158.99571428571429,149.52802910430142,151.8904450656181,50.433169760078634
2012-07-12,134.57,2012,7,12,156.8842857142857,145.78852182822607,150.77299699686856,65.35829052190448
2012-07-13,161.21,2012,7,13,149.18285714285713,149.64389137116956,151.44635202932866,80.61684735998183
2012-07-16,160.59,2012,7,16,147.96857142857144,152.38041852837716,152.03626480163007,121.82578520305547
2012-07-17,158.94,2012,7,17,148.49571428571429,154.02031389628286,152.48166707249266,132.03575259227924
2012-07-18,159.5,2012,7,18,150.4414285714286,155.39023542221213,152.93446274523507,139.66503101131798
2012-07-19,164.77,2012,7,19,151.20714285714283,157.7351765666591,153.6980457939296,144.38018438391998
2012-07-20,164.38,2012,7,20,154.00285714285715,159.39638242499433,154.3872041298051,145.97513788188635
2012-07-23,162.54,2012,7,23,157.70857142857145,160.18228681874575,154.91319096014027,132.0357525922793
2012-07-24,157.91,2012,7,24,161.70428571428573,159.6142151140593,155.1065334788409,121.8257852030555
2012-07-25,156.43,2012,7,25,161.2328571428571,158.81816133554446,155.19191841568988,109.48135341141474
2012-07-26,156.17,2012,7,26,160.63857142857142,158.15612100165833,155.25502045338732,95.54196812180761
2012-07-27,156.93,2012,7,27,160.24285714285716,157.84959075124374,155.36308364994298,80.61684735998182
2012-07-30,157.98,2012,7,30,159.8757142857143,157.8821930634328,155.5319169628499,36.49378447047154
2012-07-31,155.98,2012,7,31,158.90571428571428,157.4066447975746,155.56082554589184,24.149352678830894
2012-08-02,188.23,2012,8,2,157.7057142857143,165.11248359818094,157.66851422035046,0.3998335394738534
2012-08-03,171.32,2012,8,3,161.3757142857143,166.66436269863573,158.5492552383924,0.3998335394738453
2012-08-05,157.3,2012,8,5,163.29142857142855,164.3232720239768,158.46865812623807,9.77848007761828
2012-08-06,144.78,2012,8,6,163.4157142857143,159.43745401798262,157.58551889228724,18.747234758306696
2012-08-08,152.37,2012,8,8,161.78857142857143,157.67059051348696,157.24903380246226,43.30085016364041
2012-08-10,149.79,2012,8,10,161.13714285714286,155.70044288511522,156.76780581520663,72.98756894094316
2012-08-11,138.79,2012,8,11,159.96714285714285,151.47283216383642,155.6079473755159,88.16253780813238
2012-08-13,147.28,2012,8,13,157.51142857142855,150.4246241228773,155.07066044806325,115.88858556510976
2012-08-14,145.92,2012,8,14,151.6614285714286,149.29846809215798,154.48029525786563,127.22790312357962
2012-08-15,144.91,2012,8,15,148.03285714285715,148.2013510691185,153.86285685413236,136.196657804268
2012-08-16,143.37,2012,8,16,146.26285714285714,146.99351330183887,153.18589834741417,142.40287199076894
2012-08-17,144.08,2012,8,17,146.06142857142856,146.26513497637916,152.59842103467776,145.5753043424125
2012-08-20,145.6,2012,8,20,144.87714285714284,146.09885123228437,152.14691000018243,136.19665780426809
2012-08-21,145.59,2012,8,21,144.2785714285714,145.9716384242133,151.72388354855778,127.22790312357967
2012-08-22,143.77,2012,8,22,145.25,145.42122881815996,151.21072977123148,115.88858556510975
2012-08-23,144.35,2012,8,23,144.74857142857144,145.15342161361997,150.76810204405527,102.674287718246
2012-08-24,145.63,2012,8,24,144.5242857142857,145.27256621021496,150.43661158960012,88.16253780813244
2012-08-27,148.54,2012,8,27,144.62714285714284,146.08942465766123,150.31424955156143,43.3008501636404
2012-08-28,149.05,2012,8,28,145.3657142857143,146.82956849324592,150.23268506436395,30.08655231677664
2012-08-29,148.59,2012,8,29,146.0757142857143,147.26967636993444,150.1267053827921,18.74723475830673
2012-08-30,146.56,2012,8,30,146.50285714285715,147.0922572774508,149.89659535809585,9.778480077618369
2012-08-31,146.7,2012,8,31,146.64142857142858,146.9941929580881,149.69036339950904,3.5722658911173784
2012-09-01,186.02,2012,9,1,147.06,156.75064471856606,152.03421092212136,1.5949534979663815
2012-09-02,187.35,2012,9,2,153.01285714285714,164.40048353892456,154.3126489271458,6.310106870568345
2012-09-03,169.38,2012,9,3,158.97285714285712,165.64536265419343,155.28473609313642,13.939385289607053
2012-09-04,159.73,2012,9,4,161.95000000000002,164.16652199064507,155.57152731293408,24.14935267883086
2012-09-05,156.73,2012,9,5,163.47571428571428,162.3073914929838,155.6462674862932,36.49378447047155
2012-09-07,158.09,2012,9,7,164.63857142857142,161.25304361973787,155.80392764846783,65.35829052190448
2012-09-08,149.71,2012,9,8,166.28571428571428,158.3672827148034,155.41077102598604,80.61684735998183
2012-09-10,147.68,2012,9,10,166.71571428571428,155.69546203610253,154.9120116049547,109.48135341141472
2012-09-11,138.24,2012,9,11,161.23857142857145,151.3315965270769,153.83639795302213,121.82578520305547
2012-09-13,155.19,2012,9,13,154.22285714285712,152.29619739530767,153.92372711734328,139.66503101131798
2012-09-14,156.88,2012,9,14,152.19571428571427,153.44214804648075,154.11445440009533,144.38018438391998
2012-09-17,154.1,2012,9,17,151.78857142857143,153.60661103486058,154.1135218581537,139.66503101131798
2012-09-18,154.17,2012,9,18,151.41285714285715,153.74745827614544,154.11716560924054,132.0357525922793
2012-09-19,152.19,2012,9,19,150.85285714285715,153.35809370710908,153.99283234412826,121.8257852030555
2012-09-20,149.36,2012,9,20,151.20714285714283,152.3585702803318,153.69393993482967,109.48135341141486
2012-09-21,152.47,2012,9,21,151.44714285714286,152.38642771024885,153.61497606806648,95.54196812180774
2012-09-24,151.76,2012,9,24,153.48,152.22982078268663,153.49530019270736,50.433169760078684
2012-09-25,153.72,2012,9,25,152.98999999999998,152.602365587015,153.5097969544682,36.49378447047154
2012-09-26,150.91,2012,9,26,152.53857142857143,152.17927419026122,153.34206811869606,24.149352678830894
2012-09-27,154.44,2012,9,27,152.08285714285714,152.74445564269593,153.4129024336189,13.939385289607078
2012-09-28,153.8,2012,9,28,152.12142857142857,153.00834173202196,153.43787647015964,6.310106870568386
2012-10-01,188.74,2012,10,1,152.35142857142858,161.94125629901646,155.71543282692355,18.747234758306696
2012-10-02,186.82,2012,10,2,157.97714285714284,168.16094222426233,157.7221790961543,30.0865523167766
2012-10-04,160.21,2012,10,4,162.8842857142857,166.17320666819674,157.88268367059598,57.81260007375387
2012-10-05,160.21,2012,10,5,164.09142857142857,164.68240500114757,158.0328331112027,72.98756894094316
2012-10-07,159.45,2012,10,7,165.01857142857142,163.3743037508607,158.1242632330606,102.6742877182459
2012-10-08,149.22,2012,10,8,166.23857142857145,159.83572781314552,157.54979463737928,115.88858556510976
2012-10-09,151.19,2012,10,9,165.49285714285716,157.67429585985914,157.13948530593547,127.22790312357962
2012-10-10,146.98,2012,10,10,165.11999999999998,155.00072189489435,156.4840346410364,136.19665780426806
2012-10-12,130.89,2012,10,12,159.1542857142857,148.97304142117076,154.83280659967923,145.5753043424125
2012-10-15,144.38,2012,10,15,151.16428571428574,147.82478106587808,154.15843198034509,136.19665780426803
2012-10-16,145.29,2012,10,16,148.90285714285713,147.19108579940857,153.58627507838736,127.22790312357967
2012-10-17,144.46,2012,10,17,146.77142857142854,146.50831434955643,152.99748313784625,115.88858556510975
2012-10-18,142.43,2012,10,18,144.63,145.48873576216732,152.31571003217874,102.674287718246
2012-10-19,144.7,2012,10,19,143.66,145.2915518216255,151.82437390107046,88.16253780813244
2012-10-22,146.67,2012,10,22,142.73285714285714,145.6361638662191,151.4918336493885,43.3008501636404
2012-10-23,144.24,2012,10,23,142.6885714285714,145.28712289966433,151.0239734139441,30.08655231677664
2012-10-24,143.89,2012,10,24,144.5957142857143,144.93784217474825,150.5637170646574,18.74723475830673
2012-10-25,144.32,2012,10,25,144.5257142857143,144.7833816310612,150.16089660887306,9.778480077618305
2012-10-26,142.07,2012,10,26,144.38714285714286,144.10503622329588,149.63890327926833,3.5722658911173784
2012-10-29,144.15,2012,10,29,144.04571428571427,144.1162771674719,149.2847804870575,3.5722658911173943
2012-10-30,141.95,2012,10,30,144.29142857142855,143.5747078756039,148.81156884273122,9.778480077618337
2012-10-31,139.95,2012,10,31,143.89857142857142,142.66853090670293,148.23985472384535,18.747234758306686
2012-11-01,194.69,2012,11,1,142.9385714285714,155.6738981800272,151.2366382900489,50.433169760078634
2012-11-04,161.64,2012,11,4,150.1457142857143,157.1654236350204,151.90782291649737,95.54196812180768
2012-11-05,159.8,2012,11,5,152.68142857142857,157.8240677262653,152.41699563156206,109.48135341141472
2012-11-06,143.59,2012,11,6,154.89285714285714,154.26555079469898,151.84751204242903,121.82578520305547
2012-11-07,160.63,2012,11,7,155.10999999999999,155.85666309602425,152.41412416872396,132.03575259227924
2012-11-09,154.24,2012,11,9,157.46428571428572,155.4524973220182,152.53192260945144,144.38018438391995
2012-11-10,144.96,2012,11,10,159.22,152.82937299151365,152.0434114733578,145.97513788188635
2012-11-12,132.61,2012,11,12,159.93571428571428,147.77452974363524,150.78964299120568,139.66503101131798
2012-11-13,135.21,2012,11,13,151.06714285714287,144.63339730772643,149.78450473370856,132.0357525922793
2012-11-14,135.46,2012,11,14,147.29142857142855,142.34004798079482,148.86034313798544,121.8257852030555
2012-11-15,135.64,2012,11,15,143.81428571428572,140.66503598559612,148.00741777424446,109.48135341141486
2012-11-16,135.36,2012,11,16,142.67857142857144,139.3387769891971,147.19145533719643,95.54196812180774
2012-11-19,138.1,2012,11,19,139.06857142857146,139.02908274189784,146.60490983157086,50.4331697600788
2012-11-20,134.33,2012,11,20,136.76285714285714,137.8543120564234,145.8129801650179,36.49378447047165
2012-11-21,134.7,2012,11,21,135.24428571428572,137.06573404231756,145.09601370275868,24.149352678830894
2012-11-22,135.01,2012,11,22,135.54285714285714,136.55180053173817,144.4453031412904,13.939385289607078
2012-11-23,133.08,2012,11,23,135.5142857142857,135.68385039880363,143.71205777733618,6.310106870568386
2012-11-26,132.02,2012,11,26,135.17428571428573,134.7678877991027,142.95773146912097,1.5949534979663653
2012-11-27,132.93,2012,11,27,134.65714285714287,134.30841584932705,142.3107810517583,6.310106870568362
2012-11-28,136.17,2012,11,28,134.31,134.77381188699528,141.91460162906424,13.939385289607046
2012-11-29,137.43,2012,11,29,134.03428571428572,135.43785891524647,141.62527249170526,24.149352678830844
2012-11-30,134.44,2012,11,30,134.47714285714287,135.18839418643483,141.1617065244985,36.49378447047148
2012-12-01,195.77,2012,12,1,134.44,150.33379563982612,144.68482223259537,88.16253780813246
2012-12-03,166.97,2012,12,3,143.12,154.4928467298696,146.12257563694408,115.88858556510976
2012-12-04,162.34,2012,12,4,147.96142857142857,156.4546350474022,147.1688610797219,127.22790312357962
2012-12-06,142.92,2012,12,6,152.29285714285714,153.07097628555164,146.89474101006243,142.40287199076894
2012-12-07,158.25,2012,12,7,153.72,154.36573221416373,147.62733836425198,145.5753043424125
2012-12-09,154.67,2012,12,9,156.8742857142857,154.4417991606228,148.08170363107445,142.40287199076894
2012-12-10,145.29,2012,12,10,159.33714285714285,152.1538493704671,147.90159371939222,136.19665780426809
2012-12-11,140.16,2012,12,11,160.88714285714286,149.1553870278503,147.4021360600766,127.22790312357967
2012-12-12,131.25,2012,12,12,152.94285714285712,144.67904027088773,146.36006276587813,115.88858556510975
2012-12-13,129.44,2012,12,13,147.83999999999997,140.86928020316577,145.26844581324082,102.674287718246
2012-12-14,128.67,2012,12,14,143.14000000000001,137.81946015237432,144.19757834141885,88.16253780813244
2012-12-17,129.73,2012,12,17,141.1042857142857,135.79709511428075,143.26418619035957,43.3008501636404
2012-12-18,128.73,2012,12,18,137.03,134.03032133571057,142.3264967587235,30.08655231677664
2012-12-19,130.27,2012,12,19,133.3242857142857,133.0902410017829,141.54865825816069,18.74723475830673
2012-12-20,129.41,2012,12,20,131.17857142857142,132.17018075133717,140.76551901569871,9.778480077618369
2012-12-21,130.03,2012,12,21,129.64285714285714,131.63513556350287,140.07290488565363,3.5722658911174188
2012-12-24,131.07,2012,12,24,129.46857142857144,131.49385167262716,139.49207231238566,3.5722658911173943
2012-12-26,132.47,2012,12,26,129.70142857142858,131.73788875447036,139.03903538900596,18.747234758306686
2012-12-27,133.57,2012,12,27,130.24428571428572,132.19591656585277,138.68619439616688,30.08655231677659
2012-12-28,132.79,2012,12,28,130.79285714285714,132.34443742438958,138.30579475770452,43.300850163640334
2012-12-31,130.6,2012,12,31,131.37285714285713,131.90832806829218,137.80864670882036,88.16253780813237
2013-01-02,135.21,2013,1,2,131.42,132.73374605121913,137.64099208244485,132.0357525922793
2013-01-03,132.49,2013,1,3,132.24857142857144,132.67280953841436,137.30867001260972,139.66503101131798
2013-01-04,131.32,2013,1,4,132.6,132.33460715381077,136.92230420534457,144.38018438391998
2013-01-05,126.43,2013,1,5,132.63571428571427,130.85845536535805,136.24538135338688,145.97513788188635
2013-01-07,116.15,2013,1,7,131.77285714285716,127.18134152401853,134.94890513703933,139.665031011318
2013-01-08,114.59,2013,1,8,129.28428571428572,124.03350614301391,133.63542738626262,132.0357525922793
2013-01-10,107.99,2013,1,10,126.68428571428572,120.02262960726043,131.9808836839231,109.4813534114148
2013-01-11,100.54,2013,1,11,123.45428571428572,115.15197220544532,129.9524395752829,95.54196812180774
2013-01-14,138.1,2013,1,14,118.50142857142858,120.88897915408398,130.47808863494208,50.433169760078634
2013-01-15,137.58,2013,1,15,119.30285714285715,125.06173436556298,130.93627646494582,36.49378447047158
2013-01-16,137.57,2013,1,16,120.19714285714288,128.18880077417225,131.3642586284977,24.1493526788309
2013-01-17,138.9,2013,1,17,121.78857142857143,130.86660058062918,131.8504354911753,13.93938528960707
2013-01-18,139.44,2013,1,18,125.03857142857143,133.00995043547186,132.34008481432528,6.310106870568354
2013-01-21,138.87,2013,1,21,128.58857142857144,134.4749628266039,132.76136966501397,1.5949534979663815
2013-01-22,134.09,2013,1,22,133.0,134.37872211995293,132.8470877511421,6.310106870568345
2013-01-23,135.61,2013,1,23,137.79285714285714,134.6865415899647,133.02534015429424,13.939385289607094
2013-01-24,132.98,2013,1,24,137.43714285714285,134.25990619247352,133.02241498304946,24.14935267883091
2013-01-25,133.67,2013,1,25,136.78,134.11242964435513,133.0641946615624,36.49378447047161
2013-01-28,133.68,2013,1,28,136.22285714285712,134.00432223326635,133.1039240382358,80.61684735998183
2013-01-29,134.71,2013,1,29,135.47714285714287,134.18074167494976,133.2075418422206,95.54196812180768
2013-01-30,134.05,2013,1,30,134.80142857142857,134.14805625621233,133.26189398143217,109.48135341141472
2013-01-31,134.41,2013,1,31,134.11285714285714,134.21354219215925,133.3359653374688,121.82578520305547
2013-02-01,134.79,2013,2,1,134.15857142857143,134.35765664411943,133.42977402537403,142.40287199076894
2013-02-04,129.4,2013,2,4,134.04142857142855,133.11824248308957,133.16978860438218,142.40287199076894
2013-02-05,129.44,2013,2,5,133.53,132.1986818623172,132.9291570815188,136.19665780426806
2013-02-07,118.77,2013,2,7,132.9257142857143,128.8415113967379,132.01566307625953,115.88858556510975
2013-02-08,116.58,2013,2,8,130.7957142857143,125.77613354755341,131.01981384553312,102.67428771824594
2013-02-09,111.65,2013,2,9,128.20571428571427,122.24460016066507,129.7701484361439,88.16253780813246
2013-02-10,108.65,2013,2,10,125.00571428571428,118.8459501204988,128.4075582144572,72.98756894094319
2013-02-12,103.62,2013,2,12,121.32571428571428,115.0394625903741,126.80836091029867,43.30085016364044
2013-02-13,130.89,2013,2,13,116.87285714285714,119.00209694278057,127.07169246447296,30.086552316776622
2013-02-14,129.66,2013,2,14,117.08571428571429,121.66657270708544,127.23868004741018,18.747234758306696
2013-02-15,129.36,2013,2,15,117.11714285714287,123.58992953031408,127.37553939919017,9.77848007761832
2013-02-18,129.29,2013,2,18,118.63,125.01494714773557,127.49905298633921,0.3998335394738453
2013-02-19,127.92,2013,2,19,120.44571428571429,125.74121036080167,127.52621085818829,3.5722658911174023
2013-02-20,130.62,2013,2,20,122.77000000000001,126.96090777060125,127.72581015766002,9.77848007761828
2013-02-21,130.71,2013,2,21,125.90857142857142,127.89818082795094,127.91833853458519,18.747234758306654
2013-02-22,132.23,2013,2,22,129.7785714285714,128.98113562096322,128.1965102420313,30.08655231677655
2013-02-25,131.77,2013,2,25,129.97,129.6783517157224,128.42705796835187,72.98756894094316
2013-02-26,132.31,2013,2,26,130.27142857142857,130.3362637867918,128.67757035749048,88.16253780813246
2013-02-27,132.55,2013,2,27,130.69285714285715,130.88969784009385,128.92740452797497,102.6742877182459
2013-02-28,132.52,2013,2,28,131.15857142857143,131.29727338007038,129.15918488100885,115.88858556510976
2013-03-01,132.89,2013,3,1,131.81571428571428,131.6954550350528,129.3998826306212,144.38018438391998
2013-03-04,131.66,2013,3,4,132.14000000000001,131.6865912762896,129.5456966544521,121.82578520305546
2013-03-05,130.18,2013,3,5,132.2757142857143,131.30994345721717,129.58661945093905,109.4813534114148
2013-03-06,122.58,2013,3,6,131.98285714285714,129.1274575929129,129.13457948636236,95.5419681218077
2013-03-07,116.57,2013,3,7,130.67000000000002,125.98809319468467,128.32396145498416,80.6168473599819
2013-03-09,112.71,2013,3,9,128.42142857142855,122.6685698960135,127.3166091030497,50.433169760078634
2013-03-10,109.52,2013,3,10,125.58714285714287,119.38142742201012,126.16844077382069,36.49378447047164
2013-03-12,104.41,2013,3,12,122.30142857142856,115.63857056650758,124.76467040131614,13.93938528960707
2013-03-13,133.1,2013,3,13,118.23285714285714,120.00392792488068,125.30243360123123,6.310106870568354
2013-03-14,131.97,2013,3,14,118.43857142857142,122.99544594366051,125.73259917534536,1.5949534979663815
2013-03-15,131.25,2013,3,15,118.69428571428571,125.05908445774539,126.08856051887147,0.0
2013-03-18,129.0,2013,3,18,119.93285714285715,126.04431334330904,126.27639532410558,13.939385289607053
2013-03-19,128.52,2013,3,19,121.70857142857143,126.66323500748177,126.42114401287297,24.14935267883086
2013-03-20,128.55,2013,3,20,123.96714285714286,127.13492625561133,126.55848956042956,36.49378447047155
2013-03-21,128.93,2013,3,21,126.68571428571428,127.5836946917085,126.71149023395024,50.433169760078634
2013-03-22,129.3,2013,3,22,130.18857142857144,128.0127710187814,126.87849086401798,65.35829052190441
2013-03-25,129.71,2013,3,25,129.6457142857143,128.43707826408604,127.06116887279103,109.48135341141483
2013-03-26,130.5,2013,3,26,129.32285714285715,128.95280869806453,127.2830289455142,121.82578520305547
2013-03-27,129.43,2013,3,27,129.21571428571428,129.0721065235484,127.42154320709393,132.03575259227924
2013-03-28,130.19,2013,3,28,129.27714285714288,129.35157989266128,127.6001533227653,139.66503101131798
2013-04-01,133.18,2013,4,1,129.5157142857143,130.30868491949596,127.960143430974,127.2279031235797
2013-04-02,133.29,2013,4,2,130.17714285714285,131.05401368962197,128.30400514510472,115.88858556510975
2013-04-03,135.3,2013,4,3,130.8,132.11551026721648,128.75535965187217,102.67428771824594
2013-04-04,131.58,2013,4,4,131.65714285714284,131.98163270041238,128.93759451304172,88.16253780813246
2013-04-06,121.85,2013,4,6,131.92428571428573,129.44872452530927,128.48033035091,57.81260007375393
2013-04-07,116.67,2013,4,7,130.68857142857144,126.25404339398196,127.71837355407712,43.30085016364044
2013-04-09,112.35,2013,4,9,128.8657142857143,122.77803254548647,126.72686558284634,18.747234758306696
2013-04-10,109.52,2013,4,10,126.31714285714285,119.46352440911485,125.61674522266271,9.77848007761832
2013-04-11,99.46,2013,4,11,122.93714285714285,114.46264330683614,123.92921327281351,3.5722658911174108
2013-04-12,103.72,2013,4,12,118.10428571428572,111.77698248012712,122.62539306166425,0.3998335394738453
2013-04-15,128.01,2013,4,15,113.59285714285716,115.83523686009534,122.97278705768593,9.77848007761828
2013-04-16,128.67,2013,4,16,113.08285714285714,119.0439276450715,123.34034918299652,18.747234758306696
2013-04-17,128.97,2013,4,17,114.05714285714285,121.52544573380362,123.70355246151288,30.08655231677655
2013-04-18,131.47,2013,4,18,115.81428571428572,124.01158430035272,124.20461359302818,43.30085016364041
2013-04-19,133.0,2013,4,19,118.54571428571428,126.25868822526454,124.77205787734896,57.81260007375387
2013-04-22,132.84,2013,4,22,121.89999999999999,127.9040161689484,125.29257027235872,102.6742877182459
2013-04-23,128.57,2013,4,23,126.66857142857143,128.07051212671132,125.50401735156139,115.88858556510976
2013-04-24,128.85,2013,4,24,130.21857142857144,128.26538409503348,125.71988719984776,127.22790312357962
2013-04-25,128.19,2013,4,25,130.3385714285714,128.2465380712751,125.87924931598661,136.19665780426806
2013-04-26,126.76,2013,4,26,130.27,127.87490355345632,125.93607194076168,142.40287199076894
2013-04-29,126.42,2013,4,29,129.95428571428573,127.51117766509225,125.96729310587384,142.40287199076894
2013-04-30,126.68,2013,4,30,129.23285714285714,127.30338324881919,126.01327419581746,136.19665780426809
2013-05-02,133.42,2013,5,2,128.33,128.8325374366144,126.49112747350667,80.6168473599819
2013-05-03,130.89,2013,5,3,128.41285714285715,129.34690307746078,126.77492570102237,65.35829052190446
2013-05-04,131.83,2013,5,4,128.7442857142857,129.9676773080956,127.10105952676287,50.433169760078634
2013-05-06,121.22,2013,5,6,129.17000000000002,127.7807579810717,126.72163633148784,24.1493526788309
2013-05-07,116.5,2013,5,7,128.17428571428573,124.96056848580378,126.06217592300476,13.93938528960707
2013-05-08,118.06,2013,5,8,126.70857142857143,123.23542636435283,125.54590650861735,6.310106870568354
2013-05-09,111.93,2013,5,9,125.51428571428572,120.40906977326462,124.66746092741623,1.5949534979663815
2013-05-11,99.22,2013,5,11,123.40714285714284,115.11180232994846,123.0256892546797,1.5949534979663815
2013-05-12,101.75,2013,5,12,118.52142857142857,111.77135174746135,121.65306414147457,6.310106870568345
2013-05-13,132.93,2013,5,13,114.35857142857142,117.06101381059601,122.38060839041171,13.939385289607094
2013-05-14,131.98,2013,5,14,114.51571428571428,120.790760357947,122.99992397812709,24.14935267883086
2013-05-15,129.82,2013,5,15,116.05285714285716,123.04807026846025,123.43992888276405,36.49378447047161
2013-05-16,128.95,2013,5,16,117.9557142857143,124.52355270134518,123.79541734194056,50.433169760078634
2013-05-17,128.01,2013,5,17,119.51142857142857,125.39516452600888,124.06732590052505,65.35829052190448
2013-05-20,126.75,2013,5,20,121.80857142857141,125.73387339450666,124.24040164887828,109.48135341141472
2013-05-21,125.52,2013,5,21,125.74142857142859,125.68040504588,124.32295638120871,121.82578520305547
2013-05-22,123.33,2013,5,22,129.13714285714286,125.09280378441,124.25889467919525,132.03575259227924
2013-05-23,123.42,2013,5,23,127.76571428571427,124.67460283830751,124.20477244182783,139.66503101131798
2013-05-24,121.38,2013,5,24,126.54285714285713,123.85095212873063,124.0225290584841,144.38018438391998
2013-05-27,121.47,2013,5,27,125.33714285714287,123.25571409654796,123.85784976438836,139.66503101131798
2013-05-28,120.37,2013,5,28,124.26857142857143,122.53428557241097,123.63282719894396,132.0357525922793
2013-05-29,120.64,2013,5,29,123.17714285714284,122.06071417930822,123.43974157320564,121.8257852030555
2013-05-30,119.46,2013,5,30,122.30428571428573,121.41053563448116,123.18298405235366,109.48135341141474
2013-05-31,121.26,2013,5,31,121.43857142857142,121.37290172586087,123.05892056510505,95.54196812180761
2013-06-02,132.37,2013,6,2,121.14285714285714,124.12217629439566,123.65963536735636,43.30085016364044
2013-06-03,131.69,2013,6,3,122.42142857142856,126.01413222079674,124.17772340817208,30.086552316776622
2013-06-05,130.56,2013,6,5,123.89428571428572,127.15059916559755,124.58948318829002,9.77848007761832
2013-06-06,122.28,2013,6,6,125.19285714285715,125.93294937419816,124.44048427291648,3.5722658911174108
2013-06-08,116.67,2013,6,8,125.46571428571428,123.61721203064862,123.93916270692188,0.3998335394738453
2013-06-09,112.79,2013,6,9,124.89857142857143,120.91040902298647,123.21986188712047,3.5722658911174023
2013-06-11,97.77,2013,6,11,123.94571428571429,115.12530676723985,121.57793531375788,18.747234758306696
2013-06-12,102.52,2013,6,12,120.59,111.97398007542988,120.34839109996705,30.0865523167766
2013-06-13,116.78,2013,6,13,116.32571428571428,113.1754850565724,120.11817231932402,43.30085016364041
2013-06-14,116.22,2013,6,14,114.19571428571429,113.93661379242931,119.86667733098054,57.81260007375387
2013-06-17,116.04,2013,6,17,112.14714285714285,114.462460344322,119.61979492253019,102.6742877182459
2013-06-18,115.71,2013,6,18,111.25571428571429,114.7743452582415,119.36755008881858,115.88858556510976
2013-06-19,117.32,2013,6,19,111.11857142857141,115.41075894368112,119.23545008308835,127.22790312357962
2013-06-20,113.37,2013,6,20,111.76571428571428,114.90056920776084,118.85703394869556,136.196657804268
2013-06-21,114.34,2013,6,21,113.99428571428572,114.76042690582062,118.56561240361843,142.40287199076894
2013-06-24,114.84,2013,6,24,115.68285714285716,114.78032017936548,118.32525031306241,142.40287199076894
2013-06-25,114.46,2013,6,25,115.40571428571427,114.7002401345241,118.07587932512291,136.19665780426803
2013-06-26,113.56,2013,6,26,115.1542857142857,114.41518010089307,117.78453227188919,127.22790312357967
2013-06-27,115.74,2013,6,27,114.8,114.7463850756698,117.65262696402539,115.88858556510975
2013-06-28,114.99,2013,6,28,114.80428571428573,114.80728880675235,117.48084457924956,102.674287718246
2013-07-01,134.71,2013,7,1,114.47142857142856,119.78296660506427,118.59240299349153,24.1493526788309
2013-07-02,131.24,2013,7,2,117.52,122.6472249537982,119.40837699391145,13.93938528960707
2013-07-03,133.21,2013,7,3,119.9342857142857,125.28791871534867,120.29880428462684,6.310106870568354
2013-07-05,131.1,2013,7,5,122.55857142857144,126.74093903651149,120.99565562110253,0.0
2013-07-06,120.87,2013,7,6,124.93571428571428,125.27320427738363,120.98754880683785,1.5949534979663815
2013-07-08,118.86,2013,7,8,125.97999999999999,123.66990320803772,120.85028759349348,13.939385289607094
2013-07-10,109.09,2013,7,10,126.42571428571428,120.0249274060283,120.09155936165519,36.49378447047161
2013-07-11,99.14,2013,7,11,125.58285714285715,114.80369555452123,118.73984585445163,50.433169760078634
2013-07-15,119.41,2013,7,15,120.50142857142858,115.9552716658909,118.78308160577734,109.48135341141483
2013-07-16,121.1,2013,7,16,118.81142857142858,117.24145374941818,118.93256021185623,121.82578520305547
2013-07-17,123.0,2013,7,17,117.08142857142856,118.68109031206365,119.19497568205907,132.03575259227924
2013-07-18,123.95,2013,7,18,115.92428571428572,119.99831773404773,119.50175144450688,139.66503101131798
2013-07-19,120.77,2013,7,19,116.36428571428571,120.19123830053579,119.58357393195806,144.38018438391998
2013-07-22,121.37,2013,7,22,116.63714285714286,120.48592872540183,119.69882722667045,139.66503101131798
2013-07-23,121.54,2013,7,23,118.39142857142858,120.74944654405138,119.81761256688526,132.0357525922793
2013-07-24,118.42,2013,7,24,121.59142857142857,120.16708490803855,119.72744401418299,121.8257852030555
2013-07-25,120.2,2013,7,25,121.45000000000002,120.17531368102891,119.75793149713893,109.48135341141474
2013-07-26,119.22,2013,7,26,121.32142857142857,119.93648526077169,119.723226239259,95.54196812180761
2013-07-29,118.32,2013,7,29,120.78142857142858,119.53236394557877,119.63269551414552,50.433169760078684
2013-07-30,117.83,2013,7,30,119.97714285714287,119.10677295918407,119.51639257774906,36.49378447047154
2013-07-31,116.36,2013,7,31,119.55714285714285,118.42007971938806,119.31275434692654,24.149352678830894
2013-08-01,133.86,2013,8,1,118.84142857142857,122.28005978954104,120.2512863245442,3.5722658911174108
2013-08-02,132.03,2013,8,2,120.60142857142857,124.71754484215577,121.01120333586393,0.3998335394738534
2013-08-03,134.33,2013,8,3,122.54571428571428,127.12065863161683,121.87048054000175,0.3998335394738453
2013-08-04,129.61,2013,8,4,124.56428571428572,127.74299397371263,122.36980437613067,3.5722658911174023
2013-08-05,131.5,2013,8,5,126.04857142857144,128.68224548028448,122.95884925508999,9.77848007761828
2013-08-07,118.15,2013,8,7,127.93142857142857,126.04918411021336,122.64860091605193,30.08655231677655
2013-08-08,119.59,2013,8,8,127.97714285714287,124.43438808266004,122.45127182469375,43.30085016364041
2013-08-10,109.25,2013,8,10,128.43857142857144,120.63829106199503,121.5995768682619,72.98756894094316
2013-08-11,99.61,2013,8,11,124.92285714285715,115.38121829649629,120.18089448966437,88.16253780813238
2013-08-13,118.71,2013,8,13,120.29142857142858,116.21341372237221,120.08599807097634,115.88858556510976
2013-08-14,120.65,2013,8,14,118.06000000000002,117.32256029177915,120.12238529220369,127.22790312357962
2013-08-15,120.19,2013,8,15,116.78,118.03942021883437,120.12674753141636,136.196657804268
2013-08-16,119.29,2013,8,16,115.16428571428571,118.35206516412578,120.0727638197121,142.40287199076894
2013-08-19,117.82,2013,8,19,115.32714285714287,118.21904887309434,119.92742421844035,142.40287199076897
2013-08-20,115.16,2013,8,20,115.07428571428571,117.45428665482075,119.61984846241194,136.19665780426809
2013-08-21,113.95,2013,8,21,115.91857142857143,116.57821499111556,119.25405178741764,127.22790312357967
2013-08-22,112.85,2013,8,22,117.96714285714286,115.64616124333668,118.84088715597134,115.88858556510975
2013-08-23,112.62,2013,8,23,117.13,114.88962093250251,118.43953959752159,102.674287718246
2013-08-26,113.26,2013,8,26,115.98285714285714,114.48221569937688,118.1053757525202,57.81260007375398
2013-08-27,112.35,2013,8,27,114.99285714285715,113.94916177453266,117.73406118784149,43.3008501636404
2013-08-28,113.34,2013,8,28,114.00142857142858,113.7968713308995,117.45057336927108,30.08655231677664
2013-08-29,112.51,2013,8,29,113.36142857142856,113.47515349817462,117.13182670028587,18.74723475830673
2013-08-30,111.91,2013,8,30,112.98285714285716,113.08386512363097,116.79493465510615,9.778480077618369
2013-09-01,134.06,2013,9,1,112.69142857142857,118.32789884272323,117.9088098386477,1.5949534979663815
2013-09-04,128.85,2013,9,4,115.72142857142856,120.95842413204241,118.61469307486398,24.14935267883086
2013-09-05,134.21,2013,9,5,118.03999999999999,124.27131809903182,119.62084190874373,36.49378447047155
2013-09-07,117.79,2013,9,7,121.03285714285714,122.65098857427387,119.50272307592155,65.35829052190448
2013-09-08,121.36,2013,9,8,121.80999999999999,122.3282414307054,119.62254739360404,80.61684735998183
2013-09-09,112.89,2013,9,9,122.9557142857143,119.96868107302905,119.18818949724249,95.54196812180768
2013-09-10,109.61,2013,9,10,123.01,117.37901080477178,118.57024178774299,109.48135341141472
2013-09-12,102.61,2013,9,12,122.68142857142857,113.68675810357884,117.54054876917894,132.03575259227924
2013-09-13,113.86,2013,9,13,118.18857142857144,113.73006857768414,117.30309400987707,139.66503101131798
2013-09-16,113.34,2013,9,16,116.04714285714286,113.6325514332631,117.04741052536887,144.38018438391998
2013-09-17,110.03,2013,9,17,113.0657142857143,112.73191357494733,116.59467436244185,139.66503101131798
2013-09-18,110.01,2013,9,18,111.95714285714287,112.0514351812105,116.16985666163916,132.0357525922793
2013-09-19,110.57,2013,9,19,110.33571428571429,111.68107638590787,115.8085755866947,121.8257852030555
2013-09-20,110.08,2013,9,20,110.00428571428571,111.2808072894309,115.43899006497247,109.48135341141486
2013-09-23,111.72,2013,9,23,110.07142857142857,111.39060546707319,115.19905522207102,65.35829052190458
2013-09-24,112.41,2013,9,24,111.37285714285714,111.64545410030487,115.0191161754858,50.433169760078684
2013-09-25,112.49,2013,9,25,111.16571428571429,111.85659057522867,114.8559473899706,36.49378447047154
2013-09-26,110.73,2013,9,26,111.0442857142857,111.5749429314215,114.58975723577895,24.149352678830894
2013-09-27,108.75,2013,9,27,111.14428571428572,110.86870719856613,114.21299870443838,13.939385289607078
2013-09-30,108.95,2013,9,30,110.96428571428571,110.38903039892459,113.87345040092623,0.0
2013-10-01,134.27,2013,10,1,110.73285714285714,116.35927279919343,115.18935682667292,18.747234758306696
2013-10-04,128.95,2013,10,4,114.18857142857142,119.50695459939507,116.07714025721015,57.81260007375387
2013-10-05,131.45,2013,10,5,116.64999999999999,122.49271594954631,117.06893765997079,72.98756894094316
2013-10-06,121.68,2013,10,6,119.36999999999999,122.28953696215973,117.3664255528759,88.16253780813246
2013-10-07,117.86,2013,10,7,120.68285714285715,121.1821527216198,117.3982690655936,102.6742877182459
2013-10-09,112.21,2013,10,9,121.70142857142856,118.93911454121485,117.06354202910369,127.22790312357962
2013-10-10,109.72,2013,10,10,122.19571428571427,116.63433590591114,116.58976512400022,136.19665780426806
2013-10-12,106.7,2013,10,12,122.30571428571429,114.15075192943335,115.95171576116151,145.5753043424125
2013-10-14,111.03,2013,10,14,118.36714285714285,113.37056394707503,115.63418571205432,142.40287199076894
2013-10-15,109.95,2013,10,15,115.80714285714285,112.51542296030627,115.26746405321211,136.19665780426803
2013-10-16,109.18,2013,10,16,112.7357142857143,111.6815672202297,114.87472443687585,127.22790312357967
2013-10-17,108.16,2013,10,17,110.95,110.80117541517228,114.44151640869032,115.88858556510975
2013-10-18,108.09,2013,10,18,109.56428571428572,110.1233815613792,114.03174115651676,102.674287718246
2013-10-21,106.31,2013,10,21,108.97571428571428,109.1700361710344,113.53356430770923,57.81260007375398
2013-10-22,106.34,2013,10,22,108.48857142857143,108.46252712827581,113.06946338463122,43.3008501636404
2013-10-23,105.0,2013,10,23,108.43714285714285,107.59689534620685,112.54885284368729,30.08655231677664
2013-10-24,104.78,2013,10,24,107.57571428571428,106.89267150965514,112.04763653119134,18.74723475830673
2013-10-25,103.53,2013,10,25,106.83714285714287,106.05200363224137,111.49811159369514,9.778480077618305
2013-10-28,101.78,2013,10,28,106.03,104.98400272418101,110.87113665216643,0.3998335394738372
2013-10-29,101.42,2013,10,29,105.11857142857141,104.09300204313577,110.26138590041377,3.5722658911173943
2013-10-30,101.47,2013,10,30,104.1657142857143,103.43725153235184,109.6941997132903,9.778480077618337
2013-10-31,100.38,2013,10,31,103.4742857142857,102.67293864926387,109.09328360275545,18.747234758306686
2013-11-01,136.9,2013,11,1,102.62285714285714,111.2297039869479,110.88726530580348,50.433169760078634
2013-11-02,131.22,2013,11,2,107.17999999999999,116.22727799021092,112.19905464091295,65.35829052190441
2013-11-03,134.78,2013,11,3,110.95714285714284,120.86545849265818,113.6558898253702,80.61684735998183
2013-11-04,129.61,2013,11,4,115.42142857142858,123.05159386949364,114.68518725599148,95.54196812180768
2013-11-06,120.48,2013,11,6,119.39714285714285,122.40869540212023,115.0590461427017,121.82578520305547
2013-11-07,119.0,2013,11,7,122.11999999999999,121.55652155159018,115.31330123026933,132.03575259227924
2013-11-09,114.69,2013,11,9,124.62428571428572,119.83989116369263,115.27308824767132,144.38018438391995
2013-11-10,110.87,2013,11,10,126.66857142857144,117.59741837276947,114.98901803814415,145.97513788188635
2013-11-11,99.7,2013,11,11,122.95,113.1230637795771,114.00262977761874,144.38018438391998
2013-11-12,105.69,2013,11,12,118.44714285714288,111.26479783468282,113.46633108228849,139.66503101131798
2013-11-13,98.57,2013,11,13,114.29142857142858,108.09109837601211,112.50527746407634,132.0357525922793
2013-11-14,98.11,2013,11,14,109.85714285714286,105.59582378200909,111.57654988574885,121.8257852030555
2013-11-15,101.09,2013,11,15,106.66142857142857,104.46936783650682,110.89999828021666,109.48135341141486
2013-11-18,102.5,2013,11,18,104.10285714285715,103.97702587738011,110.35806290729947,65.35829052190458
2013-11-19,101.89,2013,11,19,102.36142857142856,103.45526940803508,109.81173626811886,50.4331697600788
2013-11-20,103.18,2013,11,20,101.07857142857142,103.38645205602631,109.383882315337,36.49378447047165
2013-11-21,103.96,2013,11,21,101.57571428571428,103.52983904201973,109.03395442402494,24.149352678830894
2013-11-22,101.55,2013,11,22,101.32857142857142,103.0348792815148,108.55111865473302,13.939385289607078
2013-11-25,101.78,2013,11,25,101.75428571428573,102.7211594611361,108.11427228991154,0.0
2013-11-26,102.69,2013,11,26,102.27857142857144,102.71336959585207,107.76431923894951,1.5949534979663653
2013-11-27,102.29,2013,11,27,102.50714285714285,102.60752719688905,107.41113735256567,6.310106870568362
2013-11-28,102.58,2013,11,28,102.47714285714287,102.60064539766678,107.099451071755,13.939385289607046
2013-11-29,104.3,2013,11,29,102.57571428571428,103.02548404825009,106.91884132519017,24.149352678830844
2013-12-02,131.54,2013,12,2,102.73571428571428,110.15411303618757,108.50730317517791,102.6742877182459
2013-12-03,134.49,2013,12,3,106.67571428571429,116.23808477714067,110.18360619613418,115.88858556510976
2013-12-04,128.82,2013,12,4,111.38142857142857,119.3835635828555,111.38595418348037,127.22790312357962
2013-12-06,117.17,2013,12,6,115.24428571428572,118.83017268714163,111.75911842970744,142.40287199076894
2013-12-07,116.49,2013,12,7,117.31285714285714,118.24512951535623,112.06433659553278,145.5753043424125
2013-12-08,121.63,2013,12,8,119.34142857142857,119.09134713651717,112.68147617001453,145.57530434241252
2013-12-09,114.15,2013,12,9,122.06285714285714,117.85601035238787,112.77621964291683,142.40287199076894
2013-12-11,100.95,2013,12,11,123.47,113.62950776429089,112.01323773047059,127.22790312357967
2013-12-12,107.0,2013,12,12,119.10000000000001,111.97213082321817,111.68980303818218,115.88858556510975
2013-12-13,109.44,2013,12,13,115.17285714285715,111.33909811741363,111.54465445507365,102.674287718246
2013-12-16,109.24,2013,12,16,112.40428571428572,110.81432358806022,111.39596707087536,57.81260007375398
2013-12-17,107.53,2013,12,17,111.27142857142857,109.99324269104517,111.1465498404963,43.3008501636404
2013-12-18,108.29,2013,12,18,109.99142857142856,109.56743201828388,110.96225630239978,30.08655231677664
2013-12-19,107.44,2013,12,19,108.08571428571429,109.03557401371292,110.73501396030949,18.74723475830673
2013-12-20,108.61,2013,12,20,107.12714285714286,108.9291805102847,110.59791628545081,9.778480077618369
2013-12-23,108.91,2013,12,23,108.22142857142856,108.92438538271352,110.48901846058303,0.3998335394738372
2013-12-24,108.3,2013,12,24,108.49428571428571,108.76828903703515,110.34779146312606,3.5722658911173943
2013-12-26,108.46,2013,12,26,108.33142857142857,108.69121677777635,110.22599846550503,18.747234758306686
2013-12-27,109.42,2013,12,27,108.22,108.87341258333227,110.17399856450471,30.08655231677659
2013-12-30,108.19,2013,12,30,108.49000000000001,108.7025594374992,110.04599865711732,72.98756894094315
2013-12-31,105.81,2013,12,31,108.47571428571428,107.9794195781244,109.77270842117427,88.16253780813237
2014-01-04,156.19,2014,1,4,108.24285714285715,120.0320646835933,112.76737239400174,144.38018438391998
2014-01-05,175.18,2014,1,5,115.03999999999999,133.81904851269496,116.7939935298726,145.97513788188635
2014-01-07,150.84,2014,1,7,124.50714285714285,138.07428638452123,118.99051007633244,139.665031011318
2014-01-08,167.84,2014,1,8,130.5842857142857,145.51571478839094,122.14209007140778,132.0357525922793
2014-01-09,171.53,2014,1,9,139.06714285714287,152.0192860912932,125.32840684099438,121.82578520305546
2014-01-10,169.63,2014,1,10,147.94,156.4219645684699,128.1865741415754,109.4813534114148
2014-01-12,160.43,2014,1,12,156.71714285714285,157.4239734263524,130.26679516469957,80.6168473599819
2014-01-13,111.74,2014,1,13,164.51999999999998,146.0029800697643,129.0715180572996,65.35829052190446
2014-01-14,111.53,2014,1,14,158.17000000000002,137.38473505232324,127.9398072148932,50.433169760078634
2014-01-15,109.71,2014,1,15,149.07714285714286,130.46605128924244,126.76369062038397,36.49378447047158
2014-01-16,110.81,2014,1,16,143.20142857142858,125.55203846693183,125.73442025777857,24.1493526788309
2014-01-17,110.69,2014,1,17,135.05428571428573,121.83652885019887,124.76381249921221,13.93938528960707
2014-01-20,110.72,2014,1,20,126.36285714285714,119.05739663764916,123.8577600799082,0.0
2014-01-21,109.74,2014,1,21,117.94714285714285,116.72804747823687,122.9469368489464,1.5949534979663815
2014-01-22,109.02,2014,1,22,110.70571428571428,114.80103560867765,122.04842479417566,6.310106870568345
2014-01-23,109.85,2014,1,23,110.31714285714284,113.56327670650825,121.26142964616434,13.939385289607094
2014-01-24,109.46,2014,1,24,110.07714285714285,112.53745752988118,120.5000470883473,24.14935267883091
2014-01-27,109.81,2014,1,27,110.04142857142857,111.85559314741089,119.81036663103457,65.35829052190448
2014-01-28,109.82,2014,1,28,109.89857142857143,111.34669486055816,119.16582684838718,80.61684735998183
2014-01-29,111.51,2014,1,29,109.77428571428571,111.38752114541862,118.67190253558802,95.54196812180768
2014-01-30,113.9,2014,1,30,109.88714285714286,112.01564085906395,118.36403785587267,109.48135341141472
2014-01-31,117.56,2014,1,31,110.48142857142857,113.40173064429796,118.31216444581636,121.82578520305547
2014-02-01,104.52,2014,2,1,111.70142857142858,111.18129798322346,117.42234738479597,142.40287199076894
2014-02-04,154.56,2014,2,4,110.94000000000001,122.0259734874176,119.81832497287365,142.40287199076894
2014-02-05,175.42,2014,2,5,117.38285714285713,135.3744801155632,123.40552981333342,136.19665780426806
2014-02-06,152.2,2014,2,6,126.75571428571428,139.58086008667237,125.2632375673119,127.22790312357968
2014-02-07,151.67,2014,2,7,132.81,142.60314506500427,126.9668996597434,115.88858556510975
2014-02-09,176.44,2014,2,9,138.54714285714286,151.06235879875322,130.15871258492126,88.16253780813246
2014-02-10,174.6,2014,2,10,147.48142857142855,156.9467690990649,133.02589241815215,72.98756894094319
2014-02-12,157.34,2014,2,12,155.63000000000002,157.0450768242987,134.59454452020685,43.30085016364044
2014-02-13,128.44,2014,2,13,163.1757142857143,149.893807618224,134.1974771318064,30.086552316776622
2014-02-14,128.59,2014,2,14,159.4442857142857,144.567855713668,133.83570441362536,18.747234758306696
2014-02-17,128.89,2014,2,17,152.75428571428571,140.648391785251,133.51662670952052,0.3998335394738534
2014-02-18,137.33,2014,2,18,149.42428571428573,139.81879383893826,133.76265079277726,0.3998335394738453
2014-02-19,149.13,2014,2,19,147.3757142857143,142.1465953792037,134.75409267711422,3.5722658911174023
2014-02-20,148.0,2014,2,20,143.4742857142857,143.60994653440275,135.60866734310687,9.77848007761828
2014-02-21,149.33,2014,2,21,139.67428571428573,145.03995990080207,136.49391461129352,18.747234758306654
2014-02-24,154.3,2014,2,24,138.53,147.35496992560155,137.6426943137907,57.81260007375387
2014-02-25,154.17,2014,2,25,142.2242857142857,149.05872744420117,138.70897209999777,72.98756894094316
2014-02-26,154.18,2014,2,26,145.87857142857143,150.3390455831509,139.70710293225596,88.16253780813246
2014-02-27,155.98,2014,2,27,149.49142857142857,151.74928418736317,140.7569672592072,102.6742877182459
2014-02-28,157.53,2014,2,28,152.15571428571428,153.19446314052237,141.83909840377447,115.88858556510976
2014-03-01,108.08,2014,3,1,153.3557142857143,141.91584735539178,139.66109205514385,144.38018438391998
2014-03-02,124.75,2014,3,2,147.65285714285713,137.62438551654384,138.69908611610234,139.665031011318
2014-03-03,165.5,2014,3,3,144.14142857142858,144.59328913740788,140.42817733441834,132.0357525922793
2014-03-04,155.49,2014,3,4,145.74142857142857,147.31746685305592,141.399907828972,121.82578520305546
2014-03-06,150.63,2014,3,6,145.93,148.14560013979195,141.9953976464577,95.5419681218077
2014-03-07,152.07,2014,3,7,145.42285714285714,149.12670010484396,142.64537199184753,80.6168473599819
2014-03-09,171.41,2014,3,9,144.8642857142857,154.69752507863296,144.5011544439864,50.433169760078634
2014-03-10,174.57,2014,3,10,146.84714285714287,159.66564380897472,146.4410799637292,36.49378447047164
2014-03-11,161.17,2014,3,11,156.34571428571425,160.04173285673104,147.39133286929507,24.1493526788309
2014-03-12,157.45,2014,3,12,161.54857142857142,159.3937996425483,148.04027913579216,13.93938528960707
2014-03-13,177.29,2014,3,13,160.39857142857142,163.8678497319112,149.92735790122492,6.310106870568354
2014-03-14,172.24,2014,3,14,163.51285714285714,165.96088729893341,151.36688319792012,1.5949534979663815
2014-03-17,167.66,2014,3,17,166.6,166.38566547420007,152.41805202386075,6.310106870568345
2014-03-18,167.25,2014,3,18,168.82714285714286,166.60174910565004,153.37495189328908,13.939385289607053
2014-03-19,163.34,2014,3,19,168.23285714285717,165.78631182923755,154.0178582227543,24.14935267883086
2014-03-20,155.47,2014,3,20,166.6285714285714,163.20723387192817,154.11154478902824,36.49378447047155
2014-03-21,153.33,2014,3,21,165.81428571428572,160.73792540394612,154.06112254457483,50.433169760078634
2014-03-24,157.28,2014,3,24,165.22571428571428,159.8734440529596,154.26879205782808,95.54196812180768
2014-03-25,156.61,2014,3,25,162.36714285714285,159.0575830397197,154.4198377315166,109.48135341141483
2014-03-26,157.15,2014,3,26,160.1342857142857,158.58068727978977,154.59597723270906,121.82578520305547
2014-03-27,157.71,2014,3,27,158.63285714285715,158.36301545984233,154.79688192737302,132.03575259227924
2014-03-28,160.55,2014,3,28,157.27,158.90976159488173,155.16805083528448,139.66503101131798
2014-03-31,158.9,2014,3,31,156.87142857142857,158.9073211961613,155.4088217491371,144.38018438391995
2014-04-02,124.19,2014,4,2,157.36142857142858,150.22799089712095,153.3947042169347,115.88858556510975
2014-04-03,161.53,2014,4,3,153.19857142857146,153.05349317284072,153.91956200939057,102.67428771824594
2014-04-04,162.35,2014,4,4,153.8057142857143,155.37761987963054,154.4634612345912,88.16253780813246
2014-04-06,150.29,2014,4,6,154.62571428571428,154.1057149097229,154.19420567106917,57.81260007375393
2014-04-07,151.91,2014,4,7,153.6457142857143,153.55678618229217,154.04683756325826,43.30085016364044
2014-04-08,163.88,2014,4,8,152.81714285714287,156.13758963671913,154.68123513982223,30.086552316776622
2014-04-09,172.31,2014,4,9,153.29285714285714,160.18069222753934,155.81857480822083,18.747234758306696
2014-04-11,161.84,2014,4,11,155.20857142857145,160.5955191706545,156.20705385285174,3.5722658911174108
2014-04-12,156.54,2014,4,12,160.58714285714285,159.58163937799088,156.22853424944196,0.3998335394738453
2014-04-14,176.59,2014,4,14,159.8742857142857,163.83372953349317,157.54217720109088,3.5722658911174023
2014-04-15,170.3,2014,4,15,161.9085714285714,165.45029715011987,158.365262542956,9.77848007761828
2014-04-16,164.65,2014,4,16,164.76714285714283,165.2502228625899,158.77072947566853,18.747234758306696
2014-04-17,171.02,2014,4,17,166.58714285714288,166.69266714694243,159.56100499336733,30.08655231677655
2014-04-21,168.29,2014,4,21,167.60714285714286,167.0920003602068,160.1241659615372,88.16253780813238
2014-04-22,175.59,2014,4,22,167.03285714285715,169.2165002701551,161.12196170595416,102.6742877182459
2014-04-23,178.96,2014,4,23,168.99714285714285,171.65237520261633,162.27280288621517,115.88858556510976
2014-04-24,178.8,2014,4,24,172.20000000000002,173.43928140196226,163.3390736677497,127.22790312357962
2014-04-25,177.36,2014,4,25,172.51571428571427,174.4194610514717,164.24364956015293,136.19665780426806
2014-04-28,173.48,2014,4,28,173.52428571428572,174.1845957886038,164.83954313691726,145.57530434241252
2014-04-29,177.68,2014,4,29,174.78571428571428,175.05844684145285,165.66795970872906,142.40287199076894
2014-04-30,176.41,2014,4,30,175.73714285714283,175.39633513108961,166.3609945662304,136.19665780426809
2014-05-02,129.24,2014,5,2,176.89714285714285,163.85725134831722,163.96609169098974,80.6168473599819
2014-05-03,170.13,2014,5,3,170.2757142857143,165.42543851123793,164.36376319479686,65.35829052190446
2014-05-05,176.3,2014,5,5,169.01428571428573,168.14407888342845,165.13384298868095,36.49378447047158
2014-05-06,149.59,2014,5,6,168.65714285714284,163.50555916257133,164.13101440876608,24.1493526788309
2014-05-08,163.87,2014,5,8,164.69,163.5966693719285,164.11417476949086,6.310106870568354
2014-05-09,168.21,2014,5,9,163.31714285714287,164.75000202894637,164.37842155855597,1.5949534979663815
2014-05-11,160.3,2014,5,11,161.96428571428572,163.6375015217098,164.11529758703625,1.5949534979663815
2014-05-12,154.84,2014,5,12,159.66285714285715,161.43812614128234,163.51689129109846,6.310106870568345
2014-05-13,162.75,2014,5,13,163.32,161.76609460596177,163.46741443360824,13.939385289607094
2014-05-14,160.47,2014,5,14,162.2657142857143,161.44207095447132,163.27403285724643,24.14935267883086
2014-05-15,169.06,2014,5,15,160.00428571428571,163.34655321585348,163.64732106000474,36.49378447047161
2014-05-16,161.75,2014,5,16,162.78571428571428,162.94741491189012,163.52491324968187,50.433169760078634
2014-05-19,160.64,2014,5,19,162.4828571428571,162.37056118391757,163.33878981421856,95.54196812180768
2014-05-20,161.53,2014,5,20,161.40142857142857,162.1604208879382,163.22209369717223,109.48135341141472
2014-05-21,159.29,2014,5,21,161.57714285714286,161.44281566595365,162.96841023283855,121.82578520305547
2014-05-22,159.26,2014,5,22,162.21285714285713,160.89711174946524,162.7291579597522,132.03575259227924
2014-05-23,159.18,2014,5,23,161.71428571428572,160.46783381209895,162.50018002686497,139.66503101131798
2014-05-26,158.93,2014,5,26,161.53,160.0833753590742,162.26984583158335,144.38018438391995
2014-05-27,157.27,2014,5,27,160.08285714285714,159.38003151930565,161.94727513277155,139.66503101131798
2014-05-28,153.33,2014,5,28,159.44285714285712,157.86752363947923,161.3913218983992,132.0357525922793
2014-05-29,157.33,2014,5,29,158.39857142857142,157.73314272960943,161.12930113076058,121.8257852030555
2014-05-30,155.2,2014,5,30,157.79857142857145,157.09985704720708,160.74676557393732,109.48135341141474
2014-06-01,111.89,2014,6,1,157.21428571428572,145.79739278540532,157.5947161820704,57.81260007375393
2014-06-02,126.4,2014,6,2,150.44714285714286,140.94804458905398,155.5821538477433,43.30085016364044
2014-06-03,167.09,2014,6,3,145.7642857142857,147.48353344179048,156.3245955349857,30.086552316776622
2014-06-05,174.59,2014,6,5,146.93,154.26015008134286,157.50300872627693,9.77848007761832
2014-06-06,150.75,2014,6,6,149.40428571428575,153.38261256100714,157.06733074393648,3.5722658911174108
2014-06-08,164.1,2014,6,8,149.03571428571428,156.06195942075536,157.5210513411019,0.3998335394738453
2014-06-10,183.6,2014,6,10,150.00285714285715,162.94646956556653,159.203564157805,9.77848007761828
2014-06-11,158.79,2014,6,11,154.05999999999997,161.9073521741749,159.17688259923696,18.747234758306696
2014-06-13,153.95,2014,6,13,160.76,159.91801413063115,158.83966436702815,43.30085016364041
2014-06-16,153.44,2014,6,16,164.69571428571427,158.29851059797335,158.4912989239941,88.16253780813238
2014-06-17,150.35,2014,6,17,162.74571428571429,156.31138294848,157.9660538321235,102.6742877182459
2014-06-18,150.31,2014,6,18,159.28285714285715,154.81103721136,157.4721148752123,115.88858556510976
2014-06-19,149.48,2014,6,19,159.22,153.47827790852,156.9564945606825,127.22790312357962
2014-06-20,153.43,2014,6,20,157.1314285714286,153.46620843139,156.72897878257396,136.196657804268
2014-06-23,153.97,2014,6,23,152.82142857142858,153.5921563235425,156.55098015144017,145.57530434241252
2014-06-24,152.76,2014,6,24,152.13285714285715,153.38411724265688,156.30640078683112,142.40287199076894
2014-06-25,157.22,2014,6,25,151.96285714285713,154.34308793199267,156.3653426715517,136.19665780426803
2014-06-26,156.7,2014,6,26,152.50285714285715,154.9323159489945,156.3869334669355,127.22790312357967
2014-06-27,152.84,2014,6,27,153.41,154.40923696174588,156.15809904971385,115.88858556510975
2014-06-30,152.56,2014,6,30,153.77142857142857,153.9469277213094,155.92596362715167,72.9875689409432
2014-07-01,110.03,2014,7,1,154.21142857142857,142.96769579098205,152.96493371572254,24.1493526788309
2014-07-02,125.0,2014,7,2,148.01142857142855,138.47577184323654,151.16074444374044,13.93938528960707
2014-07-03,169.52,2014,7,3,143.87285714285716,146.2368288824274,152.3452125441443,6.310106870568354
2014-07-04,168.49,2014,7,4,146.26714285714286,151.80012166182055,153.38681173484468,1.5949534979663815
2014-07-05,174.01,2014,7,5,147.87714285714287,157.35259124636542,154.717340010016,0.0
2014-07-07,151.11,2014,7,7,150.35,155.79194343477405,154.48460839646657,6.310106870568345
2014-07-08,159.79,2014,7,8,150.10285714285715,156.79145757608055,154.8268917257268,13.939385289607094
2014-07-10,181.32,2014,7,10,151.1357142857143,162.92359318206042,156.53612451761538,36.49378447047161
2014-07-11,158.06,2014,7,11,161.32,161.7076948865453,156.634439064866,50.433169760078634
2014-07-14,147.26,2014,7,14,166.04285714285714,158.09577116490897,156.02963654455206,95.54196812180768
2014-07-15,145.64,2014,7,15,162.86285714285714,154.9818283736817,155.3593374126455,109.48135341141483
2014-07-16,146.0,2014,7,16,159.59857142857143,152.73637128026127,154.75550919247482,121.82578520305547
2014-07-17,147.02,2014,7,17,155.59714285714287,151.30727846019596,154.25644408328293,132.03575259227924
2014-07-18,151.26,2014,7,18,155.01285714285714,151.29545884514698,154.0631251101679,139.66503101131798
2014-07-21,152.35,2014,7,21,153.7942857142857,151.55909413386024,153.95260090951194,144.38018438391998
2014-07-22,149.98,2014,7,22,149.65571428571428,151.16432060039517,153.69630407664022,139.66503101131798
2014-07-23,154.48,2014,7,23,148.50142857142856,151.99324045029638,153.74686510395375,132.0357525922793
2014-07-24,157.01,2014,7,24,149.53285714285715,153.24743033772228,153.95738993595674,121.8257852030555
2014-07-25,157.69,2014,7,25,151.15714285714284,154.3580727532917,154.19820348847568,109.48135341141474
2014-07-28,158.43,2014,7,28,152.82714285714286,155.3760545649688,154.47122261825146,65.35829052190458
2014-07-29,158.61,2014,7,29,154.45714285714283,156.18454092372662,154.73824051384815,50.433169760078684
2014-07-30,159.8,2014,7,30,155.50714285714284,157.08840569279496,155.064805641987,36.49378447047154
2014-07-31,168.55,2014,7,31,156.57142857142858,159.95380426959622,155.93481818121364,24.149352678830894
2014-08-01,112.29,2014,8,1,159.22428571428574,148.03785320219717,153.11902345984504,3.5722658911174108
2014-08-04,171.55,2014,8,4,153.19714285714286,153.91588990164786,154.3081187205002,3.5722658911174023
2014-08-05,170.59,2014,8,5,155.27428571428572,158.0844174262359,155.35856267401633,9.77848007761828
2014-08-07,152.55,2014,8,7,157.11714285714285,156.70081306967694,155.17736508214432,30.08655231677655
2014-08-08,157.82,2014,8,8,156.27714285714288,156.9806098022577,155.34785765748987,43.30085016364041
2014-08-09,165.88,2014,8,9,156.16428571428574,159.20545735169327,156.02735071184534,57.81260007375387
2014-08-10,180.13,2014,8,10,157.03285714285715,164.43659301376994,157.58236034333922,72.98756894094316
2014-08-12,153.24,2014,8,12,158.68714285714285,161.63744476032747,157.30220806312377,102.6742877182459
2014-08-13,161.17,2014,8,13,164.53714285714287,161.5205835702456,157.55174302679322,115.88858556510976
2014-08-14,159.48,2014,8,14,163.05428571428573,161.0104376776842,157.67614670248398,127.22790312357962
2014-08-15,163.59,2014,8,15,161.46714285714285,161.65532825826315,158.0576856249044,136.196657804268
2014-08-18,163.49,2014,8,18,163.0442857142857,162.11399619369737,158.40815752007188,145.57530434241252
2014-08-19,159.33,2014,8,19,163.8542857142857,161.41799714527303,158.46763122845437,142.40287199076897
2014-08-20,160.81,2014,8,20,162.91857142857143,161.2659978589548,158.61875179436055,136.19665780426809
2014-08-21,161.69,2014,8,21,160.1585714285714,161.3719983942161,158.8168968398857,127.22790312357967
2014-08-22,160.68,2014,8,22,161.3657142857143,161.19899879566208,158.93709704376406,115.88858556510975
2014-08-25,160.66,2014,8,25,161.29571428571427,161.06424909674655,159.04825207319865,72.9875689409432
2014-08-26,166.62,2014,8,26,161.46428571428572,162.45318682255993,159.53675193944392,57.81260007375398
2014-08-27,167.92,2014,8,27,161.89714285714288,163.81989011691994,160.0776066530282,43.3008501636404
2014-08-28,168.34,2014,8,28,162.53,164.94991758768995,160.6106642883167,30.08655231677664
2014-08-29,169.95,2014,8,29,163.81714285714287,166.19993819076745,161.21320207616725,18.74723475830673
2014-09-01,111.59,2014,9,1,165.12285714285713,152.54745364307558,158.01170516802742,1.5949534979663815
2014-09-04,172.53,2014,9,4,157.96571428571428,157.5430902323067,158.94836935073533,24.14935267883086
2014-09-05,160.95,2014,9,5,159.6585714285714,158.39481767423,159.07750681197822,36.49378447047155
2014-09-06,145.87,2014,9,6,159.70000000000002,155.2636132556725,158.2254095983022,50.433169760078634
2014-09-07,152.45,2014,9,7,156.7357142857143,154.56020994175438,157.85280252744403,65.35829052190448
2014-09-09,165.06,2014,9,9,154.5257142857143,157.18515745631578,158.31778300954443,95.54196812180768
2014-09-10,185.09,2014,9,10,154.05714285714288,164.16136809223684,160.04502281538026,109.48135341141472
2014-09-12,154.39,2014,9,12,156.22,161.71852606917764,159.68018263374285,132.03575259227924
2014-09-15,156.3,2014,9,15,162.3342857142857,160.36389455188322,159.4621063347917,145.97513788188635
2014-09-16,158.16,2014,9,16,160.0157142857143,159.81292091391242,159.37809947448255,144.38018438391998
2014-09-17,157.65,2014,9,17,159.61714285714285,159.2721906854343,159.26660918580626,139.66503101131798
2014-09-18,155.63,2014,9,18,161.29999999999998,158.36164301407572,159.0319892383349,132.0357525922793
2014-09-19,153.64,2014,9,19,161.75428571428571,157.18123226055678,158.68411896489394,121.8257852030555
2014-09-22,154.14,2014,9,22,160.12285714285713,156.42092419541757,158.3909499994169,80.61684735998182
2014-09-23,155.47,2014,9,23,155.70142857142855,156.18319314656318,158.20250161235776,65.35829052190458
2014-09-24,160.68,2014,9,24,155.8557142857143,157.3073948599224,158.36234021801212,50.433169760078684
2014-09-25,156.1,2014,9,25,156.48142857142855,157.0055461449418,158.21638278459199,36.49378447047154
2014-09-26,159.07,2014,9,26,156.18714285714285,157.52165960870633,158.2714548630054,24.149352678830894
2014-09-29,162.1,2014,9,29,156.39000000000001,158.66624470652974,158.51845777506958,1.5949534979663733
2014-09-30,164.37,2014,9,30,157.3142857142857,160.0921835298973,158.8959766282909,0.0
2014-10-01,112.14,2014,10,1,158.84714285714284,148.104137647423,155.87946200711087,18.747234758306696
2014-10-02,125.5,2014,10,2,152.84714285714287,142.45310323556726,153.91949671632955,30.0865523167766
2014-10-03,174.23,2014,10,3,148.56571428571428,150.39732742667545,155.22985176688894,43.30085016364041
2014-10-04,177.16,2014,10,4,150.50142857142856,157.08799557000657,156.6447000399929,57.81260007375387
2014-10-06,148.57,2014,10,6,153.51,154.9584966775049,156.12375165031597,88.16253780813246
2014-10-07,145.75,2014,10,7,152.01,152.6563725081287,155.4544773502956,102.6742877182459
2014-10-09,158.28,2014,10,9,149.67428571428573,154.06227938109652,155.63676913414753,127.22790312357962
2014-10-10,183.28,2014,10,10,148.80428571428573,161.3667095358224,157.42020338355735,136.19665780426806
2014-10-11,158.08,2014,10,11,158.96714285714285,160.5450321518668,157.4627709071988,142.40287199076894
2014-10-12,152.87,2014,10,12,163.62142857142857,158.62627411390008,157.1664631067344,145.5753043424125
2014-10-13,182.8,2014,10,13,160.57,164.66970558542505,158.82023968049347,145.57530434241252
2014-10-14,183.84,2014,10,14,161.3757142857143,169.4622791890688,160.43441776562295,142.40287199076894
2014-10-15,181.26,2014,10,15,166.41428571428574,172.4117093918016,161.77800371622791,136.19665780426803
2014-10-16,181.16,2014,10,16,171.48714285714286,174.59878204385117,163.02845508937452,127.22790312357967
2014-10-17,176.8,2014,10,17,174.75571428571428,175.14908653288836,163.916941857802,115.88858556510975
2014-10-20,168.74,2014,10,20,173.82999999999998,173.5468148996663,164.22810689923412,72.9875689409432
2014-10-21,167.86,2014,10,21,175.35285714285718,172.12511117474972,164.46242258315453,57.81260007375398
2014-10-22,163.99,2014,10,22,177.49428571428572,170.0913333810623,164.431943706822,43.3008501636404
2014-10-23,163.98,2014,10,23,174.80714285714288,168.56350003579672,164.40278604831735,30.08655231677664
2014-10-24,162.38,2014,10,24,171.97,167.01762502684755,164.27228372261945,18.74723475830673
2014-10-27,162.31,2014,10,27,169.27285714285716,165.84071877013565,164.14568477277305,0.3998335394738453
2014-10-28,163.31,2014,10,28,166.57999999999998,165.20803907760174,164.09176962614254,0.3998335394738372
2014-10-29,162.5,2014,10,29,164.65285714285713,164.5310293082013,163.9890748115527,3.5722658911173943
2014-10-30,160.95,2014,10,30,163.76142857142855,163.63577198115098,163.79300546887188,9.778480077618337
2014-10-31,162.08,2014,10,31,162.77428571428572,163.24682898586323,163.6824889870092,18.747234758306686
2014-11-02,126.53,2014,11,2,162.50142857142856,154.06762173939742,161.28555421365377,65.35829052190441
2014-11-03,176.37,2014,11,3,157.15142857142857,159.64321630454808,162.2587442643858,80.61684735998183
2014-11-04,174.7,2014,11,4,159.15,163.40741222841103,163.06140592474802,95.54196812180768
2014-11-06,152.45,2014,11,6,160.92000000000002,160.66805917130827,162.37679909089331,121.82578520305547
2014-11-07,145.14,2014,11,7,159.3685714285714,156.7860443784812,161.26474753664215,132.03575259227924
2014-11-08,163.34,2014,11,8,156.88857142857142,158.4245332838609,161.39863479234265,139.66503101131798
2014-11-09,158.85,2014,11,9,157.23000000000002,158.5308999628957,161.23420674122377,144.38018438391995
2014-11-11,160.57,2014,11,11,156.76857142857142,159.04067497217176,161.1913546934029,144.38018438391998
2014-11-12,151.29,2014,11,12,161.6314285714286,157.10300622912882,160.55255761640916,139.66503101131798
2014-11-13,163.14,2014,11,13,158.04857142857142,158.6122546718466,160.71948938309245,132.0357525922793
2014-11-14,164.68,2014,11,14,156.39714285714285,160.12919100388496,160.9750061970865,121.8257852030555
2014-11-17,162.83,2014,11,17,158.1442857142857,160.8043932529137,161.0946832166293,80.61684735998182
2014-11-18,163.42,2014,11,18,160.67142857142858,161.4582949396853,161.24470365426612,65.35829052190458
2014-11-19,167.83,2014,11,19,160.68285714285713,163.05122120476398,161.66956148302313,50.4331697600788
2014-11-20,162.2,2014,11,20,161.96571428571428,162.83841590357298,161.70378332282812,36.49378447047165
2014-11-21,162.44,2014,11,21,162.19857142857146,162.73881192767973,161.75128117296825,24.149352678830894
2014-11-24,163.51,2014,11,24,163.79142857142855,162.9316089457598,161.8647469037445,1.5949534979663733
2014-11-25,165.12,2014,11,25,163.8442857142857,163.47870670931985,162.0747632325352,0.0
2014-11-26,164.72,2014,11,26,163.90714285714284,163.78903003198988,162.24542366914582,1.5949534979663653
2014-11-27,164.73,2014,11,27,164.17714285714285,164.0242725239924,162.4057189162977,6.310106870568362
2014-11-28,160.17,2014,11,28,164.3642857142857,163.0607043929943,162.261478986214,13.939385289607046
2014-12-02,128.67,2014,12,2,163.26999999999998,154.46302829474573,160.09428679355506,102.6742877182459
2014-12-03,176.5,2014,12,3,158.48,159.9722712210593,161.1527199036483,115.88858556510976
2014-12-05,163.67,2014,12,5,160.48857142857142,160.89670341579446,161.31512507115485,136.19665780426806
2014-12-06,153.02,2014,12,6,160.51142857142855,158.92752756184584,160.7799557117255,142.40287199076894
2014-12-08,160.23,2014,12,8,158.78285714285715,159.25314567138437,160.7444746980658,145.57530434241252
2014-12-09,158.17,2014,12,9,158.14142857142855,158.98235925353828,160.57837955625513,142.40287199076894
2014-12-11,159.82,2014,12,11,157.20428571428573,159.1917694401537,160.52945184294836,127.22790312357967
2014-12-12,149.74,2014,12,12,157.1542857142857,156.82882708011527,159.83335817566137,115.88858556510975
2014-12-15,151.69,2014,12,15,160.16428571428568,155.54412031008644,159.3079802288445,72.9875689409432
2014-12-16,151.46,2014,12,16,156.61999999999998,154.52309023256484,158.8016589237578,57.81260007375398
2014-12-17,148.35,2014,12,17,154.8757142857143,152.97981767442363,158.1273583480315,43.3008501636404
2014-12-18,149.25,2014,12,18,154.20857142857145,152.04736325581771,157.5546255513843,30.08655231677664
2014-12-19,150.21,2014,12,19,152.64000000000001,151.5880224418633,157.0807787416176,18.74723475830673
2014-12-22,147.99,2014,12,22,151.50285714285715,150.68851683139746,156.4942768873197,0.3998335394738453
2014-12-23,146.77,2014,12,23,149.81285714285715,149.7088876235481,155.866904184912,0.3998335394738372
2014-12-24,146.89,2014,12,24,149.38857142857142,149.00416571766107,155.287749076208,3.5722658911173943
2014-12-26,145.0,2014,12,26,148.70285714285714,148.0031242882458,154.62402332935588,18.747234758306686
2014-12-29,142.29,2014,12,29,147.78,146.57484321618435,153.8282798887523,57.81260007375392
2014-12-30,143.74,2014,12,30,146.91428571428574,145.86613241213826,153.17742312173604,72.98756894094315
2014-12-31,142.64,2014,12,31,146.12714285714284,145.0595993091037,152.49758937194662,88.16253780813237
2015-01-04,126.07,2015,1,4,145.0457142857143,140.31219948182778,150.79258360601457,144.38018438391998
2015-01-05,126.92,2015,1,5,141.91428571428568,136.96414961137083,149.25241692175558,145.97513788188635
2015-01-06,122.58,2015,1,6,139.07857142857142,133.36811220852812,147.5316158300294,144.38018438391998
2015-01-07,121.33,2015,1,7,135.6057142857143,130.3585841563961,145.84118900228557,139.665031011318
2015-01-09,114.34,2015,1,9,132.2242857142857,126.35393811729708,143.80885422794458,121.82578520305546
2015-01-10,114.8,2015,1,10,128.23142857142858,123.46545358797282,141.93731524549656,109.4813534114148
2015-01-12,113.02,2015,1,12,124.09714285714286,120.8540901909796,140.07168200385163,80.6168473599819
2015-01-13,152.87,2015,1,13,119.86571428571428,128.8580676432347,140.89737993908705,65.35829052190446
2015-01-14,155.4,2015,1,14,123.69428571428573,135.49355073242603,141.83303284624273,50.433169760078634
2015-01-15,153.76,2015,1,15,127.76285714285714,140.06016304931953,142.60251459809803,36.49378447047158
2015-01-16,149.18,2015,1,16,132.21714285714285,142.34012228698964,143.02686849499494,24.1493526788309
2015-01-19,149.63,2015,1,19,136.19571428571427,144.16259171524223,143.45287697918883,1.5949534979663815
2015-01-20,145.34,2015,1,20,141.23714285714286,144.45694378643168,143.57462685149923,0.0
2015-01-21,143.83,2015,1,21,145.6,144.30020783982377,143.59110253849929,1.5949534979663815
2015-01-22,142.77,2015,1,22,150.00142857142856,143.91765587986782,143.53812818117677,6.310106870568345
2015-01-23,143.95,2015,1,23,148.5585714285714,143.92574190990086,143.56470055658474,13.939385289607094
2015-01-26,143.73,2015,1,26,146.92285714285714,143.87680643242564,143.5753650368051,50.433169760078634
2015-01-27,147.57,2015,1,27,145.48999999999998,144.80010482431925,143.83308342152736,65.35829052190448
2015-01-28,147.95,2015,1,28,145.26000000000002,145.58757861823943,144.09869094271914,80.61684735998183
2015-01-29,143.09,2015,1,29,145.02,144.96318396367957,144.033614107705,95.54196812180768
2015-01-30,143.43,2015,1,30,144.69857142857143,144.57988797275968,143.99467126204664,109.48135341141472
2015-02-01,140.57,2015,2,1,144.64142857142858,143.57741597956976,143.77372472901138,142.40287199076894
2015-02-02,144.21,2015,2,2,144.32714285714286,143.73556198467733,143.80187152068808,145.5753043424125
2015-02-03,127.73,2015,2,3,144.3642857142857,139.734171488508,142.76497658386953,145.57530434241252
2015-02-04,129.28,2015,2,4,142.07857142857145,137.120628616381,141.89497809458763,142.40287199076894
2015-02-06,124.39,2015,2,6,139.46571428571428,133.93797146228576,140.76562466913037,127.22790312357968
2015-02-07,121.32,2015,2,7,136.1,130.7834785967143,139.51106823886388,115.88858556510975
2015-02-09,112.24,2015,2,9,132.99,126.14760894753573,137.75164448151784,88.16253780813246
2015-02-10,117.27,2015,2,10,128.53428571428572,123.92820671065179,136.4302480633554,72.98756894094319
2015-02-11,116.26,2015,2,11,125.2057142857143,122.01115503298884,135.12894173668732,57.81260007375393
2015-02-12,113.63,2015,2,12,121.21285714285715,119.91586627474163,133.7419132375462,43.30085016364044
2015-02-13,146.76,2015,2,13,119.19857142857143,126.62689970605622,134.5817898028658,30.086552316776622
2015-02-16,147.85,2015,2,16,121.69571428571429,131.93267477954217,135.43780336397126,3.5722658911174108
2015-02-17,142.15,2015,2,17,125.04714285714284,134.48700608465663,135.8708483082312,0.3998335394738534
2015-02-18,140.82,2015,2,18,128.02285714285713,136.07025456349248,136.19014841737757,0.3998335394738453
2015-02-19,137.84,2015,2,19,132.1057142857143,136.51269092261936,136.29659045496612,3.5722658911174023
2015-02-20,137.58,2015,2,20,135.0442857142857,136.7795181919645,136.37939107077477,9.77848007761828
2015-02-23,134.84,2015,2,23,138.09,136.2946386439734,136.28007551782156,43.30085016364041
2015-02-24,134.49,2015,2,24,141.11999999999998,135.84347898298006,136.1645867747363,57.81260007375387
2015-02-25,130.85,2015,2,25,139.36714285714285,134.59510923723505,135.8217102086243,72.98756894094316
2015-02-26,128.75,2015,2,26,136.93857142857144,133.13383192792628,135.36547084032597,88.16253780813246
2015-02-27,129.6,2015,2,27,135.0242857142857,132.25037394594472,134.9935049796598,102.6742877182459
2015-03-02,143.58,2015,3,2,133.42142857142858,135.08278045945855,135.5474724003269,139.665031011318
2015-03-03,123.35,2015,3,3,134.24142857142857,132.1495853445939,134.76053869708002,132.0357525922793
2015-03-06,125.35,2015,3,6,132.20857142857145,130.44968900844543,134.15340716823616,95.5419681218077
2015-03-07,121.5,2015,3,7,130.85285714285715,128.2122667563341,133.33705831867255,80.6168473599819
2015-03-08,118.65,2015,3,8,128.99714285714285,125.82170006725056,132.38950616908076,65.35829052190451
2015-03-09,112.86,2015,3,9,127.25428571428571,122.58127505043792,131.12953802914006,50.433169760078634
2015-03-11,117.69,2015,3,11,124.98428571428572,121.35845628782845,130.26247105951813,24.1493526788309
2015-03-12,115.53,2015,3,12,123.28285714285714,119.90134221587132,129.31198905567828,13.93938528960707
2015-03-13,120.5,2015,3,13,119.27571428571427,120.0510066619035,128.7434736327313,6.310106870568354
2015-03-16,126.88,2015,3,16,118.86857142857141,121.75825499642762,128.6232495273938,1.5949534979663815
2015-03-17,127.53,2015,3,17,119.08714285714287,123.20119124732071,128.55271729982002,6.310106870568345
2015-03-18,127.99,2015,3,18,119.94857142857143,124.39839343549053,128.51641295789616,13.939385289607053
2015-03-19,131.78,2015,3,19,121.28285714285714,126.24379507661789,128.72696696061254,24.14935267883086
2015-03-20,131.59,2015,3,20,123.9857142857143,127.58034630746343,128.9116787696053,36.49378447047155
2015-03-23,131.15,2015,3,23,125.97142857142856,128.47275973059757,129.05608659092107,80.61684735998183
2015-03-24,128.33,2015,3,24,128.20285714285714,128.4370697979482,129.00924229473262,95.54196812180768
2015-03-25,130.02,2015,3,25,129.32142857142858,128.83280234846114,129.074452469266,109.48135341141483
2015-03-26,130.16,2015,3,26,129.77,129.16460176134586,129.14448779382948,121.82578520305547
2015-03-27,128.39,2015,3,27,130.1457142857143,128.9709513210094,129.09581116196952,132.03575259227924
2015-03-30,124.66,2015,3,30,130.20285714285714,127.89321349075706,128.80962979668118,145.97513788188635
2015-03-31,124.13,2015,3,31,129.18571428571428,126.9524101180678,128.5077181968953,144.38018438391995
2015-04-02,146.7,2015,4,2,128.12,131.88930758855085,129.68141379709562,115.88858556510975
2015-04-03,126.35,2015,4,3,130.3414285714286,130.50448069141314,129.46648387470236,102.67428771824594
2015-04-05,126.25,2015,4,5,130.0585714285714,129.44086051855984,129.2589687860119,72.98756894094319
2015-04-06,126.39,2015,4,6,129.51999999999998,128.6781453889199,129.07387402562404,57.81260007375393
2015-04-08,119.4,2015,4,8,128.98142857142855,126.3586090416899,128.44975312074507,30.086552316776622
2015-04-09,113.16,2015,4,9,127.69714285714285,123.05895678126743,127.46331743553571,18.747234758306696
2015-04-11,118.11,2015,4,11,126.05428571428571,121.82171758595058,126.85987760098503,3.5722658911174108
2015-04-12,117.12,2015,4,12,125.19428571428571,120.64628818946294,126.2314984009215,0.3998335394738453
2015-04-13,126.99,2015,4,13,120.96857142857144,122.2322161420972,126.28043398795882,0.3998335394738453
2015-04-14,126.71,2015,4,14,121.06000000000002,123.3516621065729,126.30814792421954,3.5722658911174023
2015-04-15,127.5,2015,4,15,121.12571428571428,124.38874657992967,126.38504160652796,9.77848007761828
2015-04-16,129.77,2015,4,16,121.28428571428572,125.73405993494725,126.60342601901004,18.747234758306696
2015-04-17,129.81,2015,4,17,122.76571428571427,126.75304495121044,126.81030175971908,30.08655231677655
2015-04-20,129.73,2015,4,20,125.14428571428572,127.49728371340782,126.99866938812431,72.98756894094316
2015-04-21,131.09,2015,4,21,126.80428571428571,128.39546278505588,127.26262620179372,88.16253780813238
2015-04-22,132.18,2015,4,22,128.79999999999998,129.3415970887919,127.57987612425866,102.6742877182459
2015-04-23,130.61,2015,4,23,129.54142857142855,129.65869781659393,127.77536798720972,115.88858556510976
2015-04-24,130.74,2015,4,24,130.09857142857143,129.92902336244543,127.96663456868006,127.22790312357962
2015-04-27,126.05,2015,4,27,130.5614285714286,128.95926752183408,127.84298072553942,145.5753043424125
2015-04-28,127.82,2015,4,28,130.03,128.67445064137556,127.84149809808527,145.57530434241252
2015-04-29,127.88,2015,4,29,129.74571428571429,128.47583798103167,127.8439820917572,142.40287199076894
2015-04-30,129.31,2015,4,30,129.48142857142858,128.68437848577378,127.938563892289,136.19665780426809
2015-05-01,145.97,2015,5,1,129.22714285714284,133.00578386433034,129.101882350851,95.5419681218077
2015-05-02,146.15,2015,5,2,131.19714285714286,136.29183789824776,130.20176090886062,80.6168473599819
2015-05-03,125.39,2015,5,3,133.41714285714286,133.56637842368582,129.8913247211922,65.35829052190446
2015-05-05,125.53,2015,5,5,132.65285714285716,131.55728381776436,129.6099489327282,36.49378447047158
2015-05-06,125.98,2015,5,6,132.57857142857145,130.16296286332326,129.3757586790038,24.1493526788309
2015-05-08,120.35,2015,5,8,132.31571428571428,127.70972214749244,128.79345166745517,6.310106870568354
2015-05-10,119.92,2015,5,10,131.24,125.76229161061933,128.22097091471613,0.0
2015-05-11,118.3,2015,5,11,129.89857142857144,123.8967187079645,127.58090827505703,1.5949534979663815
2015-05-13,124.93,2015,5,13,125.94571428571429,124.15503903097337,127.40988193473078,13.939385289607094
2015-05-14,126.17,2015,5,14,122.91428571428573,124.65877927323002,127.32988955184493,24.14935267883086
2015-05-15,127.55,2015,5,15,123.02571428571427,125.38158445492252,127.34409022591946,36.49378447047161
2015-05-18,130.59,2015,5,18,123.31428571428572,126.6836883411919,127.55350375973111,80.61684735998183
2015-05-19,129.14,2015,5,19,123.97285714285714,127.29776625589392,127.6558583558775,95.54196812180768
2015-05-20,125.5,2015,5,20,125.22857142857143,126.84832469192044,127.51677072001443,109.48135341141472
2015-05-21,121.35,2015,5,21,126.02571428571427,125.47374351894032,127.11891454452964,121.82578520305547
2015-05-22,119.83,2015,5,22,126.46142857142857,124.06280763920525,126.64866199326968,132.03575259227924
2015-05-25,118.03,2015,5,25,125.73285714285714,122.55460572940393,126.09261928402648,145.97513788188635
2015-05-26,116.99,2015,5,26,124.57000000000001,121.16345429705295,125.50535352376671,144.38018438391995
2015-05-27,117.35,2015,5,27,123.06142857142858,120.21009072278972,124.97920168352371,139.66503101131798
2015-05-28,117.9,2015,5,28,121.17,119.63256804209229,124.52247899426413,132.0357525922793
2015-05-29,118.94,2015,5,29,119.56428571428572,119.45942603156921,124.16231905915032,121.8257852030555
2015-06-01,150.58,2015,6,1,118.62714285714286,127.23956952367692,125.86668557146321,57.81260007375393
2015-06-02,147.58,2015,6,2,122.80285714285715,132.3246771427577,127.26754456685268,43.30085016364044
2015-06-03,128.6,2015,6,3,126.76714285714286,131.39350785706827,127.35350943350736,30.086552316776622
2015-06-04,132.46,2015,6,4,128.27714285714288,131.66013089280122,127.6829604377972,18.747234758306696
2015-06-05,122.29,2015,6,5,130.48714285714286,129.3175981696009,127.33502750632643,9.77848007761832
2015-06-07,118.95,2015,6,7,131.19285714285715,126.72569862720067,126.79405798978924,0.3998335394738453
2015-06-08,119.67,2015,6,8,131.34285714285713,124.9617739704005,126.3344413452867,0.3998335394738453
2015-06-10,119.95,2015,6,10,131.44714285714286,123.70883047780038,125.92254190365531,9.77848007761828
2015-06-11,115.45,2015,6,11,127.07142857142857,121.64412285835029,125.24689403890338,18.747234758306696
2015-06-15,122.58,2015,6,15,122.48142857142857,121.87809214376271,125.07483635897414,72.98756894094316
2015-06-16,123.75,2015,6,16,121.62142857142855,122.34606910782203,124.98936304549194,88.16253780813238
2015-06-17,122.05,2015,6,17,120.37714285714287,122.27205183086653,124.79972671997633,102.6742877182459
2015-06-18,123.83,2015,6,18,120.34285714285714,122.6615388731499,124.73716370578431,115.88858556510976
2015-06-19,122.74,2015,6,19,121.03999999999999,122.68115415486243,124.6083144344434,127.22790312357962
2015-06-22,125.15,2015,6,22,121.47857142857141,123.29836561614681,124.64326189028577,145.5753043424125
2015-06-23,122.65,2015,6,23,122.22142857142858,123.1362742121101,124.514664348977,145.57530434241252
2015-06-24,127.23,2015,6,24,123.25,124.15970565908258,124.6898472942043,142.40287199076894
2015-06-25,126.64,2015,6,25,123.91428571428573,124.77977924431192,124.81566359780403,136.19665780426803
2015-06-26,126.56,2015,6,26,124.32714285714287,125.22483443323394,124.92820143020379,127.22790312357967
2015-06-29,125.15,2015,6,29,124.97142857142856,125.20612582492546,124.94251101535194,88.16253780813244
2015-06-30,124.66,2015,6,30,125.16000000000001,125.06959436869408,124.92428449823247,72.9875689409432
2015-07-01,151.28,2015,7,1,125.43428571428572,131.62219577652056,126.624653240282,24.1493526788309
2015-07-04,131.76,2015,7,4,129.16714285714286,131.6566468323904,126.95596593445737,1.5949534979663815
2015-07-05,122.83,2015,7,5,130.46857142857144,129.44998512429282,126.68977458384722,0.0
2015-07-07,118.52,2015,7,7,129.84,126.71748884321961,126.16269235263128,6.310106870568345
2015-07-08,122.2,2015,7,8,128.68,125.58811663241471,125.90703478149379,13.939385289607094
2015-07-09,112.66,2015,7,9,128.05714285714285,122.35608747431104,125.05238737623613,24.14935267883086
2015-07-10,117.62,2015,7,10,126.27285714285713,121.17206560573328,124.57287851325316,36.49378447047161
2015-07-12,116.87,2015,7,12,125.26714285714286,120.09654920429996,124.07591860917232,65.35829052190448
2015-07-13,122.05,2015,7,13,120.35142857142857,120.58491190322498,123.94521418277411,80.61684735998183
2015-07-14,124.1,2015,7,14,118.96428571428571,121.46368392741874,123.95520036453063,95.54196812180768
2015-07-15,122.62,2015,7,15,119.14571428571428,121.75276294556406,123.86905840552865,109.48135341141483
2015-07-16,121.96,2015,7,16,119.73142857142857,121.80457220917303,123.74589334710745,121.82578520305547
2015-07-17,121.06,2015,7,17,119.69714285714285,121.61842915687977,123.57260990535859,132.03575259227924
2015-07-20,120.72,2015,7,20,120.89714285714285,121.39382186765982,123.38857055662578,145.97513788188635
2015-07-21,119.52,2015,7,21,121.34,120.92536640074486,123.13898535942411,144.38018438391998
2015-07-22,120.04,2015,7,22,121.71857142857142,120.70402480055866,122.93905082010644,139.66503101131798
2015-07-23,117.4,2015,7,23,121.43142857142857,119.87801860041898,122.58169270268023,132.0357525922793
2015-07-24,117.86,2015,7,24,120.4742857142857,119.37351395031425,122.27706736702345,121.8257852030555
2015-07-27,116.03,2015,7,27,119.7942857142857,118.5376354627357,121.87403076269936,80.61684735998182
2015-07-28,116.02,2015,7,28,118.94714285714288,117.90822659705177,121.49635135865425,65.35829052190458
2015-07-29,117.23,2015,7,29,118.22714285714287,117.73866994778882,121.22110288390238,50.433169760078684
2015-07-30,119.27,2015,7,30,117.72857142857141,118.12150246084161,121.09522527848932,36.49378447047154
2015-07-31,119.62,2015,7,31,117.69285714285715,118.49612684563121,121.00004945407066,24.149352678830894
2015-08-01,153.36,2015,8,1,117.63285714285715,127.2120951342234,123.08778819896933,3.5722658911174108
2015-08-04,127.39,2015,8,4,122.77000000000001,127.25657135066754,123.36535025064875,3.5722658911174023
2015-08-05,124.98,2015,8,5,124.13142857142859,126.68742851300067,123.4695212022198,9.77848007761828
2015-08-06,126.95,2015,8,6,125.41000000000001,126.7530713847505,123.69406822143142,18.747234758306696
2015-08-07,118.72,2015,8,7,126.97142857142856,124.74480353856288,123.37316059424231,30.08655231677655
2015-08-09,114.18,2015,8,9,127.1842857142857,122.10360265392215,122.7800534591299,57.81260007375387
2015-08-10,119.72,2015,8,10,126.45714285714284,121.5077019904416,122.58263065531507,72.98756894094316
2015-08-12,116.5,2015,8,12,126.47142857142856,120.2557764928312,122.1902028711012,102.6742877182459
2015-08-13,127.98,2015,8,13,121.2057142857143,122.1868323696234,122.56373816973984,115.88858556510976
2015-08-14,128.16,2015,8,14,121.28999999999999,123.68012427721754,122.9247873200792,127.22790312357962
2015-08-17,126.93,2015,8,17,121.74428571428571,124.49259320791316,123.18318813813862,145.5753043424125
2015-08-18,126.86,2015,8,18,121.74142857142859,125.08444490593487,123.42040180664581,145.57530434241252
2015-08-19,123.77,2015,8,19,122.90428571428572,124.75583367945114,123.44295652879771,142.40287199076897
2015-08-20,122.1,2015,8,20,124.27428571428572,124.09187525958836,123.3563141721011,136.19665780426809
2015-08-21,117.6,2015,8,21,124.61428571428571,122.46890644469127,122.98493906422361,127.22790312357967
2015-08-24,115.01,2015,8,24,124.77142857142857,120.60417983351846,122.47042686653177,88.16253780813244
2015-08-25,114.21,2015,8,25,122.91857142857143,119.00563487513884,121.93749610094909,72.9875689409432
2015-08-26,115.33,2015,8,26,120.92571428571429,118.08672615635412,121.51120602992012,57.81260007375398
2015-08-27,116.98,2015,8,27,119.26857142857143,117.81004461726559,121.21887015702205,43.3008501636404
2015-08-28,116.09,2015,8,28,117.85714285714286,117.3800334629492,120.88797530818192,30.08655231677664
2015-08-31,116.05,2015,8,31,116.75999999999999,117.0475250972119,120.57584786894438,3.5722658911173784
2015-09-01,155.09,2015,9,1,115.8957142857143,126.55814382290893,122.80256736127055,1.5949534979663815
2015-09-02,148.25,2015,9,2,121.25142857142858,131.9811078671817,124.44433720893052,6.310106870568345
2015-09-03,127.46,2015,9,3,126.0,130.85083090038628,124.63889609867694,13.939385289607053
2015-09-04,128.37,2015,9,4,127.89285714285714,130.2306231752897,124.87961247940747,24.14935267883086
2015-09-06,127.83,2015,9,6,129.75571428571428,129.6304673814673,125.0699600613812,50.433169760078634
2015-09-07,119.04,2015,9,7,131.3057142857143,126.98285053610049,124.68093038000178,65.35829052190448
2015-09-09,115.03,2015,9,9,131.72714285714287,123.99463790207537,124.05828971032426,95.54196812180768
2015-09-10,122.45,2015,9,10,131.58142857142857,123.60847842655652,123.95452908385174,109.48135341141472
2015-09-11,115.44,2015,9,11,126.91857142857144,121.56635881991738,123.40520462682906,121.82578520305547
2015-09-12,117.14,2015,9,12,122.23142857142857,120.45976911493804,123.00099787671107,132.03575259227924
2015-09-14,113.95,2015,9,14,120.75714285714285,118.83232683620353,122.4170625298265,144.38018438391998
2015-09-15,112.72,2015,9,15,118.69714285714285,117.30424512715265,121.79144559241834,145.97513788188635
2015-09-16,112.5,2015,9,16,116.53857142857143,116.1031838453645,121.19199748968168,144.38018438391998
2015-09-17,112.16,2015,9,17,115.60428571428572,115.11738788402337,120.60928797421835,139.66503101131798
2015-09-18,111.92,2015,9,18,115.19428571428571,114.31804091301753,120.04868875007523,132.0357525922793
2015-09-21,112.23,2015,9,21,113.68999999999998,113.79603068476315,119.54425721781232,95.54196812180774
2015-09-22,111.29,2015,9,22,113.23142857142857,113.16952301357237,119.0117244940825,80.61684735998182
2015-09-23,111.72,2015,9,23,112.3957142857143,112.80714226017929,118.5412906557546,65.35829052190458
2015-09-24,113.08,2015,9,24,112.07714285714285,112.87535669513447,118.18894932312527,50.433169760078684
2015-09-25,116.7,2015,9,25,112.12857142857142,113.83151752135085,118.09288807647204,36.49378447047154
2015-09-28,113.94,2015,9,28,112.72857142857143,113.85863814101313,117.82495981347384,6.310106870568386
2015-09-29,115.29,2015,9,29,112.98285714285714,114.21647860575986,117.66141401905618,1.5949534979663733
2015-09-30,115.54,2015,9,30,113.46428571428574,114.5473589543199,117.52454859847192,0.0
2015-10-02,143.8,2015,10,2,113.93714285714286,121.86051921573993,119.21973901147375,30.0865523167766
2015-10-03,126.1,2015,10,3,118.58142857142856,122.92038941180493,119.66362681718513,43.30085016364041
2015-10-04,127.82,2015,10,4,120.63571428571427,124.1452920588537,120.18984444188288,57.81260007375387
2015-10-06,127.49,2015,10,6,122.74142857142859,124.98146904414028,120.66082221982592,88.16253780813246
2015-10-07,119.78,2015,10,7,124.28285714285714,123.68110178310522,120.60399497983717,102.6742877182459
2015-10-08,125.44,2015,10,8,125.11714285714287,124.12082633732892,120.91599530371865,115.88858556510976
2015-10-09,110.87,2015,10,9,126.56714285714284,120.80811975299669,120.26786657444649,127.22790312357962
2015-10-11,114.69,2015,10,11,125.89999999999999,119.27858981474752,119.90800421480479,142.40287199076894
2015-10-12,116.9,2015,10,12,121.74142857142859,118.68394236106064,119.71393942675289,145.5753043424125
2015-10-13,124.25,2015,10,13,120.42714285714285,120.07545677079548,120.00658849599465,145.57530434241252
2015-10-14,125.08,2015,10,14,119.91714285714285,121.32659257809661,120.3339053672208,142.40287199076894
2015-10-15,124.57,2015,10,15,119.57285714285715,122.13744443357245,120.60720179514203,136.19665780426803
2015-10-16,119.26,2015,10,16,120.25714285714285,121.41808332517934,120.52028555029416,127.22790312357967
2015-10-19,117.72,2015,10,19,119.37428571428572,120.4935624938845,120.33962196640422,88.16253780813244
2015-10-20,117.51,2015,10,20,120.35285714285715,119.74767187041337,120.15706571050718,72.9875689409432
2015-10-21,115.47,2015,10,21,120.75571428571428,118.67825390281004,119.85467437434544,57.81260007375398
2015-10-22,114.71,2015,10,22,120.55142857142857,117.68619042710752,119.52275989858123,43.3008501636404
2015-10-23,113.48,2015,10,23,119.18857142857144,116.63464282033064,119.13290442125341,30.08655231677664
2015-10-26,113.95,2015,10,26,117.53142857142858,115.96348211524797,118.79852349084999,3.5722658911173784
2015-10-27,114.03,2015,10,27,116.01428571428572,115.48011158643598,118.49087681402096,0.3998335394738453
2015-10-28,115.38,2015,10,28,115.26714285714286,115.45508368982698,118.29017508408413,0.3998335394738372
2015-10-29,116.36,2015,10,29,114.93285714285715,115.68131276737023,118.16564765930451,3.5722658911173943
2015-10-30,117.67,2015,10,30,114.76857142857143,116.17848457552768,118.1336703909623,9.778480077618337
2015-11-02,143.29,2015,11,2,115.08285714285715,122.95636343164574,119.756659397997,65.35829052190441
2015-11-03,123.82,2015,11,3,119.16571428571429,123.1722725737343,120.01881040457783,80.61684735998183
2015-11-05,124.85,2015,11,5,120.64285714285714,123.59170443030072,120.33050005589541,109.48135341141472
2015-11-06,124.16,2015,11,6,122.2,123.73377832272553,120.5775645684183,121.82578520305547
2015-11-08,128.07,2015,11,8,123.64714285714285,124.81783374204414,121.0609474994881,139.66503101131798
2015-11-09,110.73,2015,11,9,125.46000000000001,121.2958753065331,120.39443475758564,144.38018438391995
2015-11-11,115.17,2015,11,11,124.6557142857143,119.76440647989983,120.05737445064464,144.38018438391998
2015-11-12,113.58,2015,11,12,124.29857142857142,118.21830485992487,119.63947932479661,139.66503101131798
2015-11-13,110.75,2015,11,13,120.05428571428571,116.35122864494366,119.06596452964844,132.0357525922793
2015-11-16,112.94,2015,11,16,118.18714285714285,115.49842148370774,118.67074101160661,95.54196812180774
2015-11-17,112.53,2015,11,17,116.48571428571428,114.75631611278081,118.27456417214813,80.61684735998182
2015-11-18,110.45,2015,11,18,114.82428571428572,113.6797370845856,117.76975358039664,65.35829052190458
2015-11-19,115.12,2015,11,19,112.30714285714285,114.0398028134392,117.59880173650008,50.4331697600788
2015-11-20,117.19,2015,11,20,112.9342857142857,114.82735211007939,117.57242743091943,36.49378447047165
2015-11-23,114.9,2015,11,23,113.22285714285715,114.84551408255953,117.40001275795689,6.310106870568386
2015-11-24,116.41,2015,11,24,113.41142857142857,115.23663556191966,117.33614096712097,1.5949534979663733
2015-11-25,116.61,2015,11,25,114.22,115.57997667143974,117.28929316279059,0.0
2015-11-26,116.66,2015,11,26,114.74428571428572,115.84998250357981,117.24869360390088,1.5949534979663653
2015-11-27,115.52,2015,11,27,115.3342857142857,115.76748687768486,117.13716498429437,6.310106870568362
2015-11-30,112.18,2015,11,30,116.05857142857144,114.87061515826365,116.81734788853345,36.49378447047148
2015-12-01,153.71,2015,12,1,115.63857142857144,124.58046136869774,119.19751899249904,88.16253780813246
2015-12-02,146.99,2015,12,2,120.85571428571428,130.1828460265233,120.99058228330556,102.6742877182459
2015-12-03,122.97,2015,12,3,125.44000000000001,128.37963451989248,121.11828665212457,115.88858556510976
2015-12-05,125.39,2015,12,5,126.37714285714287,127.63222588991935,121.39388106166493,136.19665780426806
2015-12-06,125.21,2015,12,6,127.63142857142859,127.0266694174395,121.640082283493,142.40287199076894
2015-12-08,124.61,2015,12,8,128.85285714285715,126.42250206307963,121.83168987810637,145.57530434241252
2015-12-10,124.19,2015,12,10,130.15142857142857,125.86437654730973,121.98383891822856,136.19665780426809
2015-12-11,113.2,2015,12,11,131.86714285714285,122.69828241048229,121.41713963318155,127.22790312357967
2015-12-14,112.83,2015,12,14,126.08,120.23121180786171,120.8631306245892,88.16253780813244
2015-12-15,113.05,2015,12,15,121.2,118.43590885589629,120.35905768106733,72.9875689409432
2015-12-16,113.0,2015,12,16,119.78285714285714,117.07693164192222,119.88427976615976,57.81260007375398
2015-12-17,112.27,2015,12,17,118.01285714285713,115.87519873144166,119.3930359102785,43.3008501636404
2015-12-18,112.89,2015,12,18,116.16428571428571,115.12889904858125,118.97348520638957,30.08655231677664
2015-12-21,112.47,2015,12,21,114.49000000000001,114.46417428643593,118.55390551565476,3.5722658911174188
2015-12-22,113.45,2015,12,22,112.81571428571428,114.21063071482695,118.22462128883832,0.3998335394738453
2015-12-23,115.96,2015,12,23,112.85142857142857,114.6479730361202,118.07851668955844,0.3998335394738372
2015-12-24,114.11,2015,12,24,113.29857142857142,114.51347977709015,117.82248335474823,3.5722658911173943
2015-12-28,113.56,2015,12,28,113.45,114.27510983281762,117.54748442863544,43.300850163640334
2015-12-29,114.66,2015,12,29,113.53,114.37133237461322,117.36119511065897,57.81260007375392
2015-12-30,116.03,2015,12,30,113.87142857142858,114.78599928095991,117.27531155513259,72.98756894094315
2015-12-31,117.35,2015,12,31,114.32000000000001,115.42699946071994,117.28013016447889,88.16253780813237
2016-01-02,111.43,2016,1,2,115.01714285714286,114.42774959553996,116.90270241193187,132.0357525922793
2016-01-03,109.37,2016,1,3,114.72857142857143,113.16331219665497,116.41672161116209,139.66503101131798
2016-01-04,119.76,2016,1,4,113.78714285714287,114.81248414749123,116.63241699108713,144.38018438391998
2016-01-06,118.53,2016,1,6,114.59428571428573,115.74186311061843,116.75484170133957,144.38018438391998
2016-01-07,132.99,2016,1,7,115.30428571428571,120.05389733296383,117.80227126899509,139.665031011318
2016-01-08,132.22,2016,1,8,117.92285714285715,123.09542299972287,118.7324473161567,132.0357525922793
2016-01-09,136.56,2016,1,9,120.2357142857143,126.46156724979215,119.88261200543691,121.82578520305546
2016-01-11,147.29,2016,1,11,122.98,131.66867543734412,121.65083058573131,95.54196812180774
2016-01-12,132.88,2016,1,12,128.10285714285715,131.97150657800807,122.37529312858737,80.6168473599819
2016-01-13,109.96,2016,1,13,131.46142857142857,126.46862993350605,121.57430647513013,65.35829052190446
2016-01-14,110.01,2016,1,14,130.06142857142856,122.35397245012953,120.82822218641206,50.433169760078634
2016-01-15,109.79,2016,1,15,128.84428571428572,119.21297933759716,120.11607881954677,36.49378447047158
2016-01-18,109.62,2016,1,18,125.53,116.81473450319787,119.43891244409215,6.310106870568354
2016-01-19,109.75,2016,1,19,122.30142857142857,115.0485508773984,118.81382131866685,1.5949534979663815
2016-01-20,106.74,2016,1,20,118.47142857142858,112.9714131580488,118.03486510455933,0.0
2016-01-21,108.22,2016,1,21,112.67857142857143,111.7835598685366,117.40164800103938,1.5949534979663815
2016-01-22,109.97,2016,1,22,109.1557142857143,111.33016990140246,116.922186839682,6.310106870568345
2016-01-25,110.34,2016,1,25,109.15714285714286,111.08262742605186,116.49752962421866,36.49378447047161
2016-01-26,110.38,2016,1,26,109.20428571428572,110.90697056953888,116.10285029362392,50.433169760078634
2016-01-27,112.15,2016,1,27,109.28857142857143,111.21772792715416,115.84782769403529,65.35829052190448
2016-01-28,112.27,2016,1,28,109.64999999999999,111.48079594536561,115.61700010087173,80.61684735998183
2016-01-29,110.09,2016,1,29,110.00999999999999,111.13309695902421,115.2604194492026,95.54196812180768
2016-02-02,113.61,2016,2,2,110.48857142857142,111.75232271926816,115.1539407750605,145.5753043424125
2016-02-03,110.06,2016,2,3,111.25857142857144,111.32924203945113,114.82529943473402,145.57530434241252
2016-02-05,116.17,2016,2,5,111.27142857142857,112.53943152958836,114.91205430991248,136.19665780426806
2016-02-06,118.98,2016,2,6,112.10428571428572,114.14957364719127,115.17450241895038,127.22790312357968
2016-02-08,131.83,2016,2,8,113.33285714285714,118.56968023539346,116.24905064998585,102.67428771824594
2016-02-09,136.58,2016,2,9,116.14428571428572,123.07226017654511,117.56072480159968,88.16253780813246
2016-02-11,148.14,2016,2,11,119.61714285714287,129.33919513240883,119.53358126601262,57.81260007375393
2016-02-12,133.76,2016,2,12,125.05285714285715,130.44439634930663,120.45141473272149,43.30085016364044
2016-02-15,111.79,2016,2,15,127.93142857142857,125.78079726197997,119.89261378222334,9.77848007761832
2016-02-16,111.59,2016,2,16,128.17857142857142,122.23309794648497,119.35696128014442,3.5722658911174108
2016-02-17,110.98,2016,2,17,127.52428571428571,119.41982345986374,118.81651216529639,0.3998335394738534
2016-02-18,110.44,2016,2,18,126.38142857142859,117.1748675948978,118.27609202559985,0.3998335394738453
2016-02-19,110.85,2016,2,19,123.32571428571428,115.59365069617334,117.79698931427085,3.5722658911174023
2016-02-22,113.11,2016,2,22,119.64999999999999,114.97273802213002,117.49460290689854,30.08655231677655
2016-02-23,112.41,2016,2,23,114.64571428571428,114.33205351659751,117.16656400967928,43.30085016364041
2016-02-24,110.49,2016,2,24,111.59571428571428,113.37154013744814,116.73581794453868,57.81260007375387
2016-02-25,109.99,2016,2,25,111.41,112.5261551030861,116.3006038836007,72.98756894094316
2016-02-26,109.51,2016,2,26,111.18142857142857,111.77211632731456,115.86250040723937,88.16253780813246
2016-02-29,110.07,2016,2,29,110.97142857142856,111.34658724548592,115.4887907035465,127.22790312357962
2016-03-02,114.84,2016,3,2,110.91857142857143,112.21994043411445,115.44693323880156,139.665031011318
2016-03-03,111.64,2016,3,3,111.48857142857143,112.07495532558583,115.20132464274985,132.0357525922793
2016-03-05,115.68,2016,3,5,111.27857142857144,112.97621649418937,115.23220692386278,109.4813534114148
2016-03-06,121.74,2016,3,6,111.74571428571429,115.16716237064203,115.65206454167809,95.5419681218077
2016-03-08,131.56,2016,3,8,113.35285714285715,119.26537177798153,116.67838295834402,65.35829052190451
2016-03-10,136.17,2016,3,10,116.4342857142857,123.49152883348614,117.93590663845086,36.49378447047164
2016-03-11,149.61,2016,3,11,120.24285714285715,130.02114662511462,119.97939653274436,24.1493526788309
2016-03-14,118.65,2016,3,14,125.89142857142858,127.17835996883596,119.89362901450279,1.5949534979663815
2016-03-15,117.58,2016,3,15,126.4357142857143,124.77876997662698,119.74436262647035,0.0
2016-03-16,119.5,2016,3,16,127.28428571428572,123.45907748247024,119.72859729573032,1.5949534979663815
2016-03-17,122.77,2016,3,17,127.83000000000001,123.28680811185268,119.92481682503805,6.310106870568345
2016-03-18,123.57,2016,3,18,127.97714285714287,123.35760608388951,120.15998993310012,13.939385289607053
2016-03-21,122.61,2016,3,21,126.83571428571427,123.17070456291714,120.31805509870657,50.433169760078634
2016-03-22,124.95,2016,3,22,124.89857142857143,123.61552842218785,120.61689025362872,65.35829052190441
2016-03-23,122.95,2016,3,23,121.37571428571428,123.44914631664089,120.76741346307205,80.61684735998183
2016-03-24,120.42,2016,3,24,121.99,122.69185973748067,120.74499969126094,95.54196812180768
2016-03-28,120.93,2016,3,28,122.39571428571428,122.2513948031105,120.75693519505056,139.66503101131798
2016-03-29,119.75,2016,3,29,122.6,121.62604610233288,120.69197163407955,144.38018438391998
2016-03-30,120.18,2016,3,30,122.16857142857143,121.26453457674965,120.65894120607442,145.97513788188635
2016-03-31,119.93,2016,3,31,121.68428571428572,120.93090093256224,120.61191274116639,144.38018438391995
2016-04-01,116.3,2016,4,1,121.30142857142857,119.77317569942169,120.33372482238147,127.2279031235797
2016-04-02,117.65,2016,4,2,120.0657142857143,119.24238177456627,120.16058128545365,115.88858556510975
2016-04-03,113.55,2016,4,3,119.30857142857144,117.8192863309247,119.7340921702631,102.67428771824594
2016-04-04,116.95,2016,4,4,118.32714285714285,117.60196474819352,119.55447332056872,88.16253780813246
2016-04-05,115.86,2016,4,5,117.75857142857144,117.16647356114515,119.31612020311267,72.98756894094319
2016-04-07,133.6,2016,4,7,117.20285714285716,121.27485517085887,120.23766083516993,43.30085016364044
2016-04-08,131.92,2016,4,8,119.11999999999999,123.93614137814416,120.99136013612673,30.086552316776622
2016-04-10,136.05,2016,4,10,120.83285714285715,126.96460603360812,121.9628852886347,9.77848007761832
2016-04-11,153.41,2016,4,11,123.6542857142857,133.5759545252061,123.99173139904536,3.5722658911174108
2016-04-13,117.14,2016,4,13,128.76285714285714,129.4669658939046,123.54968421201019,0.3998335394738453
2016-04-14,118.0,2016,4,14,129.2757142857143,126.60022442042845,123.19164006929986,3.5722658911174023
2016-04-15,117.82,2016,4,15,129.4257142857143,124.40516831532133,122.84508264547406,9.77848007761828
2016-04-18,119.5,2016,4,18,129.70571428571427,123.17887623649099,122.6292708618951,43.30085016364041
2016-04-19,120.53,2016,4,19,127.69142857142856,122.51665717736824,122.49383403209542,57.81260007375387
2016-04-20,120.99,2016,4,20,126.0642857142857,122.13499288302619,122.39681248163767,72.98756894094316
2016-04-21,118.72,2016,4,21,123.91285714285713,121.28124466226964,122.15959877314492,88.16253780813238
2016-04-22,117.74,2016,4,22,118.95714285714287,120.39593349670224,121.8744633684259,102.6742877182459
2016-04-25,117.94,2016,4,25,119.04285714285713,119.78195012252668,121.62062702207584,136.19665780426806
2016-04-26,119.6,2016,4,26,119.0342857142857,119.73646259189502,121.49026398839354,142.40287199076894
2016-04-27,116.89,2016,4,27,119.28857142857143,119.02484694392126,121.1934727633359,145.5753043424125
2016-04-28,116.56,2016,4,28,118.91571428571429,118.40863520794095,120.89453903666907,145.57530434241252
2016-04-29,117.21,2016,4,29,118.34857142857143,118.1089764059557,120.65682684075495,142.40287199076894
2016-05-01,115.43,2016,5,1,117.80857142857143,117.43923230446678,120.31961220586754,95.5419681218077
2016-05-02,114.77,2016,5,2,117.33857142857143,116.77192422835009,119.96157270871481,80.6168473599819
2016-05-04,115.23,2016,5,4,116.91428571428571,116.38644317126257,119.65630995331387,50.433169760078634
2016-05-05,117.23,2016,5,5,116.52714285714286,116.59733237844694,119.49977382729362,36.49378447047158
2016-05-07,132.58,2016,5,7,116.18857142857144,120.59299928383521,120.34365938682308,13.93938528960707
2016-05-08,132.62,2016,5,8,118.42999999999999,123.59974946287642,121.13568136186676,6.310106870568354
2016-05-09,136.64,2016,5,9,120.7242857142857,126.85981209715732,122.13595998368181,1.5949534979663815
2016-05-10,137.28,2016,5,10,123.5,129.464859072868,123.11299482344428,0.0
2016-05-12,133.54,2016,5,12,126.62142857142858,130.483644304651,123.78570483483497,6.310106870568345
2016-05-13,123.69,2016,5,13,129.30285714285714,128.78523322848827,123.77953032936176,13.939385289607094
2016-05-16,126.47,2016,5,16,130.51142857142855,128.2064249213662,123.95310901779004,50.433169760078634
2016-05-17,124.8,2016,5,17,131.83142857142857,127.35481869102465,124.00774714567456,65.35829052190448
2016-05-18,123.28,2016,5,18,130.72,126.33611401826849,123.96079571692137,80.61684735998183
2016-05-19,119.11,2016,5,19,129.3857142857143,124.52958551370136,123.64784115453935,95.54196812180768
2016-05-20,119.74,2016,5,20,126.88142857142857,123.33218913527602,123.39572237037552,109.48135341141472
2016-05-23,118.49,2016,5,23,124.37571428571428,122.12164185145701,123.07922415293194,139.66503101131798
2016-05-24,118.18,2016,5,24,122.22571428571428,121.13623138859276,122.76314517532344,144.38018438391998
2016-05-25,117.74,2016,5,25,121.43857142857142,120.28717354144457,122.43907129304452,145.97513788188635
2016-05-26,117.97,2016,5,26,120.19142857142857,119.70788015608343,122.1507441128481,144.38018438391995
2016-05-27,117.66,2016,5,27,119.21571428571428,119.19591011706257,121.86101868621274,139.66503101131798
2016-05-30,117.72,2016,5,30,118.41285714285713,118.82693258779693,121.59385619032805,109.48135341141474
2016-05-31,118.14,2016,5,31,118.21428571428571,118.6551994408477,121.371026758694,95.54196812180761
2016-06-01,113.28,2016,6,1,117.98571428571428,117.31139958063577,120.84902503232665,57.81260007375393
2016-06-04,116.04,2016,6,4,117.24142857142859,116.99354968547682,120.53876535282171,18.747234758306696
2016-06-05,119.69,2016,6,5,116.93571428571428,117.66766226410762,120.48400629780096,9.77848007761832
2016-06-06,124.86,2016,6,6,117.21428571428571,119.46574669808072,120.7663284721364,3.5722658911174108
2016-06-07,131.04,2016,6,7,118.19857142857143,122.35931002356054,121.42914599006308,0.3998335394738453
2016-06-09,138.08,2016,6,9,120.11,126.28948251767042,122.50339463586546,3.5722658911174023
2016-06-10,136.05,2016,6,10,123.01857142857143,128.7296118882528,123.37736917548706,9.77848007761828
2016-06-12,132.18,2016,6,12,125.57714285714285,129.5922089161896,123.94528084158468,30.0865523167766
2016-06-13,127.68,2016,6,13,128.27714285714288,129.1141566871422,124.18623046470825,43.30085016364041
2016-06-14,125.98,2016,6,14,129.94,128.33061751535666,124.30195753150127,57.81260007375387
2016-06-15,127.56,2016,6,15,130.83857142857144,128.1379631365175,124.51215381979152,72.98756894094316
2016-06-16,128.23,2016,6,16,131.2242857142857,128.16097235238811,124.75201486367594,88.16253780813238
2016-06-17,129.64,2016,6,17,130.82285714285715,128.5307292642911,125.06736874343879,102.6742877182459
2016-06-20,129.47,2016,6,20,129.61714285714285,128.76554694821832,125.35140946966855,136.196657804268
2016-06-21,129.21,2016,6,21,128.67714285714285,128.87666021116374,125.60035079420607,142.40287199076894
2016-06-22,128.39,2016,6,22,128.25285714285715,128.7549951583728,125.78032816232181,145.5753043424125
2016-06-23,130.16,2016,6,23,128.3542857142857,129.10624636877958,126.0628876357204,145.57530434241252
2016-06-24,126.3,2016,6,24,128.95142857142858,128.40468477658467,126.07818520760941,142.40287199076894
2016-06-27,125.36,2016,6,27,128.77142857142857,127.64351358243852,126.03185067808623,115.88858556510975
2016-06-28,128.98,2016,6,28,128.36142857142858,127.97763518682888,126.2220538601452,102.674287718246
2016-06-29,131.49,2016,6,29,128.26714285714283,128.85572639012167,126.56192135303907,88.16253780813244
2016-06-30,132.04,2016,6,30,128.5557142857143,129.65179479259126,126.91534578187526,72.9875689409432
2016-07-01,112.09,2016,7,1,128.96,125.26134609444344,125.95887186046396,24.1493526788309
2016-07-03,113.52,2016,7,3,126.63142857142857,122.32600957083258,125.15636399849855,6.310106870568354
2016-07-04,117.01,2016,7,4,124.25428571428571,120.99700717812443,124.63079212762769,1.5949534979663815
2016-07-06,125.55,2016,7,6,122.92714285714285,122.13525538359333,124.69009586132913,1.5949534979663815
2016-07-07,130.5,2016,7,7,122.95428571428572,124.226441537695,125.06492838640467,6.310106870568345
2016-07-09,139.29,2016,7,9,123.17142857142858,127.99233115327124,125.98267494212051,24.14935267883086
2016-07-10,137.24,2016,7,10,124.28571428571429,130.30424836495342,126.70895397811275,36.49378447047161
2016-07-11,155.52,2016,7,11,125.02857142857144,136.60818627371506,128.56773114081517,50.433169760078634
2016-07-12,131.55,2016,7,12,131.23285714285717,135.3436397052863,128.76013558334324,65.35829052190448
2016-07-13,134.36,2016,7,13,133.80857142857144,135.09772977896472,129.12141715861142,80.61684735998183
2016-07-14,137.36,2016,7,14,136.28714285714287,135.66329733422356,129.6529386322494,95.54196812180768
2016-07-15,135.12,2016,7,15,137.9742857142857,135.52747300066767,130.00565226887846,109.48135341141483
2016-07-18,134.8,2016,7,18,138.6342857142857,135.34560475050074,130.31496502572503,139.66503101131798
2016-07-19,134.14,2016,7,19,137.99285714285716,135.04420356287557,130.56174147567825,144.38018438391998
2016-07-20,134.78,2016,7,20,137.55,134.97815267215668,130.8338871869248,145.97513788188635
2016-07-21,134.24,2016,7,21,134.58714285714288,134.7936145041175,131.05363640067162,144.38018438391998
2016-07-22,130.97,2016,7,22,134.9714285714286,133.83771087808813,131.0482405038541,139.66503101131798
2016-07-25,129.4,2016,7,25,134.48714285714286,132.7282831585661,130.94190240683125,109.48135341141474
2016-07-26,130.4,2016,7,26,133.35,132.14621236892455,130.90694096122925,95.54196812180761
2016-07-27,129.97,2016,7,27,132.6757142857143,131.6021592766934,130.84649315727899,80.61684735998182
2016-07-28,130.57,2016,7,28,131.9857142857143,131.34411945752004,130.82865488906745,65.35829052190458
2016-07-29,133.52,2016,7,29,131.47571428571428,131.88808959314002,131.00229005751473,50.433169760078684
2016-08-01,112.64,2016,8,1,131.29571428571427,127.07606719485501,129.81762618283636,3.5722658911174108
2016-08-02,111.26,2016,8,2,128.21,123.12205039614126,128.6203599774921,0.3998335394738534
2016-08-03,114.38,2016,8,3,125.39428571428572,120.93653779710594,127.7016270757184,0.3998335394738453
2016-08-04,116.0,2016,8,4,123.24857142857142,119.70240334782946,126.946683393414,3.5722658911174023
2016-08-06,130.2,2016,8,6,121.19142857142857,122.3268025108721,127.15657478738731,18.747234758306696
2016-08-07,132.18,2016,8,7,121.2242857142857,124.79010188315408,127.48066673658815,30.08655231677655
2016-08-08,131.77,2016,8,8,121.45428571428572,126.53507641236556,127.75739791487278,43.30085016364041
2016-08-09,139.51,2016,8,9,121.20428571428572,129.77880730927416,128.51563030746166,57.81260007375387
2016-08-11,149.89,2016,8,11,125.04285714285713,134.80660548195561,129.89462190052865,88.16253780813238
2016-08-12,130.99,2016,8,12,130.56142857142856,133.85245411146673,129.96529145533324,102.6742877182459
2016-08-15,129.24,2016,8,15,132.93428571428572,132.69934058360005,129.91849845821497,136.196657804268
2016-08-16,128.82,2016,8,16,134.82571428571427,131.72950543770003,129.84762758994304,142.40287199076894
2016-08-17,127.06,2016,8,17,134.62857142857143,130.562129078275,129.6677806486564,145.5753043424125
2016-08-18,129.42,2016,8,18,133.89714285714285,130.27659680870624,129.651794800356,145.57530434241252
2016-08-19,129.49,2016,8,19,133.56142857142856,130.0799476065297,129.64135642613948,142.40287199076897
2016-08-22,132.66,2016,8,22,132.13,130.72496070489726,129.83610762445306,115.88858556510975
2016-08-23,133.18,2016,8,23,129.66857142857143,131.33872052867292,130.05184261642384,102.674287718246
2016-08-24,130.98,2016,8,24,129.98142857142858,131.24904039650468,130.11172373794489,88.16253780813244
2016-08-25,130.64,2016,8,25,130.23,131.0967802973785,130.14580607743233,72.9875689409432
2016-08-26,131.57,2016,8,26,130.48999999999998,131.2150852230339,130.23768955630766,57.81260007375398
2016-08-29,132.03,2016,8,29,131.1342857142857,131.41881391727543,130.3533224881588,18.74723475830673
2016-08-30,131.99,2016,8,30,131.50714285714284,131.56161043795657,130.45891458569696,9.778480077618369
2016-08-31,133.03,2016,8,31,131.8642857142857,131.92870782846742,130.6247910640391,3.5722658911173784
2016-09-02,110.75,2016,9,2,131.91714285714286,126.63403087135057,129.34254647926238,6.310106870568345
2016-09-03,114.8,2016,9,3,128.71285714285713,123.67552315351294,128.40431767414867,13.939385289607053
2016-09-05,120.78,2016,9,5,126.40142857142857,122.95164236513472,127.91242621130039,36.49378447047155
2016-09-06,127.17,2016,9,6,124.99285714285713,124.00623177385104,127.8645277460552,50.433169760078634
2016-09-08,131.71,2016,9,8,124.36428571428573,125.93217383038828,128.11262273018068,80.61684735998183
2016-09-09,137.08,2016,9,9,124.31857142857143,128.71913037279123,128.6911631992013,95.54196812180768
2016-09-11,151.56,2016,9,11,125.04571428571428,134.4293477795934,130.16657202505928,121.82578520305547
2016-09-12,129.64,2016,9,12,127.69285714285715,133.23201083469505,130.1325996363458,132.03575259227924
2016-09-13,136.25,2016,9,13,130.39142857142858,133.98650812602128,130.52727062754929,139.66503101131798
2016-09-14,136.04,2016,9,14,133.4557142857143,134.49988109451596,130.88293058706225,144.38018438391998
2016-09-15,135.89,2016,9,15,135.6357142857143,134.84741082088698,131.20596732338083,145.97513788188635
2016-09-16,135.6,2016,9,16,136.88142857142856,135.03555811566522,131.48945330251755,144.38018438391998
2016-09-19,138.4,2016,9,19,137.43714285714287,135.8766685867489,131.93529502493578,121.8257852030555
2016-09-20,140.43,2016,9,20,137.62571428571428,137.01500144006167,132.483340507198,109.48135341141486
2016-09-21,141.69,2016,9,21,136.03571428571428,138.18375108004625,133.07731853899168,95.54196812180774
2016-09-22,141.67,2016,9,22,137.75714285714284,139.05531331003468,133.6316850848632,80.61684735998182
2016-09-23,138.49,2016,9,23,138.53142857142856,138.91398498252602,133.9451247568075,65.35829052190458
2016-09-26,139.06,2016,9,26,138.88142857142856,138.9504887368945,134.27511670798123,24.149352678830894
2016-09-27,139.72,2016,9,27,139.33428571428573,139.14286655267088,134.6263995010147,13.939385289607078
2016-09-28,139.44,2016,9,28,139.92285714285714,139.21714991450318,134.93695437191698,6.310106870568386
2016-09-29,138.6,2016,9,29,140.07142857142858,139.06286243587738,135.17327989630945,1.5949534979663733
2016-09-30,138.69,2016,9,30,139.81,138.96964682690805,135.4001650642895,0.0
2016-10-02,110.6,2016,10,2,139.38142857142856,131.87723512018104,133.8001544149805,30.0865523167766
2016-10-03,114.4,2016,10,3,134.94285714285715,127.50792634013578,132.5485315494979,43.30085016364041
2016-10-05,122.73,2016,10,5,131.50142857142856,126.31344475510184,131.9150779011432,72.98756894094316
2016-10-06,127.65,2016,10,6,129.16857142857143,126.64758356632638,131.63991158494042,88.16253780813246
2016-10-08,130.43,2016,10,8,127.44428571428571,127.59318767474478,131.56185277300878,115.88858556510976
2016-10-10,140.31,2016,10,10,126.15714285714286,130.7723907560586,132.12624936829855,136.19665780426806
2016-10-11,146.46,2016,10,11,126.40142857142857,134.69429306704396,133.0510074735696,142.40287199076894
2016-10-13,140.59,2016,10,13,127.51142857142858,136.16821980028297,133.53739408817802,145.57530434241252
2016-10-14,142.07,2016,10,14,131.7957142857143,137.64366485021225,134.08788479216653,142.40287199076894
2016-10-17,143.43,2016,10,17,135.74857142857144,139.0902486376592,134.69060190234936,115.88858556510975
2016-10-18,145.27,2016,10,18,138.7057142857143,140.63518647824438,135.373143715101,102.674287718246
2016-10-19,144.5,2016,10,19,141.22285714285715,141.6013898586833,135.96197315283644,88.16253780813244
2016-10-20,143.26,2016,10,20,143.23285714285714,142.01604239401246,136.43281359458894,72.9875689409432
2016-10-21,143.99,2016,10,21,143.6542857142857,142.50953179550936,136.92037400784127,57.81260007375398
2016-10-24,144.9,2016,10,24,143.30142857142857,143.10714884663201,137.43518858798055,18.74723475830673
2016-10-25,148.73,2016,10,25,143.91714285714286,144.512861634974,138.1638860984334,9.778480077618305
2016-10-26,148.77,2016,10,26,144.86857142857144,145.5771462262305,138.84815151143772,3.5722658911173784
2016-10-27,149.33,2016,10,27,145.6314285714286,146.51535966967288,139.52439980102238,0.3998335394738453
2016-10-28,150.0,2016,10,28,146.21142857142857,147.38651975225466,140.20024497514999,0.3998335394738372
2016-10-31,149.27,2016,10,31,146.99714285714285,147.85738981419098,140.78539046062417,18.747234758306686
2016-11-01,109.33,2016,11,1,147.8557142857143,138.22554236064323,138.75601043090649,50.433169760078634
2016-11-02,109.35,2016,11,2,142.90428571428572,131.00665677048244,136.8588484676222,65.35829052190441
2016-11-03,116.78,2016,11,3,137.8257142857143,127.44999257786182,135.56343888906594,80.61684735998183
2016-11-04,117.77,2016,11,4,133.26142857142858,125.02999443339635,134.41547508977138,95.54196812180768
2016-11-05,123.33,2016,11,5,128.83285714285714,124.60499582504725,133.70028314849583,109.48135341141472
2016-11-07,135.83,2016,11,7,125.11857142857143,127.41124686878544,133.83768423568964,132.03575259227924
2016-11-08,129.69,2016,11,8,123.09428571428573,127.98093515158908,133.57009170435484,139.66503101131798
2016-11-10,139.23,2016,11,10,120.29714285714286,130.79320136369182,133.93524707826742,145.97513788188635
2016-11-11,145.08,2016,11,11,124.56857142857143,134.36490102276886,134.65426339579858,144.38018438391998
2016-11-14,146.3,2016,11,14,129.67285714285714,137.34867576707666,135.40560124123095,121.8257852030555
2016-11-15,147.42,2016,11,15,133.89000000000001,139.86650682530748,136.1807237417967,109.48135341141486
2016-11-16,147.14,2016,11,16,138.12571428571428,141.6848801189806,136.8877738229711,95.54196812180774
2016-11-17,146.79,2016,11,17,141.52714285714285,142.96116008923545,137.5266271247149,80.61684735998182
2016-11-18,145.8,2016,11,18,143.09285714285713,143.67087006692657,138.0603931166688,65.35829052190458
2016-11-21,144.93,2016,11,21,145.3942857142857,143.9856525501949,138.50359356075467,24.149352678830894
2016-11-22,144.55,2016,11,22,146.20857142857145,144.1267394126462,138.8936842987705,13.939385289607078
2016-11-23,141.28,2016,11,23,146.13285714285715,143.41505455948464,139.04764015046274,6.310106870568386
2016-11-24,140.86,2016,11,24,145.41571428571427,142.77629091961347,139.16456659236837,1.5949534979663733
2016-11-25,139.41,2016,11,25,144.47857142857143,141.9347181897101,139.18040100576397,0.0
2016-11-28,141.11,2016,11,28,143.37428571428572,141.7285386422826,139.30489126345662,13.939385289607046
2016-11-29,138.55,2016,11,29,142.56285714285715,140.93390398171192,139.25618860129813,24.149352678830844
2016-11-30,137.01,2016,11,30,141.52714285714288,139.95292798628395,139.11127320766602,36.49378447047148
2016-12-01,109.4,2016,12,1,140.3957142857143,132.31469598971296,137.19441687168757,88.16253780813246
2016-12-02,111.36,2016,12,2,135.37428571428572,127.07602199228472,135.52768029932065,102.6742877182459
2016-12-04,119.16,2016,12,4,131.1,125.09701649421353,134.47170092517092,127.22790312357962
2016-12-05,123.65,2016,12,5,128.0,124.73526237066014,133.7735266719341,136.19665780426806
2016-12-07,134.24,2016,12,7,125.74857142857142,127.1114467779951,133.80362172535771,145.5753043424125
2016-12-08,129.03,2016,12,8,124.76714285714287,127.59108508349632,133.49564613017336,145.57530434241252
2016-12-09,137.11,2016,12,9,123.40714285714286,129.97081381262225,133.72883025080733,142.40287199076894
2016-12-10,139.9,2016,12,10,123.42142857142858,132.45311035946668,134.1269702346262,136.19665780426809
2016-12-12,130.94,2016,12,12,127.77857142857144,132.0748327696,133.9213592517471,115.88858556510975
2016-12-13,132.33,2016,12,13,130.57571428571427,132.1386245772,133.81869091292472,102.674287718246
2016-12-14,133.31,2016,12,14,132.45714285714286,132.4314684329,133.78587214434893,88.16253780813244
2016-12-15,132.52,2016,12,15,133.83714285714285,132.453601324675,133.7042029737458,72.9875689409432
2016-12-16,132.61,2016,12,16,133.5914285714286,132.49270099350625,133.63360923350413,57.81260007375398
2016-12-19,134.8,2016,12,19,134.10285714285715,133.06952574512968,133.70886025069743,18.74723475830673
2016-12-20,134.67,2016,12,20,133.77285714285716,133.46964430884725,133.77086926678146,9.778480077618369
2016-12-21,135.04,2016,12,21,133.0257142857143,133.86223323163543,133.8527486689246,3.5722658911174188
2016-12-22,131.17,2016,12,22,133.61142857142858,133.18917492372657,133.67966810963915,0.3998335394738453
2016-12-23,129.87,2016,12,23,133.44571428571427,132.35938119279493,133.43388307030762,0.3998335394738372
2016-12-26,129.32,2016,12,26,132.9542857142857,131.59953589459622,133.16847125932003,18.747234758306686
2016-12-27,128.15,2016,12,27,132.49714285714285,130.73715192094716,132.84469892000908,30.08655231677659
2016-12-28,127.62,2016,12,28,131.85999999999999,129.95786394071035,132.50762157033108,43.300850163640334
2016-12-29,129.6,2016,12,29,130.83428571428573,129.86839795553277,132.32003308192265,57.81260007375392
2016-12-30,130.92,2016,12,30,130.10999999999999,130.13129846664958,132.2297083669599,72.98756894094315
2017-01-02,142.09,2017,1,2,129.52142857142857,133.1209738499872,132.8658562142528,132.0357525922793
2017-01-03,135.24,2017,1,3,131.08142857142857,133.6507303874904,133.0190267810752,139.66503101131798
2017-01-05,125.05,2017,1,5,131.84857142857143,131.5005477906178,132.50489602100586,145.97513788188635
2017-01-06,123.27,2017,1,6,131.23857142857142,129.44291084296333,131.90909627771515,144.38018438391998
2017-01-08,130.82,2017,1,8,130.54142857142855,129.78718313222248,131.83883200173355,132.0357525922793
2017-01-09,123.36,2017,1,9,130.99857142857144,128.18038734916686,131.2918105822669,121.82578520305546
2017-01-11,116.42,2017,1,11,130.10714285714286,125.24029051187516,130.33233893179806,95.54196812180774
2017-01-12,117.3,2017,1,12,128.03571428571428,123.25521788390637,129.49154287168207,80.6168473599819
2017-01-13,139.45,2017,1,13,124.49428571428571,127.30391341292977,130.13402397673485,65.35829052190446
2017-01-16,139.81,2017,1,16,125.09571428571428,130.43043505969734,130.75828049436487,24.1493526788309
2017-01-17,140.71,2017,1,17,127.20428571428572,133.000326294773,131.40032691408328,13.93938528960707
2017-01-18,140.44,2017,1,18,129.69571428571427,134.86024472107977,131.9835316293037,6.310106870568354
2017-01-19,141.28,2017,1,19,131.07,136.46518354080982,132.58330378225187,1.5949534979663815
2017-01-20,142.88,2017,1,20,133.63,138.06888765560737,133.24760676404208,0.0
2017-01-23,144.54,2017,1,23,137.41,139.68666574170553,133.97614826313614,13.939385289607094
2017-01-24,142.36,2017,1,24,141.30142857142857,140.35499930627915,134.51704192357897,24.14935267883091
2017-01-25,143.0,2017,1,25,141.71714285714285,141.01624947970936,135.0643295414126,36.49378447047161
2017-01-26,141.49,2017,1,26,142.17285714285714,141.13468710978202,135.47888892583762,50.433169760078634
2017-01-27,142.66,2017,1,27,142.28428571428572,141.5160153323365,135.94218641449328,65.35829052190448
2017-01-30,141.79,2017,1,30,142.60142857142858,141.5845114992524,136.31946471033243,109.48135341141472
2017-01-31,140.07,2017,1,31,142.67428571428573,141.2058836244393,136.56143472902068,121.82578520305547
2017-02-01,131.36,2017,2,1,142.27285714285713,138.7444127183295,136.22585829489032,142.40287199076894
2017-02-02,138.82,2017,2,2,140.39000000000001,138.76330953874714,136.39322227586516,145.5753043424125
2017-02-03,136.68,2017,2,3,139.8842857142857,138.24248215406035,136.41172406451903,145.57530434241252
2017-02-05,126.52,2017,2,5,138.98142857142858,135.31186161554527,135.77354831842104,136.19665780426806
2017-02-06,122.63,2017,2,6,136.84285714285713,132.14139621165896,134.92557745916807,127.22790312357968
2017-02-08,133.23,2017,2,8,133.98142857142858,132.41354715874422,134.81618536502822,102.67428771824594
2017-02-10,120.48,2017,2,10,132.75857142857143,129.43016036905817,133.8912701801877,72.98756894094319
2017-02-11,119.27,2017,2,11,129.96,126.89012027679362,132.9479624266272,57.81260007375393
2017-02-13,136.87,2017,2,13,128.23285714285714,129.38509020759523,133.2009971087803,30.086552316776622
2017-02-14,136.02,2017,2,14,127.9542857142857,131.04381765569642,133.38286826305256,18.747234758306696
2017-02-15,136.98,2017,2,15,127.86,132.5278632417723,133.6149412783395,9.77848007761832
2017-02-16,138.34,2017,2,16,129.3542857142857,133.98089743132923,133.91978377651117,3.5722658911174108
2017-02-17,138.99,2017,2,17,131.59857142857143,135.2331730734969,134.24689450060723,0.3998335394738534
2017-02-20,139.17,2017,2,20,132.42142857142858,136.21737980512268,134.56451421024548,9.77848007761828
2017-02-21,140.49,2017,2,21,135.09142857142857,137.28553485384202,134.9468036160361,18.747234758306654
2017-02-22,139.6,2017,2,22,138.12285714285716,137.86415114038152,135.24700983435636,30.08655231677655
2017-02-23,139.29,2017,2,23,138.51285714285714,138.22061335528613,135.5078479095592,43.30085016364041
2017-02-24,136.1,2017,2,24,138.98,137.6904600164646,135.5460512702328,57.81260007375387
2017-02-27,133.02,2017,2,27,138.8542857142857,136.52284501234845,135.38308022054036,102.6742877182459
2017-02-28,134.33,2017,2,28,138.09428571428572,135.97463375926134,135.31513956115066,115.88858556510976
2017-03-01,130.72,2017,3,1,137.42857142857142,134.660975319446,135.01867894430222,144.38018438391998
2017-03-02,138.84,2017,3,2,136.22142857142856,135.7057314895845,135.26521578660532,139.665031011318
2017-03-03,135.61,2017,3,3,135.9857142857143,135.68179861718838,135.28745992940497,132.0357525922793
2017-03-04,132.92,2017,3,4,135.41571428571427,134.99134896289127,135.1347205791208,121.82578520305546
2017-03-05,127.74,2017,3,5,134.50571428571428,133.17851172216845,134.65764183208074,109.4813534114148
2017-03-07,124.86,2017,3,7,133.31142857142856,131.09888379162635,134.02553590743037,80.6168473599819
2017-03-08,133.11,2017,3,8,132.1457142857143,131.60166284371977,133.96646907469292,65.35829052190451
2017-03-10,119.8,2017,3,10,131.97142857142856,128.65124713278982,133.05250332793855,36.49378447047164
2017-03-11,117.59,2017,3,11,130.41142857142856,125.88593534959236,132.05492246807157,24.1493526788309
2017-03-13,133.98,2017,3,13,127.37571428571428,127.90945151219427,132.17912101851857,6.310106870568354
2017-03-14,133.78,2017,3,14,127.14285714285714,129.3770886341457,132.28240353345288,1.5949534979663815
2017-03-15,133.69,2017,3,15,127.26571428571427,130.45531647560927,132.37321620871398,0.0
2017-03-16,134.17,2017,3,16,128.1157142857143,131.38398735670694,132.48913774363567,1.5949534979663815
2017-03-17,134.29,2017,3,17,129.44571428571427,132.1104905175302,132.6053224053366,6.310106870568345
2017-03-20,136.39,2017,3,20,129.6142857142857,133.18036788814766,132.84949515337942,36.49378447047155
2017-03-21,135.55,2017,3,21,131.9842857142857,133.77277591611073,133.02372127251624,50.433169760078634
2017-03-22,134.57,2017,3,22,134.55,133.97208193708303,133.12348119041843,65.35829052190441
2017-03-23,133.75,2017,3,23,134.6342857142857,133.9165614528123,133.16390175877854,80.61684735998183
2017-03-24,131.22,2017,3,24,134.63,133.24242108960922,133.03848874208316,95.54196812180768
2017-03-27,132.93,2017,3,27,134.27714285714285,133.1643158172069,133.03148946840037,132.03575259227924
2017-03-28,132.67,2017,3,28,134.1,133.04073686290516,133.00816756721326,139.66503101131798
2017-03-29,133.07,2017,3,29,133.86857142857144,133.04805264717885,133.01215675642533,144.38018438391998
2017-03-30,133.5,2017,3,30,133.3942857142857,133.16103948538415,133.04363051407532,145.97513788188635
2017-03-31,133.58,2017,3,31,133.10142857142856,133.2657796140381,133.0782349970382,144.38018438391995
2017-04-01,134.32,2017,4,1,132.96,133.5293347105286,133.15834886819704,127.2279031235797
2017-04-04,132.75,2017,4,4,133.04142857142855,133.33450103289644,133.13200377992626,88.16253780813246
2017-04-05,125.8,2017,4,5,133.26,131.4508757746723,132.65897127799553,72.98756894094319
2017-04-07,124.46,2017,4,7,132.24142857142857,129.70315683100424,132.1300053890926,43.30085016364044
2017-04-08,133.05,2017,4,8,131.06857142857143,130.5398676232532,132.18935988011887,30.086552316776622
2017-04-09,122.2,2017,4,9,131.06571428571428,128.4549007174399,131.54488504914346,18.747234758306696
2017-04-10,119.58,2017,4,10,129.45142857142858,126.23617553807992,130.7729569814568,9.77848007761832
2017-04-12,116.92,2017,4,12,127.45142857142856,123.90713165355994,129.8792178213628,0.3998335394738453
2017-04-13,133.92,2017,4,13,124.96571428571428,126.41034874016995,130.139913445791,0.3998335394738453
2017-04-17,134.76,2017,4,17,125.13285714285713,128.49776155512745,130.43798354606255,30.08655231677655
2017-04-18,135.74,2017,4,18,126.41285714285713,130.3083211663456,130.78004912373595,43.30085016364041
2017-04-19,132.76,2017,4,19,128.02428571428572,130.92124087475918,130.90778788994655,57.81260007375387
2017-04-20,128.75,2017,4,20,127.98285714285714,130.37843065606938,130.76857576801453,72.98756894094316
2017-04-21,125.0,2017,4,21,128.91857142857143,129.03382299205202,130.39640958943295,88.16253780813238
2017-04-24,124.09,2017,4,24,129.69285714285715,127.79786724403903,129.98954445463085,127.22790312357962
2017-04-25,124.01,2017,4,25,130.71714285714285,126.85090043302927,129.60376739304178,136.19665780426806
2017-04-26,123.39,2017,4,26,129.30142857142857,125.98567532477195,129.20287917413586,142.40287199076894
2017-04-27,122.25,2017,4,27,127.67714285714285,125.05175649357896,128.75430632419162,145.5753043424125
2017-04-28,123.71,2017,4,28,125.75,124.71631737018421,128.42886720650185,145.57530434241252
2017-05-01,135.43,2017,5,1,124.45714285714287,127.39473802763816,128.88055319317917,95.5419681218077
2017-05-04,132.63,2017,5,4,125.41142857142857,128.70355352072863,129.1224529871676,50.433169760078634
2017-05-05,126.51,2017,5,5,126.50142857142858,128.15516514054647,128.9539076331568,36.49378447047158
2017-05-06,124.55,2017,5,6,126.84714285714286,127.25387385540985,128.66978456004992,24.1493526788309
2017-05-07,126.13,2017,5,7,126.92428571428572,126.97290539155739,128.5059274916596,13.93938528960707
2017-05-09,121.02,2017,5,9,127.3157142857143,125.48467904366804,128.02296442768156,1.5949534979663815
2017-05-10,120.36,2017,5,10,127.14,124.20350928275103,127.52857962589566,0.0
2017-05-12,116.59,2017,5,12,126.66142857142856,122.30013196206326,126.82286481132175,6.310106870568345
2017-05-15,125.39,2017,5,15,123.97,123.07259897154745,126.73042192026874,36.49378447047161
2017-05-16,124.03,2017,5,16,122.93571428571428,123.31194922866058,126.55620115121914,50.433169760078634
2017-05-17,126.46,2017,5,17,122.58142857142857,124.09896192149543,126.54999462533404,65.35829052190448
2017-05-18,123.48,2017,5,18,122.8542857142857,123.94422144112158,126.35193045595766,80.61684735998183
2017-05-19,125.38,2017,5,19,122.47571428571428,124.30316608084118,126.28922526525072,95.54196812180768
2017-05-22,123.16,2017,5,22,123.09857142857142,124.01737456063088,126.0873397642668,132.03575259227924
2017-05-23,123.47,2017,5,23,123.49857142857141,123.88053092047318,125.91847913431411,139.66503101131798
2017-05-24,122.23,2017,5,24,124.48142857142857,123.46789819035489,125.68051273855193,144.38018438391998
2017-05-25,123.02,2017,5,25,124.03,123.35592364276616,125.50886675541955,145.97513788188635
2017-05-26,125.27,2017,5,26,123.88571428571427,123.83444273207462,125.49345599700538,144.38018438391995
2017-05-29,125.03,2017,5,29,123.71571428571428,124.13333204905595,125.46355561010182,121.8257852030555
2017-05-30,126.11,2017,5,30,123.93714285714285,124.62749903679196,125.50526169977269,109.48135341141474
2017-05-31,124.02,2017,5,31,124.04142857142857,124.47562427759397,125.40943836430348,95.54196812180761
2017-06-01,134.8,2017,6,1,124.16428571428573,127.05671820819548,126.01528105047747,57.81260007375393
2017-06-02,137.4,2017,6,2,125.78285714285714,129.6425386561466,126.74977904722085,43.30085016364044
2017-06-03,134.03,2017,6,3,127.95,130.73940399210994,127.21947072159371,30.086552316776622
2017-06-04,132.92,2017,6,4,129.52285714285716,131.28455299408245,127.58724680407154,18.747234758306696
2017-06-06,122.29,2017,6,6,130.6157142857143,129.03591474556183,127.24548894574436,3.5722658911174108
2017-06-07,125.51,2017,6,7,130.2242857142857,128.15443605917136,127.13352191698667,0.3998335394738453
2017-06-09,120.71,2017,6,9,130.13857142857142,126.29332704437851,126.71910114814882,3.5722658911174023
2017-06-10,122.33,2017,6,10,129.6657142857143,125.30249528328387,126.43593333213923,9.77848007761828
2017-06-11,118.41,2017,6,11,127.88428571428572,123.57937146246292,125.91813118167865,18.747234758306696
2017-06-12,115.65,2017,6,12,125.17142857142858,121.5970285968472,125.25567110544132,30.0865523167766
2017-06-13,123.27,2017,6,13,122.5457142857143,122.0152714476354,125.12756329218705,43.30085016364041
2017-06-14,123.25,2017,6,14,121.16714285714285,122.32395358572654,125.00643017656209,57.81260007375387
2017-06-15,124.1,2017,6,15,121.30428571428571,122.7679651892949,124.94795081033229,72.98756894094316
2017-06-16,123.14,2017,6,16,121.10285714285715,122.86097389197117,124.83130882256891,88.16253780813238
2017-06-19,123.05,2017,6,19,121.45,122.90823041897838,124.71638567272576,127.22790312357962
2017-06-20,121.3,2017,6,20,121.55285714285712,122.50617281423378,124.49597369384024,136.196657804268
2017-06-21,120.07,2017,6,21,121.96571428571428,121.89712961067534,124.21042700391507,142.40287199076894
2017-06-22,116.51,2017,6,22,122.59714285714286,120.5503472080065,123.713625261727,145.5753043424125
2017-06-23,120.86,2017,6,23,121.63142857142857,120.62776040600488,123.52952040613172,145.57530434241252
2017-06-26,121.72,2017,6,26,121.28999999999999,120.90082030450367,123.41277715412323,127.22790312357967
2017-06-27,122.15,2017,6,27,120.95,121.21311522837775,123.33130766030884,115.88858556510975
2017-06-28,121.63,2017,6,28,120.80857142857143,121.3173364212833,123.22154587577279,102.674287718246
2017-06-29,123.66,2017,6,29,120.60571428571428,121.90300231596248,123.24983323862617,88.16253780813244
2017-06-30,123.83,2017,6,30,120.94285714285714,122.38475173697186,123.2872633522632,72.9875689409432
2017-07-02,136.28,2017,7,2,121.48,125.8585638027289,124.12550442631074,13.93938528960707
2017-07-03,133.43,2017,7,3,124.30428571428573,127.75142285204667,124.72579446332296,6.310106870568354
2017-07-04,134.44,2017,7,4,126.10000000000001,129.42356713903501,125.35251740117309,1.5949534979663815
2017-07-06,122.11,2017,7,6,127.91714285714286,127.59517535427626,125.14332273012967,1.5949534979663815
2017-07-07,124.82,2017,7,7,127.91142857142857,126.9013815157072,125.12246319915356,6.310106870568345
2017-07-08,134.72,2017,7,8,128.36714285714285,128.8560361367804,125.74165912178881,13.939385289607094
2017-07-09,121.36,2017,7,9,129.94714285714286,126.9820271025853,125.45897143651212,24.14935267883086
2017-07-11,117.36,2017,7,11,129.59428571428572,124.57652032693898,124.93645715028553,50.433169760078634
2017-07-12,113.52,2017,7,12,126.89142857142856,121.81239024520423,124.19991152768648,65.35829052190448
2017-07-13,126.46,2017,7,13,124.04714285714284,122.97429268390316,124.34572368719058,80.61684735998183
2017-07-14,127.84,2017,7,14,122.90714285714284,124.19071951292736,124.57116086866218,95.54196812180768
2017-07-17,127.83,2017,7,17,123.72571428571429,125.10053963469552,124.78140855455494,132.03575259227924
2017-07-18,128.68,2017,7,18,124.15571428571427,125.99540472602165,125.03293058329334,139.66503101131798
2017-07-19,128.95,2017,7,19,123.29285714285713,126.73405354451623,125.2856447392099,144.38018438391998
2017-07-20,129.17,2017,7,20,124.37714285714287,127.34304015838717,125.53624830442217,145.97513788188635
2017-07-21,130.58,2017,7,21,126.06428571428572,128.15228011879037,125.86165163962075,144.38018438391998
2017-07-24,127.73,2017,7,24,128.50142857142856,128.04671008909278,125.98219024351619,121.8257852030555
2017-07-25,126.41,2017,7,25,128.68285714285713,127.63753256681957,126.00979087296676,109.48135341141474
2017-07-26,129.5,2017,7,26,128.47857142857143,128.10314942511468,126.234965655356,95.54196812180761
2017-07-27,130.2,2017,7,27,128.71714285714285,128.62736206883602,126.4907743227524,80.61684735998182
2017-07-28,131.13,2017,7,28,128.93428571428572,129.253021551627,126.79007920515548,65.35829052190458
2017-07-31,131.52,2017,7,31,129.24571428571429,129.81976616372026,127.09523538546803,24.149352678830894
2017-08-02,135.74,2017,8,2,129.58142857142857,131.2998246227902,127.65296213479269,0.3998335394738534
2017-08-03,134.3,2017,8,3,130.31857142857143,132.04986846709267,128.08180328738672,0.3998335394738453
2017-08-05,128.66,2017,8,5,131.25714285714287,131.2024013503195,128.11910630110373,9.77848007761828
2017-08-06,122.26,2017,8,6,131.57857142857142,128.9668010127396,127.74109944296801,18.747234758306696
2017-08-08,135.23,2017,8,8,130.5442857142857,130.5326007595547,128.22425431761525,43.30085016364041
2017-08-09,122.42,2017,8,9,131.26285714285714,128.504450569666,127.84978629712394,57.81260007375387
2017-08-11,117.68,2017,8,11,130.01857142857142,125.7983379272495,127.19367105214822,88.16253780813238
2017-08-12,113.63,2017,8,12,128.04142857142858,122.75625344543712,126.31859550039673,102.6742877182459
2017-08-14,130.49,2017,8,14,124.88285714285715,124.68969008407785,126.58771837133888,127.22790312357962
2017-08-15,126.8,2017,8,15,124.33857142857143,125.2172675630584,126.60141396028476,136.196657804268
2017-08-16,126.35,2017,8,16,124.07285714285715,125.5004506722938,126.58519370478253,142.40287199076894
2017-08-17,124.54,2017,8,17,124.65714285714286,125.26033800422034,126.45324572382881,145.5753043424125
2017-08-18,125.26,2017,8,18,123.13000000000001,125.26025350316526,126.3762621287431,145.57530434241252
2017-08-21,124.82,2017,8,21,123.5357142857143,125.15019012737395,126.27585812043709,127.22790312357967
2017-08-22,124.35,2017,8,22,124.55571428571429,124.95014259553045,126.15160920944115,115.88858556510975
2017-08-23,123.63,2017,8,23,126.08714285714287,124.62010694664784,125.98892474431591,102.674287718246
2017-08-24,122.59,2017,8,24,125.10714285714286,124.11258020998588,125.7696392769407,88.16253780813244
2017-08-25,125.34,2017,8,25,124.50571428571429,124.4194351574894,125.74192061391227,72.9875689409432
2017-08-28,125.34,2017,8,28,124.36142857142856,124.64957636811707,125.71599025172438,30.08655231677664
2017-08-29,124.13,2017,8,29,124.47571428571429,124.51968227608779,125.61366830000023,18.74723475830673
2017-08-30,122.9,2017,8,30,124.3142857142857,124.11476170706584,125.43859292580666,9.778480077618369
2017-08-31,123.45,2017,8,31,124.03999999999999,123.94857128029938,125.31029660801269,3.5722658911173784
2017-09-01,135.43,2017,9,1,123.91142857142857,126.81892846022454,125.96318069781833,1.5949534979663815
2017-09-02,137.41,2017,9,2,125.59714285714287,129.4666963451684,126.70168516892683,6.310106870568345
2017-09-03,133.38,2017,9,3,127.71428571428571,130.4450222588763,127.1325441902864,13.939385289607053
2017-09-05,127.05,2017,9,5,128.86285714285717,129.5962666941572,127.12721875865503,36.49378447047155
2017-09-06,122.82,2017,9,6,129.10714285714286,127.90220002061791,126.84933367745148,50.433169760078634
2017-09-08,134.65,2017,9,8,128.92000000000002,129.58915001546345,127.35260247245462,80.61684735998183
2017-09-10,122.79,2017,9,10,130.59857142857143,127.88936251159758,127.05824102261884,109.48135341141472
2017-09-11,118.23,2017,9,11,130.50428571428571,125.47452188369819,126.4886770856757,121.82578520305547
2017-09-13,127.34,2017,9,13,128.04714285714286,125.94089141277365,126.54360114466438,139.66503101131798
2017-09-14,127.26,2017,9,14,126.60857142857142,126.27066855958023,126.58982042565378,144.38018438391998
2017-09-15,128.93,2017,9,15,125.73428571428572,126.93550141968517,126.74079975303096,145.97513788188635
2017-09-18,128.95,2017,9,18,126.00285714285714,127.43912606476387,126.8833288012225,132.0357525922793
2017-09-19,126.12,2017,9,19,126.87857142857142,127.1093445485729,126.83408178178881,121.8257852030555
2017-09-20,128.01,2017,9,20,125.66,127.33450841142968,126.90994747328631,109.48135341141486
2017-09-21,126.89,2017,9,21,126.4057142857143,127.22338130857226,126.90866053952591,95.54196812180774
2017-09-22,126.35,2017,9,22,127.64285714285714,127.00503598142919,126.87261792407264,80.61684735998182
2017-09-25,124.9,2017,9,25,127.50142857142858,126.47877698607189,126.74535225155184,36.49378447047154
2017-09-26,124.68,2017,9,26,127.16428571428571,126.02908273955391,126.61210371919367,24.149352678830894
2017-09-27,122.17,2017,9,27,126.55714285714286,125.06431205466544,126.32551638247149,13.939385289607078
2017-09-28,121.4,2017,9,28,125.58857142857143,124.14823404099909,126.00774113198946,6.310106870568386
2017-09-29,121.57,2017,9,29,124.91428571428571,123.5036755307493,125.72143525250628,1.5949534979663733
2017-10-01,137.87,2017,10,1,123.99428571428572,127.09525664806198,126.50521362331233,18.747234758306696
2017-10-02,137.75,2017,10,2,125.56285714285715,129.75894248604646,127.2306837121309,30.0865523167766
2017-10-03,133.75,2017,10,3,127.19142857142857,130.75670686453486,127.65128476296117,43.30085016364041
2017-10-04,134.65,2017,10,4,128.4557142857143,131.73003014840114,128.10281477825401,57.81260007375387
2017-10-05,127.6,2017,10,5,129.88,130.69752261130085,128.07037511514085,72.98756894094316
2017-10-07,124.23,2017,10,7,130.65571428571428,129.08064195847564,127.82260897868015,102.6742877182459
2017-10-08,131.77,2017,10,8,131.06,129.75298146885672,128.0772793671524,115.88858556510976
2017-10-10,122.49,2017,10,10,132.51714285714286,127.93723610164254,127.71680973056195,136.19665780426806
2017-10-11,118.78,2017,10,11,130.32,125.6479270762319,127.14024136084828,142.40287199076894
2017-10-13,120.32,2017,10,13,127.61,124.31594530717392,126.70022578918066,145.57530434241252
2017-10-16,118.75,2017,10,16,125.69142857142857,122.92445898038044,126.1873079963303,127.22790312357967
2017-10-17,118.79,2017,10,17,123.42,121.89084423528533,125.71006231914771,115.88858556510975
2017-10-18,118.86,2017,10,18,122.16142857142857,121.133133176464,125.26812281468658,102.674287718246
2017-10-19,120.82,2017,10,19,121.39428571428572,121.054849882348,124.98114714922293,88.16253780813244
2017-10-20,119.79,2017,10,20,119.83,120.738637411761,124.64623442991824,72.9875689409432
2017-10-23,119.76,2017,10,23,119.44428571428571,120.49397805882074,124.33099349895579,30.08655231677664
2017-10-24,118.78,2017,10,24,119.58428571428571,120.06548354411555,123.97286488611994,18.74723475830673
2017-10-25,119.13,2017,10,25,119.36428571428571,119.83161265808667,123.66042199024123,9.778480077618305
2017-10-26,119.23,2017,10,26,119.41857142857143,119.681209493565,123.37458831345148,3.5722658911173784
2017-10-27,120.44,2017,10,27,119.48142857142857,119.87090712017375,123.18526003516429,0.3998335394738453
2017-10-30,119.5,2017,10,30,119.70714285714287,119.77818034013032,122.9475013232182,9.778480077618337
2017-10-31,118.36,2017,10,31,119.51857142857145,119.42363525509774,122.65153349591381,18.747234758306686
2017-11-01,139.41,2017,11,1,119.3142857142857,124.42022644132331,123.73272488327422,50.433169760078634
2017-11-04,134.72,2017,11,4,122.12142857142855,126.9951698309925,124.44158134241782,95.54196812180768
2017-11-05,125.83,2017,11,5,124.39857142857143,126.70387737324437,124.5311567396812,109.48135341141472
2017-11-07,122.71,2017,11,7,125.35571428571428,125.70540802993327,124.41366275647597,132.03575259227924
2017-11-08,132.88,2017,11,8,125.85285714285715,127.49905602244995,124.95987806250979,139.66503101131798
2017-11-09,122.96,2017,11,9,127.62999999999998,126.36429201683745,124.83085367138014,144.38018438391995
2017-11-10,119.85,2017,11,10,128.1242857142857,124.7357190126281,124.50950827322659,145.97513788188635
2017-11-12,111.64,2017,11,12,128.33714285714285,121.46178925947106,123.6792174168894,139.66503101131798
2017-11-13,118.92,2017,11,13,124.37,120.8263419446033,123.3721711319288,132.0357525922793
2017-11-14,118.01,2017,11,14,122.11285714285714,120.12225645845247,123.02622460728823,121.8257852030555
2017-11-15,118.38,2017,11,15,120.99571428571429,119.68669234383935,122.72646818101158,109.48135341141486
2017-11-16,118.37,2017,11,16,120.37714285714284,119.35751925787952,122.44540571772052,95.54196812180774
2017-11-17,116.42,2017,11,17,118.30428571428573,118.62313944340964,122.05666986496436,80.61684735998182
2017-11-20,115.55,2017,11,20,117.37,117.85485458255724,121.63688471238602,36.49378447047165
2017-11-21,116.02,2017,11,21,116.75571428571428,117.39614093691793,121.27450505352242,24.149352678830894
2017-11-22,115.42,2017,11,22,117.38142857142857,116.90210570268844,120.89679505006937,13.939385289607078
2017-11-23,115.3,2017,11,23,116.88142857142859,116.50157927701633,120.535711498452,6.310106870568386
2017-11-24,115.92,2017,11,24,116.49428571428572,116.35618445776225,120.23792365984221,1.5949534979663733
2017-11-27,115.55,2017,11,27,116.14285714285714,116.1546383433217,119.93547697211046,6.310106870568362
2017-11-28,116.88,2017,11,28,115.74000000000001,116.33597875749126,119.7383494255227,13.939385289607046
2017-11-29,118.56,2017,11,29,115.80571428571429,116.89198406811845,119.6623268819406,24.149352678830844
2017-11-30,116.73,2017,11,30,116.23571428571428,116.85148805108884,119.47314450246057,36.49378447047148
2017-12-01,139.62,2017,12,1,116.33714285714287,122.54361603831663,120.77294163133408,88.16253780813246
2017-12-04,133.98,2017,12,4,119.7942857142857,125.40271202873748,121.62500991318349,127.22790312357962
2017-12-05,126.35,2017,12,5,122.46285714285715,125.63953402155312,121.92984798330069,136.19665780426806
2017-12-06,124.02,2017,12,6,123.95285714285714,125.23465051616483,122.0646965005071,142.40287199076894
2017-12-07,123.66,2017,12,7,125.16285714285713,124.84098788712362,122.167619306926,145.5753043424125
2017-12-09,124.98,2017,12,9,126.13142857142857,124.87574091534272,122.3490632226082,142.40287199076894
2017-12-10,120.01,2017,12,10,127.04857142857144,123.65930568650704,122.19815591792381,136.19665780426809
2017-12-12,110.48,2017,12,12,127.51714285714286,120.36447926488029,121.44214585870293,115.88858556510975
2017-12-13,112.08,2017,12,13,123.35428571428572,118.29335944866021,120.83813644846404,102.674287718246
2017-12-14,112.44,2017,12,14,120.22571428571429,116.83001958649515,120.29632119372442,88.16253780813244
2017-12-15,112.6,2017,12,15,118.23857142857142,115.77251468987137,119.7997843425164,72.9875689409432
2017-12-18,113.48,2017,12,18,116.60714285714286,115.19938601740353,119.39205632041859,30.08655231677664
2017-12-19,113.37,2017,12,19,115.15285714285714,114.74203951305265,119.00353655781095,18.74723475830673
2017-12-20,114.33,2017,12,20,113.49428571428572,114.63902963478948,118.70201807021024,9.778480077618369
2017-12-21,113.73,2017,12,21,112.68285714285715,114.41177222609211,118.38124271084186,3.5722658911174188
2017-12-22,112.67,2017,12,22,113.14714285714285,113.97632916956908,118.01277543917465,0.3998335394738453
2017-12-26,113.67,2017,12,26,113.23142857142857,113.89974687717681,117.73259637858274,18.747234758306686
2017-12-27,114.96,2017,12,27,113.40714285714286,114.1648101578826,117.55371919286773,30.08655231677659
2017-12-28,115.03,2017,12,28,113.74428571428572,114.38110761841196,117.3908985997795,43.300850163640334
2017-12-29,115.88,2017,12,29,113.96571428571428,114.75583071380896,117.29342127076147,57.81260007375392
2018-01-02,114.5,2018,1,2,114.32428571428571,114.69187303535672,117.11320054361558,132.0357525922793
2018-01-03,115.23,2018,1,3,114.34857142857143,114.82640477651755,116.99170373435007,139.66503101131798
2018-01-05,116.88,2018,1,5,114.56285714285715,115.33980358238816,116.98449704181137,145.97513788188635
2018-01-06,114.4,2018,1,6,115.16428571428571,115.1048526867911,116.81775529717838,144.38018438391998
2018-01-08,105.59,2018,1,8,115.26857142857143,112.72613951509334,116.09338398768301,132.0357525922793
2018-01-10,101.04,2018,1,10,113.92999999999999,109.80460463632001,115.12219792396154,109.4813534114148
2018-01-11,114.21,2018,1,11,111.93142857142857,110.90595347724,115.06334644499628,95.54196812180774
2018-01-15,114.14,2018,1,15,111.69285714285715,111.71446510793,115.00377570660943,36.49378447047158
2018-01-16,113.03,2018,1,16,111.64142857142858,112.04334883094751,114.8764353384411,24.1493526788309
2018-01-17,115.41,2018,1,17,111.32714285714285,112.88501162321063,114.91085886499329,13.93938528960707
2018-01-18,114.67,2018,1,18,111.11714285714285,113.33125871740798,114.89531958338083,6.310106870568354
2018-01-19,114.06,2018,1,19,111.1557142857143,113.51344403805598,114.84142799735626,1.5949534979663815
2018-01-22,115.09,2018,1,22,112.36571428571428,113.90758302854198,114.85746490075263,6.310106870568345
2018-01-23,113.86,2018,1,23,114.37285714285714,113.89568727140649,114.79311232651052,13.939385289607094
2018-01-24,115.57,2018,1,24,114.32285714285715,114.31426545355487,114.84323411189695,24.14935267883091
2018-01-25,116.03,2018,1,25,114.52714285714285,114.74319909016614,114.91979965306489,36.49378447047161
2018-01-26,117.01,2018,1,26,114.9557142857143,115.3098993176246,115.05465128835102,50.433169760078634
2018-01-29,116.75,2018,1,29,115.18428571428572,115.66992448821844,115.16402862458645,95.54196812180768
2018-01-30,114.78,2018,1,30,115.48142857142857,115.44744336616384,115.13925258429056,109.48135341141472
2018-01-31,115.04,2018,1,31,115.58428571428571,115.34558252462288,115.1328491917557,121.82578520305547
2018-02-01,118.83,2018,2,1,115.57714285714285,116.21668689346716,115.37137505035211,142.40287199076894
2018-02-02,113.94,2018,2,2,116.28714285714285,115.64751517010036,115.27902827291004,145.5753043424125
2018-02-03,114.2,2018,2,3,116.05428571428573,115.28563637757527,115.20941354562554,145.57530434241252
2018-02-04,111.62,2018,2,4,115.79285714285713,114.36922728318146,114.97783847816584,142.40287199076894
2018-02-05,116.17,2018,2,5,115.02285714285713,114.8194204623861,115.0547521247358,136.19665780426806
2018-02-07,106.78,2018,2,7,114.93999999999998,112.80956534678958,114.5208971489464,115.88858556510975
2018-02-08,104.8,2018,2,8,113.79714285714286,110.8071740100922,113.89374249417568,102.67428771824594
2018-02-10,104.06,2018,2,10,112.33428571428571,109.12038050756915,113.25930749455145,72.98756894094319
2018-02-11,115.9,2018,2,11,110.22428571428573,110.81528538067687,113.4296747529675,57.81260007375393
2018-02-13,115.78,2018,2,13,110.50428571428573,112.05646403550764,113.58130863987283,30.086552316776622
2018-02-14,116.07,2018,2,14,110.73,113.05984802663073,113.74186937278427,18.747234758306696
2018-02-15,115.47,2018,2,15,111.36571428571429,113.66238601997304,113.85336167131432,9.77848007761832
2018-02-16,112.96,2018,2,16,111.26571428571428,113.48678951497978,113.79572543445533,3.5722658911174108
2018-02-19,112.45,2018,2,19,112.14857142857143,113.22759213623483,113.70890443868403,3.5722658911174023
2018-02-20,112.7,2018,2,20,113.24142857142859,113.09569410217613,113.64381382973667,9.77848007761828
2018-02-21,112.16,2018,2,21,114.47571428571428,112.8617705766321,113.54808390523753,18.747234758306654
2018-02-22,113.06,2018,2,22,113.94142857142856,112.91132793247407,113.51659462102867,30.08655231677655
2018-02-23,113.21,2018,2,23,113.55285714285715,112.98599594935554,113.49681432289779,43.30085016364041
2018-02-26,113.94,2018,2,26,113.14428571428572,113.22449696201666,113.52540694722697,88.16253780813246
2018-02-27,113.3,2018,2,27,112.92571428571429,113.2433727215125,113.51086456353491,102.6742877182459
2018-02-28,113.4,2018,2,28,112.9742857142857,113.28252954113438,113.50371201104879,115.88858556510976
2018-03-01,117.93,2018,3,1,113.11,114.44439715585078,113.7892789780779,144.38018438391998
2018-03-04,112.62,2018,3,4,113.85714285714286,113.98829786688809,113.71384162465353,121.82578520305546
2018-03-05,116.87,2018,3,5,113.92285714285713,114.70872340016606,113.91746474564363,109.4813534114148
2018-03-07,107.23,2018,3,7,114.46714285714286,112.83904255012456,113.48601540721502,80.6168473599819
2018-03-08,105.71,2018,3,8,113.61285714285714,111.05678191259342,112.98433699384631,65.35829052190451
2018-03-09,98.22,2018,3,9,112.43714285714286,107.84758643444508,112.03179912327559,50.433169760078634
2018-03-10,103.58,2018,3,10,110.28285714285714,106.7806898258338,111.48652176048363,36.49378447047164
2018-03-12,104.59,2018,3,12,108.88,106.23301736937535,111.0415848727105,13.93938528960707
2018-03-13,114.17,2018,3,13,106.97428571428573,108.2172630270315,111.24341810672918,6.310106870568354
2018-03-14,113.68,2018,3,14,107.19571428571429,109.58294727027364,111.4006169385531,1.5949534979663815
2018-03-15,112.01,2018,3,15,106.74000000000001,110.18971045270523,111.43993197477548,0.0
2018-03-16,111.79,2018,3,16,107.42285714285715,110.58978283952892,111.46251700866094,1.5949534979663815
2018-03-19,112.68,2018,3,19,108.29142857142857,111.11233712964669,111.54106429842476,24.14935267883086
2018-03-20,112.95,2018,3,20,110.35714285714286,111.57175284723502,111.63196337594574,36.49378447047155
2018-03-21,112.75,2018,3,21,111.69571428571429,111.86631463542626,111.70409477104603,50.433169760078634
2018-03-22,112.47,2018,3,22,112.86142857142856,112.01723597656971,111.75350801162371,65.35829052190441
2018-03-23,110.73,2018,3,23,112.61857142857143,111.69542698242728,111.68747523668024,80.61684735998183
2018-03-26,111.07,2018,3,26,112.19714285714285,111.53907023682045,111.64763812463637,121.82578520305547
2018-03-27,112.62,2018,3,27,112.06285714285715,111.80930267761534,111.71037114885338,132.03575259227924
2018-03-28,112.03,2018,3,28,112.18142857142857,111.86447700821151,111.73099236505641,139.66503101131798
2018-03-29,112.39,2018,3,29,112.08857142857143,111.99585775615863,111.77350898666568,144.38018438391998
2018-04-01,118.53,2018,4,1,112.00857142857144,113.62939331711897,112.20941163268725,127.2279031235797
2018-04-04,113.03,2018,4,4,112.83428571428571,113.47954498783923,112.26235281767518,88.16253780813246
2018-04-05,115.45,2018,4,5,112.91428571428571,113.97215874087942,112.46800747459937,72.98756894094319
2018-04-06,114.09,2018,4,6,113.58857142857143,114.00161905565957,112.57265215365749,57.81260007375393
2018-04-07,107.12,2018,4,7,114.02,112.28121429174467,112.2208681437441,43.30085016364044
2018-04-09,97.78,2018,4,9,113.23428571428572,108.65591071880851,111.2891992312445,18.747234758306696
2018-04-10,104.29,2018,4,10,111.19857142857143,107.56443303910639,110.83763799051906,9.77848007761832
2018-04-12,103.85,2018,4,12,110.04142857142857,106.6358247793298,110.38682263629202,0.3998335394738453
2018-04-13,112.43,2018,4,13,107.94428571428571,108.08436858449734,110.5186405307248,0.3998335394738453
2018-04-16,110.49,2018,4,16,107.85857142857144,108.68577643837301,110.516792754549,18.747234758306696
2018-04-17,110.57,2018,4,17,107.14999999999999,109.15683232877976,110.52022548006198,30.08655231677655
2018-04-18,111.64,2018,4,18,106.64714285714285,109.77762424658482,110.59246899747734,43.30085016364041
2018-04-19,110.99,2018,4,19,107.29285714285713,110.08071818493862,110.61811615893042,57.81260007375387
2018-04-20,111.77,2018,4,20,109.17999999999999,110.50303863870396,110.69243124545105,72.98756894094316
2018-04-23,112.67,2018,4,23,110.24857142857142,111.04477897902797,110.82001632638969,115.88858556510976
2018-04-24,113.71,2018,4,24,111.50857142857141,111.71108423427097,111.00646688597746,127.22790312357962
2018-04-25,112.54,2018,4,25,111.69142857142856,111.91831317570323,111.105404506237,136.19665780426806
2018-04-26,113.22,2018,4,26,111.98428571428569,112.24373488177741,111.24183002196364,142.40287199076894
2018-04-27,114.66,2018,4,27,112.36285714285714,112.84780116133305,111.46235711732082,145.5753043424125
2018-04-30,114.73,2018,4,30,112.7942857142857,113.3183508709998,111.6731727871711,136.19665780426809
2018-05-01,117.81,2018,5,1,113.32857142857142,114.44126315324985,112.06909712348263,95.5419681218077
2018-05-02,113.73,2018,5,2,114.19142857142857,114.26344736493739,112.1762521477741,80.6168473599819
2018-05-03,113.54,2018,5,3,114.34285714285716,114.08258552370305,112.26423588017578,65.35829052190446
2018-05-04,113.2,2018,5,4,114.31857142857143,113.86193914277727,112.32460775887411,50.433169760078634
2018-05-06,112.7,2018,5,6,114.41285714285716,113.57145435708296,112.3488266131403,24.1493526788309
2018-05-07,105.44,2018,5,7,114.33857142857143,111.53859076781221,111.90309586390545,13.93938528960707
2018-05-09,99.69,2018,5,9,113.02142857142859,108.57644307585916,111.1151541952664,1.5949534979663815
2018-05-10,105.96,2018,5,10,110.87285714285714,107.92233230689436,110.7825636020234,0.0
2018-05-11,113.06,2018,5,11,109.17999999999999,109.20674923017077,110.92949498253803,1.5949534979663815
2018-05-12,103.19,2018,5,12,109.0842857142857,107.70256192262808,110.4301727256001,6.310106870568345
2018-05-14,111.31,2018,5,14,107.60571428571428,108.60442144197106,110.48693577556139,24.14935267883086
2018-05-15,110.61,2018,5,15,107.33571428571427,109.1058160814783,110.49487540294454,36.49378447047161
2018-05-16,110.98,2018,5,16,107.03714285714285,109.57436206110873,110.5261737640449,50.433169760078634
2018-05-17,111.53,2018,5,17,107.82857142857142,110.06327154583155,110.59093674700975,65.35829052190448
2018-05-18,111.69,2018,5,18,109.52000000000001,110.46995365937367,110.66184405365429,80.61684735998183
2018-05-21,113.83,2018,5,21,110.33857142857143,111.30996524453025,110.86624121148306,121.82578520305547
2018-05-22,114.22,2018,5,22,110.44857142857143,112.03747393339768,111.0826127462261,132.03575259227924
2018-05-23,112.7,2018,5,23,112.02428571428571,112.20310545004826,111.18696031098571,139.66503101131798
2018-05-24,113.38,2018,5,24,112.22285714285714,112.49732908753619,111.32844674253502,144.38018438391998
2018-05-25,113.14,2018,5,25,112.61857142857143,112.65799681565214,111.44532114624245,145.97513788188635
2018-05-28,113.42,2018,5,28,112.92714285714285,112.8484976117391,111.57271978196874,132.0357525922793
2018-05-29,112.9,2018,5,29,113.19714285714288,112.86137320880434,111.65835076377722,121.8257852030555
2018-05-30,112.94,2018,5,30,113.37,112.88102990660325,111.74103781127546,109.48135341141474
2018-05-31,114.9,2018,5,31,113.24285714285713,113.38577242995243,111.94484182345124,95.54196812180761
2018-06-02,115.29,2018,6,2,113.34000000000002,113.86182932246432,112.16065848000278,43.30085016364044
2018-06-03,114.01,2018,6,3,113.71000000000001,113.89887199184824,112.27997083613164,30.086552316776622
2018-06-04,113.08,2018,6,4,113.8,113.69415399388618,112.33158562089734,18.747234758306696
2018-06-06,112.08,2018,6,6,113.79142857142858,113.29061549541463,112.31535429051688,3.5722658911174108
2018-06-07,107.94,2018,6,7,113.60000000000001,111.95296162156097,112.03307336854806,0.3998335394738453
2018-06-08,106.65,2018,6,8,112.89142857142858,110.62722121617074,111.6857783125127,0.3998335394738453
2018-06-09,98.82,2018,6,9,111.99285714285715,107.67541591212806,110.8557280988022,3.5722658911174023
2018-06-11,111.09,2018,6,11,109.69571428571427,108.52906193409603,110.87084241500852,18.747234758306696
2018-06-12,102.83,2018,6,12,109.09571428571428,107.10429645057202,110.35207838823379,30.0865523167766
2018-06-13,109.74,2018,6,13,107.49857142857142,107.76322233792902,110.31258945996065,43.30085016364041
2018-06-14,109.53,2018,6,14,107.02142857142857,108.20491675344675,110.26209981738255,57.81260007375387
2018-06-15,109.36,2018,6,15,106.65714285714286,108.49368756508507,110.20389982916433,72.98756894094316
2018-06-18,109.46,2018,6,18,106.86,108.7352656738138,110.1559062917989,115.88858556510976
2018-06-19,108.98,2018,6,19,107.26142857142857,108.79644925536036,110.08004136974736,127.22790312357962
2018-06-20,109.4,2018,6,20,108.71285714285715,108.94733694152026,110.03616773298948,136.196657804268
2018-06-21,109.18,2018,6,21,108.47142857142858,109.0055027061402,109.9809311050547,142.40287199076894
2018-06-22,109.72,2018,6,22,109.37857142857142,109.18412702960515,109.96409684021246,145.5753043424125
2018-06-25,109.65,2018,6,25,109.37571428571428,109.30059527220385,109.9438325279407,136.19665780426803
2018-06-26,110.17,2018,6,26,109.39285714285714,109.51794645415289,109.95842397775098,127.22790312357967
2018-06-27,110.33,2018,6,27,109.50857142857141,109.72095984061467,109.9823966243477,115.88858556510975
2018-06-28,109.3,2018,6,28,109.63285714285713,109.615719880461,109.9383710356801,102.674287718246
2018-06-29,108.68,2018,6,29,109.67857142857143,109.38178991034574,109.85718580757172,88.16253780813244
2018-07-02,115.8,2018,7,2,109.57571428571428,110.98634243275932,110.24059317482516,13.93938528960707
2018-07-03,114.08,2018,7,3,110.52142857142857,111.75975682456948,110.48829684096549,6.310106870568354
2018-07-05,114.24,2018,7,5,111.14428571428572,112.37981761842711,110.7303422060645,0.0
2018-07-06,110.41,2018,7,6,111.8,111.88736321382032,110.70967496696358,1.5949534979663815
2018-07-08,106.65,2018,7,8,111.83428571428571,110.57802241036524,110.44776045296592,13.939385289607094
2018-07-09,98.8,2018,7,9,111.30857142857143,107.63351680777393,109.69629203664554,24.14935267883086
2018-07-11,112.45,2018,7,11,109.80857142857143,108.83763760583044,109.87395061492649,50.433169760078634
2018-07-12,101.75,2018,7,12,110.34714285714286,107.06572820437283,109.34982476880221,65.35829052190448
2018-07-13,106.31,2018,7,13,108.34,106.87679615327963,109.15370704178272,80.61684735998183
2018-07-16,106.55,2018,7,16,107.23,106.79509711495972,108.98572594231288,121.82578520305547
2018-07-17,105.72,2018,7,17,106.13142857142857,106.52632283621978,108.77503394603463,132.03575259227924
2018-07-18,104.98,2018,7,18,105.46142857142857,106.13974212716484,108.53019304629046,139.66503101131798
2018-07-19,105.99,2018,7,19,105.22285714285715,106.10230659537363,108.36630962394915,144.38018438391998
2018-07-20,107.61,2018,7,20,106.25,106.47922994653022,108.31751545466211,145.97513788188635
2018-07-23,108.5,2018,7,23,105.55857142857144,106.98442245989767,108.32928865113553,132.0357525922793
2018-07-24,108.22,2018,7,24,106.52285714285715,107.29331684492325,108.32223777041712,121.8257852030555
2018-07-25,108.0,2018,7,25,106.79571428571428,107.46998763369244,108.30144823684182,109.48135341141474
2018-07-26,106.92,2018,7,26,107.00285714285714,107.33249072526934,108.21232254414235,95.54196812180761
2018-07-27,107.06,2018,7,27,107.17428571428572,107.264368043952,108.1379791541977,80.61684735998182
2018-07-30,107.9,2018,7,30,107.47142857142856,107.423276032964,108.1226256603785,36.49378447047154
2018-07-31,106.66,2018,7,31,107.74428571428572,107.232457024723,108.02826271454764,24.149352678830894
2018-08-01,115.25,2018,8,1,107.60857142857142,109.23684276854226,108.49418124909296,3.5722658911174108
2018-08-02,115.69,2018,8,2,108.57285714285715,110.8501320764067,108.95842762011924,0.3998335394738534
2018-08-03,113.47,2018,8,3,109.64,111.50509905730502,109.249496805918,0.3998335394738453
2018-08-05,113.26,2018,8,5,110.42142857142858,111.94382429297876,109.50823894747168,9.77848007761828
2018-08-06,110.61,2018,8,6,111.32714285714285,111.61036821973407,109.57932030569933,18.747234758306696
2018-08-08,105.67,2018,8,8,111.83428571428571,110.12527616480055,109.32710609242841,43.30085016364041
2018-08-10,109.19,2018,8,10,111.51571428571428,109.89145712360042,109.31826053807819,72.98756894094316
2018-08-11,112.69,2018,8,11,111.87714285714286,110.59109284270032,109.53579211626669,88.16253780813238
2018-08-13,104.65,2018,8,13,111.51142857142857,109.10581963202523,109.22057972166884,115.88858556510976
2018-08-14,104.28,2018,8,14,109.93428571428572,107.89936472401891,108.9018326428515,127.22790312357962
2018-08-15,102.36,2018,8,15,108.62142857142858,106.51452354301418,108.47977892395787,136.196657804268
2018-08-16,101.99,2018,8,16,107.06428571428572,105.38339265726063,108.06108350950898,142.40287199076894
2018-08-17,100.89,2018,8,17,105.83285714285715,104.26004449294547,107.5984329605084,145.5753043424125
2018-08-20,99.04,2018,8,20,105.15,102.95503336970911,107.04627599531432,136.19665780426809
2018-08-21,99.26,2018,8,21,103.7,102.03127502728184,106.54393560851986,127.22790312357967
2018-08-22,98.73,2018,8,22,101.78142857142858,101.20595627046139,106.03981073055084,115.88858556510975
2018-08-23,98.88,2018,8,23,100.93571428571428,100.62446720284603,105.57788745761208,102.674287718246
2018-08-24,100.78,2018,8,24,100.16428571428571,100.66335040213451,105.26834633131453,88.16253780813244
2018-08-27,101.31,2018,8,27,99.93857142857142,100.82501280160089,105.01296914864908,43.3008501636404
2018-08-28,99.66,2018,8,28,99.84142857142857,100.53375960120067,104.66761630034915,30.08655231677664
2018-08-29,99.95,2018,8,29,99.66571428571429,100.3878197009005,104.36325395839116,18.74723475830673
2018-08-30,99.04,2018,8,30,99.7957142857143,100.05086477567538,104.01981821914012,9.778480077618369
2018-08-31,98.63,2018,8,31,99.76428571428572,99.69564858175653,103.67208801145367,3.5722658911173784
2018-09-01,115.83,2018,9,1,99.75,103.7292364363174,104.45646943006956,1.5949534979663815
2018-09-02,115.35,2018,9,2,102.17142857142858,106.63442732723806,105.15927785393605,6.310106870568345
2018-09-03,113.71,2018,9,3,104.25285714285714,108.40332049542853,105.7109373472305,13.939385289607053
2018-09-04,113.28,2018,9,4,106.02428571428571,109.62249037157139,106.19926396998983,24.14935267883086
2018-09-05,112.36,2018,9,5,107.97,110.30686777867854,106.59673081063565,36.49378447047155
2018-09-07,109.26,2018,9,7,109.74285714285713,110.0451508340089,106.76855462930432,65.35829052190448
2018-09-08,105.61,2018,9,8,111.20285714285714,108.93636312550667,106.69380916934921,80.61684735998183
2018-09-10,110.02,2018,9,10,112.2,109.20727234413,106.90840212616538,109.48135341141472
2018-09-11,111.24,2018,9,11,111.36999999999999,109.71545425809751,107.18786005350955,121.82578520305547
2018-09-13,98.74,2018,9,13,110.78285714285714,106.97159069357313,106.64283682425088,139.66503101131798
2018-09-14,97.8,2018,9,14,108.64428571428572,104.67869302017985,106.07233122268632,144.38018438391998
2018-09-17,96.03,2018,9,17,106.43285714285715,102.51651976513489,105.42443888573882,139.66503101131798
2018-09-18,95.87,2018,9,18,104.10000000000001,100.85488982385117,104.80802347375568,132.0357525922793
2018-09-19,96.3,2018,9,19,102.18714285714286,99.71616736788837,104.25911873351339,121.8257852030555
2018-09-20,98.6,2018,9,20,100.85714285714286,99.43712552591629,103.89401429909317,109.48135341141486
2018-09-21,98.26,2018,9,21,99.22571428571429,99.14284414443722,103.5305295056033,95.54196812180774
2018-09-24,98.06,2018,9,24,97.37142857142858,98.87213310832792,103.17759211814503,50.433169760078684
2018-09-25,97.12,2018,9,25,97.27428571428572,98.43409983124593,102.786779723426,36.49378447047154
2018-09-26,97.56,2018,9,26,97.17714285714285,98.21557487343445,102.44956812836627,24.149352678830894
2018-09-27,98.52,2018,9,27,97.39571428571428,98.29168115507584,102.19604760395555,13.939385289607078
2018-09-28,100.83,2018,9,28,97.77428571428571,98.92626086630688,102.10791550047455,6.310106870568386
2018-10-01,115.18,2018,10,1,98.42142857142858,102.98969564973017,102.95127579076653,18.747234758306696
2018-10-04,112.34,2018,10,4,100.78999999999999,105.32727173729762,103.55699993329773,57.81260007375387
2018-10-05,112.65,2018,10,5,102.80142857142857,107.15795380297322,104.14364509889143,72.98756894094316
2018-10-07,109.46,2018,10,7,104.88571428571427,107.73346535222991,104.48663573767263,102.6742877182459
2018-10-08,105.22,2018,10,8,106.64857142857143,107.10509901417242,104.53394956104859,115.88858556510976
2018-10-09,98.36,2018,10,9,107.74285714285715,104.91882426062932,104.13563023452933,127.22790312357962
2018-10-10,109.63,2018,10,10,107.72,106.09661819547199,104.49010570326938,136.19665780426806
2018-10-12,101.92,2018,10,12,108.97714285714285,105.052463646604,104.32429243209072,145.5753043424125
2018-10-15,114.8,2018,10,15,107.08285714285715,107.489347734953,105.00014453324616,136.19665780426803
2018-10-16,114.05,2018,10,16,107.4342857142857,109.12951080121475,105.58400617626255,127.22790312357967
2018-10-17,116.93,2018,10,17,107.63428571428572,111.07963310091107,106.316005777794,115.88858556510975
2018-10-18,116.8,2018,10,18,108.70142857142856,112.5097248256833,106.9923925018073,102.674287718246
2018-10-19,115.98,2018,10,19,110.35571428571428,113.37729361926249,107.572238146852,88.16253780813244
2018-10-22,113.76,2018,10,22,112.87285714285714,113.47297021444686,107.9714485889906,43.3008501636404
2018-10-23,114.94,2018,10,23,113.46285714285715,113.83972766083515,108.42103255099121,30.08655231677664
2018-10-24,115.09,2018,10,24,115.32285714285715,114.15229574562636,108.8512885154434,18.74723475830673
2018-10-25,115.76,2018,10,25,115.36428571428573,114.55422180921977,109.29701183702771,9.778480077618305
2018-10-26,115.45,2018,10,26,115.60857142857142,114.77816635691482,109.693978815284,3.5722658911173784
2018-10-29,111.7,2018,10,29,115.39714285714285,114.00862476768611,109.82339953687858,3.5722658911173943
2018-10-30,111.23,2018,10,30,114.66857142857144,113.31396857576459,109.91414795385415,9.778480077618337
2018-10-31,110.81,2018,10,31,113.99000000000001,112.68797643182344,109.97194486005712,18.747234758306686
2018-11-01,114.31,2018,11,1,113.56857142857143,113.09348232386758,110.25181938521473,50.433169760078634
2018-11-04,112.75,2018,11,4,113.47857142857143,113.00761174290068,110.41299232810411,95.54196812180768
2018-11-05,111.34,2018,11,5,113.14428571428572,112.5907088071755,110.47279927467805,109.48135341141472
2018-11-06,110.64,2018,11,6,112.51285714285714,112.10303160538163,110.48358641824721,121.82578520305547
2018-11-07,107.41,2018,11,7,111.8257142857143,110.92977370403622,110.28529052029577,132.03575259227924
2018-11-09,98.25,2018,11,9,111.21285714285715,107.75983027802717,109.50882016414766,144.38018438391995
2018-11-10,110.07,2018,11,10,109.35857142857142,108.33737270852038,109.54502531484782,145.97513788188635
2018-11-12,100.06,2018,11,12,109.25285714285715,106.26802953139028,108.93308819776087,139.66503101131798
2018-11-13,107.66,2018,11,13,107.21714285714286,106.6160221485427,108.8509534753247,132.0357525922793
2018-11-14,109.67,2018,11,14,106.49,107.37951661140703,108.90379518659408,121.8257852030555
2018-11-15,108.42,2018,11,15,106.25142857142858,107.63963745855527,108.87258259391061,109.48135341141486
2018-11-16,109.45,2018,11,16,105.9342857142857,108.09222809391645,108.90983532978736,95.54196812180774
2018-11-19,109.51,2018,11,19,106.22571428571429,108.44667107043733,108.9485556310914,50.4331697600788
2018-11-20,108.97,2018,11,20,107.83428571428571,108.577503302828,108.94993913876293,36.49378447047165
2018-11-21,108.11,2018,11,21,107.67714285714285,108.46062747712101,108.89574951690726,24.149352678830894
2018-11-22,107.75,2018,11,22,108.82714285714285,108.28297060784075,108.82183019323583,13.939385289607078
2018-11-23,106.26,2018,11,23,108.84000000000002,107.77722795588056,108.6565508259303,6.310106870568386
2018-11-26,106.64,2018,11,26,108.35285714285715,107.49292096691042,108.52645077264447,1.5949534979663653
2018-11-27,108.79,2018,11,27,108.09857142857143,107.81719072518281,108.54345394860289,6.310106870568362
2018-11-28,108.42,2018,11,28,108.00428571428571,107.96789304388712,108.5354891777253,13.939385289607046
2018-11-29,107.66,2018,11,29,107.84857142857143,107.89091978291535,108.47900600496882,24.149352678830844
2018-11-30,104.4,2018,11,30,107.66142857142857,107.0181898371865,108.21584432722891,36.49378447047148
2018-12-01,114.1,2018,12,1,107.13142857142857,108.78864237788989,108.5954672738593,88.16253780813246
2018-12-02,115.0,2018,12,2,108.03857142857144,110.34148178341741,109.00866293361032,102.6742877182459
2018-12-03,113.22,2018,12,3,109.28714285714285,111.06111133756306,109.28036209918386,115.88858556510976
2018-12-04,112.49,2018,12,4,110.22714285714285,111.4183335031723,109.48743551213974,127.22790312357962
2018-12-06,110.72,2018,12,6,110.75571428571428,111.24375012737923,109.56695580167911,142.40287199076894
2018-12-07,107.26,2018,12,7,111.0842857142857,110.24781259553441,109.41811994350627,145.5753043424125
2018-12-09,99.85,2018,12,9,111.02714285714285,107.6483594466508,108.8008218826349,142.40287199076894
2018-12-10,112.75,2018,12,10,110.37714285714286,108.9237695849881,109.05560756762621,136.19665780426809
2018-12-11,108.63,2018,12,11,110.1842857142857,108.85032718874106,109.02814901487613,127.22790312357967
2018-12-12,100.38,2018,12,12,109.27428571428571,106.7327453915558,108.47020391714219,115.88858556510975
2018-12-13,100.64,2018,12,13,107.44000000000001,105.20955904366684,107.96502947087497,102.674287718246
2018-12-14,99.07,2018,12,14,105.74714285714286,103.67466928275013,107.39115660178626,88.16253780813244
2018-12-17,97.84,2018,12,17,104.08285714285715,102.21600196206259,106.77495295005812,43.3008501636404
2018-12-18,97.59,2018,12,18,102.73714285714286,101.05950147154695,106.18237534037696,30.08655231677664
2018-12-19,99.23,2018,12,19,102.41428571428571,100.60212610366023,105.73383499583653,18.74723475830673
2018-12-20,100.35,2018,12,20,100.48285714285714,100.53909457774517,105.38649080255675,9.778480077618369
2018-12-21,98.59,2018,12,21,99.3,100.05182093330887,104.94800752497245,3.5722658911174188
2018-12-24,99.74,2018,12,24,99.0442857142857,99.97386569998166,104.61200703949036,3.5722658911173943
2018-12-26,101.05,2018,12,26,98.91571428571429,100.24289927498624,104.3822001337168,18.747234758306686
2018-12-27,99.78,2018,12,27,99.19857142857143,100.12717445623969,104.08528399605765,30.08655231677659
2018-12-28,99.86,2018,12,28,99.47571428571429,100.06038084217977,103.81268502857006,43.300850163640334
2018-12-31,99.92,2018,12,31,99.8,100.02528563163483,103.56154405898491,88.16253780813237
2019-01-02,102.35,2019,1,2,99.89857142857143,100.60646422372614,103.48337992614718,132.0357525922793
2019-01-03,99.61,2019,1,3,100.1842857142857,100.35734816779461,103.23348444704091,139.66503101131798
2019-01-04,95.21,2019,1,4,100.33000000000001,99.07051112584595,102.7158402891673,144.38018438391998
2019-01-05,92.05,2019,1,5,99.68285714285715,97.31538334438447,102.02772156083394,145.97513788188635
2019-01-07,106.58,2019,1,7,98.39714285714285,99.63153750828835,102.32141694400595,139.665031011318
2019-01-08,96.85,2019,1,8,99.36857142857141,98.93615313121626,101.96842230245718,132.0357525922793
2019-01-10,100.33,2019,1,10,98.93857142857142,99.28461484841219,101.86271763778252,109.4813534114148
2019-01-11,102.74,2019,1,11,98.99714285714286,100.14846113630915,101.91931649986107,95.54196812180774
2019-01-14,100.6,2019,1,14,99.05285714285715,100.26134585223187,101.83419930632165,50.433169760078634
2019-01-15,99.96,2019,1,15,99.1942857142857,100.18600938917389,101.71328322204285,36.49378447047158
2019-01-16,100.87,2019,1,16,99.87285714285713,100.35700704188042,101.65887785287879,24.1493526788309
2019-01-17,100.93,2019,1,17,101.13285714285713,100.50025528141032,101.61185347527372,13.93938528960707
2019-01-18,102.34,2019,1,18,100.32571428571428,100.96019146105775,101.65883067041736,6.310106870568354
2019-01-21,102.27,2019,1,21,101.11,101.2876435957933,101.69826094974528,1.5949534979663815
2019-01-22,100.96,2019,1,22,101.38714285714286,101.20573269684498,101.65063121105204,6.310106870568345
2019-01-23,101.22,2019,1,23,101.13285714285713,101.20929952263373,101.6228485522745,13.939385289607094
2019-01-24,102.72,2019,1,24,101.22142857142856,101.5869746419753,101.6936325166439,24.14935267883091
2019-01-25,103.45,2019,1,25,101.61571428571429,102.05273098148147,101.80694654782818,36.49378447047161
2019-01-28,101.06,2019,1,28,101.98428571428572,101.8045482361111,101.7587564479683,80.61684735998183
2019-01-29,101.19,2019,1,29,102.00285714285714,101.65091117708333,101.72206248358326,95.54196812180768
2019-01-30,100.9,2019,1,30,101.83857142857143,101.4631833828125,101.66902619431983,109.48135341141472
2019-01-31,103.58,2019,1,31,101.64285714285714,101.99238753710937,101.79231482694436,121.82578520305547
2019-02-01,99.16,2019,2,1,102.01714285714286,101.28429065283203,101.6224880639157,142.40287199076894
2019-02-04,94.4,2019,2,4,101.72285714285714,99.56321798962401,101.15652109205017,142.40287199076894
2019-02-05,92.36,2019,2,5,100.53428571428572,97.762413492218,100.58900360224048,136.19665780426806
2019-02-07,105.15,2019,2,7,98.95000000000002,99.6093101191635,100.883261434354,115.88858556510975
2019-02-08,97.19,2019,2,8,99.53428571428572,99.00448258937261,100.64498650310536,102.67428771824594
2019-02-09,95.68,2019,2,9,98.96285714285715,98.17336194202946,100.3246647932276,88.16253780813246
2019-02-10,99.86,2019,2,10,98.21714285714286,98.59502145652209,100.29468641947098,72.98756894094319
2019-02-12,113.03,2019,2,12,97.6857142857143,102.20376609239156,101.11631955369867,43.30085016364044
2019-02-13,100.11,2019,2,13,99.66714285714286,101.68032456929367,101.05139571152456,30.086552316776622
2019-02-14,99.61,2019,2,14,100.48285714285714,101.16274342697025,100.9584024398133,18.747234758306696
2019-02-15,100.12,2019,2,15,101.51857142857143,100.9020575702277,100.90431195982535,9.77848007761832
2019-02-18,100.14,2019,2,18,100.8,100.71154317767076,100.85500151080436,0.3998335394738453
2019-02-19,99.37,2019,2,19,101.22142857142858,100.37615738325307,100.75919496172021,3.5722658911174023
2019-02-20,99.84,2019,2,20,101.74857142857142,100.24211803743981,100.69989206096407,9.77848007761828
2019-02-21,98.93,2019,2,21,101.74571428571429,99.91408852807986,100.58570547638575,18.747234758306654
2019-02-22,99.16,2019,2,22,99.73142857142857,99.72556639605989,100.49372447790925,30.08655231677655
2019-02-25,99.55,2019,2,25,99.59571428571428,99.68167479704492,100.43283902772157,72.98756894094316
2019-02-26,97.44,2019,2,26,99.58714285714287,99.12125609778369,100.23975263883631,88.16253780813246
2019-02-27,99.01,2019,2,27,99.2042857142857,99.09344207333777,100.16041375891139,102.6742877182459
2019-02-28,98.68,2019,2,28,99.04285714285713,98.99008155500333,100.06490319382033,115.88858556510976
2019-03-01,100.93,2019,3,1,98.94428571428571,99.4750611662525,100.12071589099322,144.38018438391998
2019-03-04,97.24,2019,3,4,99.1,98.91629587468938,99.93486325286463,121.82578520305546
2019-03-05,91.4,2019,3,5,98.85857142857142,97.03722190601704,99.38422691397014,109.4813534114148
2019-03-06,103.07,2019,3,6,97.75,98.54541642951277,99.62201872597208,95.5419681218077
2019-03-07,107.46,2019,3,7,98.25285714285714,100.77406232213457,100.1276949371997,80.6168473599819
2019-03-09,94.75,2019,3,9,99.6842857142857,99.26804674160093,99.78074687673521,50.433169760078634
2019-03-10,100.96,2019,3,10,99.07571428571428,99.69103505620069,99.85682772339746,36.49378447047164
2019-03-12,114.48,2019,3,12,99.40142857142857,103.38827629215052,100.8002581928557,13.93938528960707
2019-03-13,98.2,2019,3,13,101.33714285714287,102.09120721911289,100.63249959976824,6.310106870568354
2019-03-14,97.5,2019,3,14,101.47428571428573,100.94340541433466,100.43040285139611,1.5949534979663815
2019-03-15,97.68,2019,3,15,102.3457142857143,100.127554060751,100.25295750614475,0.0
2019-03-18,97.3,2019,3,18,101.57571428571428,99.42066554556325,100.06244411865156,13.939385289607053
2019-03-19,97.52,2019,3,19,100.1242857142857,98.94549915917244,99.89841546583534,24.14935267883086
2019-03-20,96.55,2019,3,20,100.52,98.34662436937934,99.68238866158791,36.49378447047155
2019-03-21,96.79,2019,3,21,99.89,97.95746827703451,99.49578294148547,50.433169760078634
2019-03-22,96.23,2019,3,22,97.36285714285714,97.52560120777588,99.28508726784125,65.35829052190441
2019-03-25,96.66,2019,3,25,97.08142857142856,97.30920090583191,99.11572679894827,109.48135341141483
2019-03-26,97.41,2019,3,26,96.96142857142857,97.33440067937394,99.00567990869355,121.82578520305547
2019-03-27,96.37,2019,3,27,96.92285714285715,97.09330050953045,98.83563604361656,132.03575259227924
2019-03-28,96.46,2019,3,28,96.79,96.93497538214784,98.68236920209291,139.66503101131798
2019-03-29,96.77,2019,3,29,96.63857142857141,96.89373153661087,98.55899054389339,144.38018438391998
2019-04-01,100.43,2019,4,1,96.67,97.77779865245816,98.67970083138415,127.2279031235797
2019-04-02,103.56,2019,4,2,97.19000000000001,99.22334898934362,98.9945588422626,115.88858556510975
2019-04-03,97.58,2019,4,3,98.23714285714287,98.81251174200771,98.90329698147147,102.67428771824594
2019-04-04,97.23,2019,4,4,98.36857142857141,98.4168838065058,98.79534233750559,88.16253780813246
2019-04-06,104.08,2019,4,6,98.34285714285714,99.83266285487935,99.1362879931504,57.81260007375393
2019-04-07,107.87,2019,4,7,99.44428571428571,101.84199714115951,99.69975328391489,43.30085016364044
2019-04-09,95.42,2019,4,9,101.07428571428572,100.23649785586964,99.42364016882361,18.747234758306696
2019-04-10,98.7,2019,4,10,100.88142857142857,99.85237339190223,99.37695370631887,9.77848007761832
2019-04-11,102.63,2019,4,11,100.63428571428572,100.54678004392667,99.58682766074992,3.5722658911174108
2019-04-12,111.8,2019,4,12,100.50142857142859,103.36008503294501,100.37477426328219,0.3998335394738453
2019-04-15,94.63,2019,4,15,102.53285714285714,101.17756377470876,100.00414366565109,9.77848007761828
2019-04-16,93.99,2019,4,16,102.16142857142857,99.38067283103157,99.61613439689941,18.747234758306696
2019-04-17,91.79,2019,4,17,100.72,97.48300462327369,99.11122250032525,30.08655231677655
2019-04-18,93.29,2019,4,18,98.42285714285713,96.43475346745527,98.73565975836878,43.30085016364041
2019-04-23,93.37,2019,4,23,98.11857142857143,95.66856510059145,98.38948816105469,115.88858556510976
2019-04-24,92.85,2019,4,24,97.35714285714286,94.9639238254436,98.03210182808341,127.22790312357962
2019-04-25,93.35,2019,4,25,95.96,94.56044286908269,97.73003074240061,136.19665780426806
2019-04-26,94.05,2019,4,26,93.32428571428571,94.43283215181202,97.49260940418122,142.40287199076894
2019-04-29,93.3,2019,4,29,93.24142857142859,94.14962411385902,97.22211847487921,142.40287199076894
2019-04-30,93.81,2019,4,30,93.14285714285714,94.06471808539426,97.00198179908055,136.19665780426809
2019-05-02,103.84,2019,5,2,93.43142857142857,96.5085385640457,97.44314426365601,80.6168473599819
2019-05-03,99.18,2019,5,3,94.93857142857142,97.17640392303427,97.55519947245241,65.35829052190446
2019-05-04,95.65,2019,5,4,95.76857142857143,96.79480294227571,97.43228337745549,50.433169760078634
2019-05-06,99.92,2019,5,6,96.16857142857144,97.57610220670678,97.59278122407127,24.1493526788309
2019-05-07,105.96,2019,5,7,97.10714285714286,99.67207665503008,98.13260179026022,13.93938528960707
2019-05-08,95.99,2019,5,8,98.80857142857144,98.75155749127256,97.99436941669505,6.310106870568354
2019-05-09,94.01,2019,5,9,99.19285714285715,97.56616811845441,97.73731332529537,1.5949534979663815
2019-05-11,104.54,2019,5,11,99.22142857142858,99.30962608884082,98.17619633656665,1.5949534979663815
2019-05-12,114.32,2019,5,12,99.32142857142857,103.06221956663062,99.21773205678817,6.310106870568345
2019-05-13,90.83,2019,5,13,101.48428571428572,100.00416467497296,98.67658805312442,13.939385289607094
2019-05-14,92.3,2019,5,14,100.79571428571428,98.07812350622972,98.26519527550349,24.14935267883086
2019-05-15,92.5,2019,5,15,99.70714285714287,96.68359262967229,97.89324719321294,36.49378447047161
2019-05-16,91.87,2019,5,16,97.78428571428572,95.48019447225423,97.50465060010244,50.433169760078634
2019-05-17,89.84,2019,5,17,97.19571428571429,94.07014585419068,97.01015701299906,65.35829052190448
2019-05-20,91.04,2019,5,20,96.60000000000001,93.31260939064302,96.62498559280557,109.48135341141472
2019-05-21,93.64,2019,5,21,94.67142857142858,93.39445704298225,96.43240587714071,121.82578520305547
2019-05-22,93.19,2019,5,22,91.71714285714286,93.34334278223669,96.22321840119615,132.03575259227924
2019-05-23,94.09,2019,5,23,92.05428571428573,93.53000708667753,96.0855914075706,139.66503101131798
2019-05-24,94.3,2019,5,24,92.30999999999999,93.72250531500815,95.97039196192088,144.38018438391998
2019-05-27,94.39,2019,5,27,92.56714285714285,93.8893789862561,95.86843119018405,139.66503101131798
2019-05-28,96.48,2019,5,28,92.92714285714285,94.53703423969208,95.90788724243025,132.0357525922793
2019-05-29,98.81,2019,5,29,93.8757142857143,95.60527567976906,96.09512032356379,121.8257852030555
2019-05-30,101.17,2019,5,30,94.98571428571428,96.9964567598268,96.42253191559195,109.48135341141474
2019-05-31,103.25,2019,5,31,96.06142857142858,98.5598425698701,96.86301372748925,95.54196812180761
2019-06-02,104.38,2019,6,2,97.49857142857142,100.01488192740257,97.34798058378027,43.30085016364044
2019-06-03,98.68,2019,6,3,98.96857142857142,99.68116144555192,97.43391732031057,30.086552316776622
2019-06-05,91.01,2019,6,5,99.5942857142857,97.51337108416394,97.01947104158087,9.77848007761832
2019-06-06,101.19,2019,6,6,99.11142857142856,98.43252831312294,97.28853742599502,3.5722658911174108
2019-06-08,97.15,2019,6,8,99.78428571428572,98.11189623484222,97.27959952754372,0.3998335394738453
2019-06-09,95.35,2019,6,9,99.54714285714286,97.42142217613167,97.15510923544414,3.5722658911174023
2019-06-11,105.75,2019,6,11,98.7157142857143,99.50356663209875,97.7096183170284,18.747234758306696
2019-06-12,114.66,2019,6,12,99.07285714285715,103.29267497407406,98.80319132883302,30.0865523167766
2019-06-13,97.75,2019,6,13,100.54142857142858,101.90700623055554,98.7352435011664,43.30085016364041
2019-06-14,96.55,2019,6,14,100.40857142857143,100.56775467291665,98.59426004947825,57.81260007375387
2019-06-17,96.44,2019,6,17,101.2,99.53581600468749,98.45527553015708,102.6742877182459
2019-06-18,95.17,2019,6,18,100.52142857142857,98.44436200351562,98.24332227014695,115.88858556510976
2019-06-19,96.02,2019,6,19,100.23857142857142,97.83827150263672,98.09988212368586,127.22790312357962
2019-06-20,99.02,2019,6,20,100.3342857142857,98.13370362697754,98.15924456731904,136.196657804268
2019-06-21,98.47,2019,6,21,99.37285714285713,98.21777772023316,98.17929330491137,142.40287199076894
2019-06-24,100.65,2019,6,24,97.05999999999999,98.82583329017487,98.33869373685258,142.40287199076894
2019-06-25,104.11,2019,6,25,97.4742857142857,100.14687496763116,98.71103607641048,136.19665780426803
2019-06-26,103.0,2019,6,26,98.55428571428571,100.86015622572337,98.98774342631948,127.22790312357967
2019-06-27,103.06,2019,6,27,99.49142857142856,101.41011716929253,99.25046965687953,115.88858556510975
2019-06-28,105.25,2019,6,28,100.61857142857143,102.3700878769694,99.63753613062924,102.674287718246
2019-07-01,101.39,2019,7,1,101.93714285714286,102.12506590772705,99.75059831574995,24.1493526788309
2019-07-02,103.41,2019,7,2,102.2757142857143,102.44629943079528,99.9866887469919,13.93938528960707
2019-07-03,97.25,2019,7,3,102.98142857142857,101.14722457309645,99.81012818266986,6.310106870568354
2019-07-05,89.31,2019,7,5,102.49571428571429,98.18791842982235,99.1327005579815,0.0
2019-07-06,100.72,2019,7,6,100.38142857142859,98.82093882236677,99.23510697359559,1.5949534979663815
2019-07-08,96.79,2019,7,8,100.05571428571429,98.31320411677508,99.07735813658944,13.939385289607094
2019-07-10,97.0,2019,7,10,99.16,97.98490308758132,98.94333503100302,36.49378447047161
2019-07-11,106.99,2019,7,11,97.98142857142857,100.23617731568599,99.46247470642219,50.433169760078634
2019-07-15,105.53,2019,7,15,98.78142857142858,101.55963298676448,99.85392795116915,109.48135341141483
2019-07-16,102.66,2019,7,16,99.08428571428571,101.83472474007337,100.03496485754535,121.82578520305547
2019-07-17,103.93,2019,7,17,99.85714285714286,102.35854355505502,100.28625744738113,132.03575259227924
2019-07-18,104.51,2019,7,18,101.94571428571429,102.89640766629127,100.55875696690494,139.66503101131798
2019-07-19,103.86,2019,7,19,102.48714285714287,103.13730574971845,100.77174038839495,144.38018438391998
2019-07-22,102.61,2019,7,22,103.49714285714286,103.00547931228884,100.89033778269206,139.66503101131798
2019-07-23,100.53,2019,7,23,104.29857142857142,102.38660948421662,100.8670901838087,132.0357525922793
2019-07-24,99.54,2019,7,24,103.37571428571428,101.67495711316248,100.78147146227266,121.8257852030555
2019-07-25,99.39,2019,7,25,102.52,101.10371783487186,100.69169910986797,109.48135341141474
2019-07-26,99.08,2019,7,26,102.05285714285715,100.59778837615389,100.58771852213455,95.54196812180761
2019-07-29,99.98,2019,7,29,101.36,100.44334128211543,100.54851087554523,50.433169760078684
2019-07-30,98.65,2019,7,30,100.71285714285715,99.99500596158657,100.42602630292942,36.49378447047154
2019-07-31,98.57,2019,7,31,99.96857142857142,99.63875447118993,100.30628267048236,24.149352678830894
2019-08-01,102.73,2019,8,1,99.39142857142858,100.41156585339245,100.46265153045124,3.5722658911174108
2019-08-02,102.35,2019,8,2,99.70571428571428,100.89617439004434,100.58441594784149,0.3998335394738534
2019-08-03,98.44,2019,8,3,100.10714285714286,100.28213079253325,100.44606653185171,0.3998335394738453
2019-08-04,95.29,2019,8,4,99.97142857142858,99.03409809439994,100.11341707818386,3.5722658911174023
2019-08-05,89.4,2019,8,5,99.42999999999999,96.62557357079996,99.42222887959136,9.77848007761828
2019-08-07,103.57,2019,8,7,97.91857142857143,98.36168017809997,99.68982701639193,30.08655231677655
2019-08-08,97.43,2019,8,8,98.62142857142858,98.12876013357499,99.5440317250118,43.30085016364041
2019-08-10,96.2,2019,8,10,98.45857142857142,97.64657010018124,99.32828774275298,72.98756894094316
2019-08-11,107.32,2019,8,11,97.5257142857143,100.06492757513593,99.8438820819302,88.16253780813238
2019-08-13,96.8,2019,8,13,98.23571428571428,99.24869568135195,99.64750259277342,115.88858556510976
2019-08-14,96.34,2019,8,14,98.00142857142858,98.52152176101396,99.43411532872354,127.22790312357962
2019-08-15,96.69,2019,8,15,98.15142857142857,98.06364132076047,99.25707563009621,136.196657804268
2019-08-16,95.01,2019,8,16,99.19285714285715,97.30023099057036,98.98307075073517,142.40287199076894
2019-08-19,94.29,2019,8,19,97.97,96.54767324292777,98.68029199262322,142.40287199076897
2019-08-20,94.62,2019,8,20,97.52142857142859,96.06575493219583,98.41833767051851,136.19665780426809
2019-08-21,95.72,2019,8,21,97.29571428571428,95.97931619914687,98.24425136919474,127.22790312357967
2019-08-22,96.03,2019,8,22,95.63857142857144,95.99198714936014,98.10139644214993,115.88858556510975
2019-08-23,95.1,2019,8,23,95.52857142857144,95.7689903620201,97.90775796201123,102.674287718246
2019-08-26,96.02,2019,8,26,95.35142857142857,95.83174277151508,97.78596712575244,57.81260007375398
2019-08-27,96.05,2019,8,27,95.25571428571428,95.8863070786363,97.67396924667165,43.3008501636404
2019-08-28,96.62,2019,8,28,95.40428571428572,96.06973030897723,97.60597123075735,30.08655231677664
2019-08-29,94.86,2019,8,29,95.73714285714286,95.76729773173292,97.42881179651495,18.74723475830673
2019-08-30,95.95,2019,8,30,95.77142857142857,95.81297329879969,97.33340458383657,9.778480077618369
2019-09-01,102.83,2019,9,1,95.80428571428571,97.56722997409976,97.6880236429439,1.5949534979663815
2019-09-04,95.76,2019,9,4,96.77571428571427,97.11542248057482,97.5636350208185,24.14935267883086
2019-09-05,91.35,2019,9,5,96.87,95.67406686043111,97.16275534205602,36.49378447047155
2019-09-07,103.94,2019,9,7,96.20285714285716,97.74055014532333,97.59999693289112,65.35829052190448
2019-09-08,97.04,2019,9,8,97.33,97.5654126089925,97.56386809851105,80.61684735998183
2019-09-09,96.23,2019,9,9,97.39,97.23155945674438,97.4778120921555,95.54196812180768
2019-09-10,96.18,2019,9,10,97.58571428571427,96.96866959255829,97.39408227975838,109.48135341141472
2019-09-12,117.1,2019,9,12,97.61857142857143,102.00150219441872,98.66543181009655,132.03575259227924
2019-09-13,99.03,2019,9,13,99.65714285714286,101.25862664581405,98.68895233847742,139.66503101131798
2019-09-16,100.29,2019,9,16,100.12428571428572,101.01646998436054,98.79224573599501,144.38018438391998
2019-09-17,97.76,2019,9,17,101.40142857142857,100.2023524882704,98.72564923689856,139.66503101131798
2019-09-18,97.87,2019,9,18,100.51857142857145,99.6192643662028,98.67044606032447,132.0357525922793
2019-09-19,97.09,2019,9,19,100.63714285714286,98.9869482746521,98.56848179836805,121.8257852030555
2019-09-20,97.33,2019,9,20,100.75999999999999,98.57271120598907,98.48857974686045,109.48135341141486
2019-09-23,98.1,2019,9,23,100.92428571428572,98.4545334044918,98.46351008577268,65.35829052190458
2019-09-24,98.17,2019,9,24,98.21000000000001,98.38340005336885,98.4445739512067,50.433169760078684
2019-09-25,98.92,2019,9,25,98.08714285714287,98.51755004002663,98.47524659951596,36.49378447047154
2019-09-26,99.13,2019,9,26,97.89142857142858,98.67066253001997,98.5174887543859,24.149352678830894
2019-09-27,99.46,2019,9,27,98.08714285714287,98.86799689751497,98.5782959315223,13.939385289607078
2019-09-30,99.56,2019,9,30,98.31428571428572,99.04099767313623,98.64163167787571,0.0
2019-10-01,102.47,2019,10,1,98.66714285714286,99.89824825485218,98.88862318252889,18.747234758306696
2019-10-04,96.3,2019,10,4,99.40142857142857,98.99868619113913,98.72161523526897,57.81260007375387
2019-10-05,91.92,2019,10,5,99.14428571428572,97.22901464335435,98.2828013491226,72.98756894094316
2019-10-06,98.65,2019,10,6,98.25142857142858,97.58426098251576,98.30649158466308,88.16253780813246
2019-10-07,103.12,2019,10,7,98.21285714285715,98.96819573688683,98.61704051468482,102.6742877182459
2019-10-09,98.62,2019,10,9,98.78285714285714,98.88114680266511,98.61723144922128,127.22790312357962
2019-10-10,95.0,2019,10,10,98.66285714285713,97.91086010199884,98.38386167830377,136.19665780426806
2019-10-12,120.6,2019,10,12,98.01142857142857,103.58314507649914,99.81716092486482,145.5753043424125
2019-10-14,95.61,2019,10,14,100.60142857142857,101.58985880737436,99.54573118777678,142.40287199076894
2019-10-15,95.26,2019,10,15,100.50285714285714,100.00739410553076,99.2692324014686,136.19665780426803
2019-10-16,94.26,2019,10,16,100.98,98.57054557914807,98.94605611750289,127.22790312357967
2019-10-17,93.63,2019,10,17,100.35285714285715,97.33540918436105,98.60308475508336,115.88858556510975
2019-10-18,95.39,2019,10,18,98.99714285714286,96.84905688827078,98.39578896443282,102.674287718246
2019-10-21,96.0,2019,10,21,98.53571428571429,96.63679266620309,98.24122193446942,57.81260007375398
2019-10-22,97.97,2019,10,22,98.67857142857143,96.97009449965233,98.22372374514882,43.3008501636404
2019-10-23,97.35,2019,10,23,95.44571428571429,97.06507087473926,98.16735447126825,30.08655231677664
2019-10-24,96.38,2019,10,24,95.69428571428571,96.89380315605445,98.05204127957353,18.74723475830673
2019-10-25,98.62,2019,10,25,95.85428571428572,97.32535236704084,98.08868377766557,9.778480077618305
2019-10-28,99.57,2019,10,28,96.47714285714287,97.88651427528062,98.18425256620327,0.3998335394738372
2019-10-29,98.78,2019,10,29,97.32571428571428,98.10988570646046,98.22268788451274,3.5722658911173943
2019-10-30,99.52,2019,10,30,97.81000000000002,98.46241427984535,98.30638544035064,9.778480077618337
2019-10-31,101.56,2019,10,31,98.31285714285715,99.23681070988401,98.51629605710221,18.747234758306686
2019-11-01,102.25,2019,11,1,98.82571428571428,99.990108032413,98.75718018245045,50.433169760078634
2019-11-02,100.73,2019,11,2,99.52571428571427,100.17508102430976,98.88445888035689,65.35829052190441
2019-11-03,98.01,2019,11,3,100.14714285714285,99.63381076823232,98.82804217839839,80.61684735998183
2019-11-04,93.48,2019,11,4,100.05999999999999,98.09535807617425,98.48300719914688,95.54196812180768
2019-11-06,97.41,2019,11,6,99.19000000000001,97.9240185571307,98.41378092823419,121.82578520305547
2019-11-07,103.48,2019,11,7,98.99428571428571,99.31301391784802,98.74063377157393,132.03575259227924
2019-11-09,99.96,2019,11,9,99.55999999999999,99.47476043838601,98.81930256050465,144.38018438391995
2019-11-10,94.81,2019,11,10,99.33142857142857,98.30857032878951,98.56063787918177,145.97513788188635
2019-11-11,105.46,2019,11,11,98.26857142857143,100.09642774659213,99.00575801600876,144.38018438391998
2019-11-12,121.14,2019,11,12,98.94428571428571,105.3573208099441,100.43377362787916,139.66503101131798
2019-11-13,107.2,2019,11,13,102.24857142857142,105.81799060745807,100.8703043615644,132.0357525922793
2019-11-14,107.33,2019,11,14,104.20857142857143,106.19599295559355,101.28705891888282,121.8257852030555
2019-11-15,106.18,2019,11,15,105.62571428571428,106.19199471669516,101.6027325370194,109.48135341141486
2019-11-18,105.5,2019,11,18,106.01142857142858,106.01899603752138,101.8541691475343,65.35829052190458
2019-11-19,103.25,2019,11,19,106.80285714285715,105.32674702814103,101.94422275091918,50.4331697600788
2019-11-20,106.64,2019,11,20,108.00857142857144,105.65506027110577,102.24717612182762,36.49378447047165
2019-11-21,110.04,2019,11,21,108.17714285714285,106.75129520332933,102.74993895267745,24.149352678830894
2019-11-22,109.51,2019,11,22,106.59142857142857,107.440971402497,103.18607192347245,13.939385289607078
2019-11-25,111.86,2019,11,25,106.92142857142856,108.54572855187276,103.74568018647425,0.0
2019-11-26,110.11,2019,11,26,107.56857142857143,108.93679641390457,104.15628146476624,1.5949534979663653
2019-11-27,111.13,2019,11,27,108.13,109.48509731042843,104.60619878962004,6.310106870568362
2019-11-28,110.87,2019,11,28,108.9342857142857,109.83132298282132,105.01031499674133,13.939385289607046
2019-11-29,111.77,2019,11,29,110.02285714285713,110.31599223711598,105.44642370662899,24.149352678830844
2019-12-02,100.82,2019,12,2,110.75571428571428,107.94199417783697,105.14794475781422,102.6742877182459
2019-12-03,97.29,2019,12,3,109.43857142857144,105.27899563337773,104.64098057989072,115.88858556510976
2019-12-04,93.45,2019,12,4,107.69285714285715,102.3217467250333,103.91898183280101,127.22790312357962
2019-12-06,98.86,2019,12,6,105.06285714285715,101.45631004377498,103.59259590810417,142.40287199076894
2019-12-07,103.22,2019,12,7,103.4557142857143,101.89723253283123,103.56855746242003,145.5753043424125
2019-12-08,94.93,2019,12,8,102.32571428571428,100.15542439962341,103.01123117452197,145.57530434241252
2019-12-09,99.71,2019,12,9,100.04857142857144,100.04406829971755,102.7982485181012,142.40287199076894
2019-12-11,105.08,2019,12,11,98.32571428571428,101.30305122478816,102.94545829112694,127.22790312357967
2019-12-12,122.06,2019,12,12,98.9342857142857,106.49228841859112,104.17865453040908,115.88858556510975
2019-12-13,118.75,2019,12,13,102.47285714285715,109.55671631394334,105.11874133489881,102.674287718246
2019-12-16,123.69,2019,12,16,106.08714285714287,113.0900372354575,106.31688705522794,57.81260007375398
2019-12-17,120.19,2019,12,17,109.63428571428571,114.86502792659313,107.21192660005194,43.3008501636404
2019-12-18,119.87,2019,12,18,112.05857142857144,116.11627094494484,108.0285764968228,30.08655231677664
2019-12-19,115.64,2019,12,19,115.62142857142858,115.99720320870863,108.51963607767294,18.74723475830673
2019-12-20,117.76,2019,12,20,117.89714285714287,116.43790240653146,109.11578858879082,9.778480077618369
2019-12-23,114.18,2019,12,23,119.70857142857143,115.8734268048986,109.44251190564304,0.3998335394738372
2019-12-24,116.75,2019,12,24,118.58285714285714,116.09257010367395,109.91396275044028,3.5722658911173943
2019-12-26,115.06,2019,12,26,118.29714285714284,115.83442757775546,110.24596515363768,18.747234758306686
2019-12-27,118.56,2019,12,27,117.06428571428572,116.51582068331659,110.7823544985643,30.08655231677659
2019-12-30,118.25,2019,12,30,116.83142857142856,116.94936551248745,111.26413807930209,72.98756894094315
2019-12-31,116.97,2019,12,31,116.6,116.95452413436558,111.63225820321809,88.16253780813237
2020-01-04,108.83,2020,1,4,116.78999999999999,114.92339310077419,111.45146735139757,144.38018438391998
2020-01-05,104.89,2020,1,5,115.51428571428572,112.41504482558064,111.02814687711385,145.97513788188635
2020-01-06,99.68,2020,1,6,114.18714285714286,109.23128361918548,110.29600836891298,144.38018438391998
2020-01-07,102.44,2020,1,7,111.74857142857142,107.5334627143891,109.7891691193057,139.665031011318
2020-01-09,123.29,2020,1,9,109.94571428571429,111.47259703579184,110.66019046644728,121.82578520305546
2020-01-10,106.27,2020,1,10,110.62142857142858,110.17194777684387,110.37695237183779,109.4813534114148
2020-01-12,112.26,2020,1,12,108.91,110.6939608326329,110.4984393155902,80.6168473599819
2020-01-13,107.14,2020,1,13,108.23714285714287,109.80547062447467,110.28176581135858,65.35829052190446
2020-01-14,107.38,2020,1,14,107.99571428571429,109.199102968356,110.09455511385158,50.433169760078634
2020-01-15,107.27,2020,1,15,108.35142857142857,108.716827226267,109.91232575166762,36.49378447047158
2020-01-16,106.21,2020,1,16,109.4357142857143,108.09012041970024,109.67346602575358,24.1493526788309
2020-01-17,105.79,2020,1,17,109.9742857142857,107.51509031477518,109.42291983054369,13.93938528960707
2020-01-20,105.41,2020,1,20,107.47428571428573,106.98881773608139,109.16402177696023,0.0
2020-01-21,105.31,2020,1,21,107.35142857142857,106.56911330206104,108.91537521070474,1.5949534979663815
2020-01-22,105.14,2020,1,22,106.35857142857142,106.21183497654577,108.67180261646573,6.310106870568345
2020-01-23,106.56,2020,1,23,106.07285714285715,106.29887623240933,108.53555728637117,13.939385289607094
2020-01-24,104.58,2020,1,24,105.95571428571428,105.86915717430699,108.28036004208917,24.14935267883091
2020-01-27,102.8,2020,1,27,105.57142857142857,105.10186788073024,107.92678842647051,65.35829052190448
2020-01-28,102.11,2020,1,28,105.08428571428571,104.35390091054768,107.551511753795,80.61684735998183
2020-01-29,99.78,2020,1,29,104.55857142857143,103.21042568291077,107.05012389871146,95.54196812180768
2020-01-30,100.03,2020,1,30,103.75428571428571,102.41531926218306,106.59721267943976,109.48135341141472
2020-01-31,101.1,2020,1,31,103.0,102.0864894466373,106.24255379689527,121.82578520305547
2020-02-01,115.18,2020,2,1,102.42285714285713,105.35986708497798,106.81916322935365,142.40287199076894
2020-02-03,109.0,2020,2,3,103.65428571428572,106.26990031373349,106.95986237584697,145.57530434241252
2020-02-04,111.17,2020,2,4,104.28571428571429,107.49492523530012,107.23148415805039,142.40287199076894
2020-02-06,99.92,2020,2,6,105.48142857142857,105.60119392647509,106.75977550269232,127.22790312357968
2020-02-07,102.1,2020,2,7,105.16857142857144,104.72589544485632,106.45914482509929,115.88858556510975
2020-02-09,122.79,2020,2,9,105.5,109.24192158364225,107.5127483847703,88.16253780813246
2020-02-10,107.34,2020,2,10,108.75142857142859,108.76644118773169,107.50160332768836,72.98756894094319
2020-02-11,103.78,2020,2,11,109.64285714285714,107.51983089079877,107.26149988719234,57.81260007375393
2020-02-12,112.05,2020,2,12,108.01428571428572,108.65237316809909,107.57043537834123,43.30085016364044
2020-02-13,101.73,2020,2,13,108.45,106.92177987607432,107.19363309586761,30.086552316776622
2020-02-14,104.07,2020,2,14,107.10142857142857,106.20883490705575,106.99210838000519,18.747234758306696
2020-02-17,104.3,2020,2,17,107.6942857142857,105.73162618029181,106.81842396839197,0.3998335394738534
2020-02-18,103.78,2020,2,18,108.00857142857144,105.24371963521887,106.62239661559249,0.3998335394738453
2020-02-19,104.83,2020,2,19,105.29285714285713,105.14028972641414,106.50675812426395,3.5722658911174023
2020-02-20,102.49,2020,2,20,104.93428571428572,104.4777172948106,106.24761243882757,9.77848007761828
2020-02-21,105.83,2020,2,21,104.75,104.81578797110795,106.2206697008387,18.747234758306654
2020-02-24,103.57,2020,2,24,103.86142857142856,104.50434097833096,106.0496587523975,57.81260007375387
2020-02-25,104.69,2020,2,25,104.12428571428572,104.55075573374822,105.961938832888,72.98756894094316
2020-02-26,105.64,2020,2,26,104.21285714285715,104.82306680031115,105.9411685856049,88.16253780813246
2020-02-27,105.76,2020,2,27,104.4042857142857,105.05730010023336,105.92948028975943,102.6742877182459
2020-02-28,106.34,2020,2,28,104.68714285714285,105.37797507517502,105.9559654323556,115.88858556510976
2020-03-01,114.89,2020,3,1,104.90285714285713,107.75598130638126,106.5323547593004,144.38018438391998
2020-03-02,97.77,2020,3,2,106.6742857142857,105.25948597978594,105.96704154902297,139.665031011318
2020-03-03,112.05,2020,3,3,105.52285714285713,106.95711448483945,106.35949048134408,132.0357525922793
2020-03-04,108.83,2020,3,4,106.73428571428572,107.42533586362958,106.51887819222512,121.82578520305546
2020-03-06,100.46,2020,3,6,107.32571428571428,105.68400189772218,106.1279828249848,95.5419681218077
2020-03-07,102.11,2020,3,7,106.58571428571429,104.79050142329164,105.86875812659869,80.6168473599819
2020-03-08,113.62,2020,3,8,106.06428571428572,106.99787606746874,106.3688382474633,65.35829052190451
2020-03-09,122.76,2020,3,9,107.10428571428572,110.93840705060155,107.42633255407858,50.433169760078634
2020-03-11,104.72,2020,3,11,108.22857142857143,109.38380528795116,107.25173045381545,24.1493526788309
2020-03-12,112.83,2020,3,12,109.22142857142858,110.24535396596336,107.61161881163382,13.93938528960707
2020-03-13,104.95,2020,3,13,109.33285714285714,108.92151547447251,107.43990146894777,6.310106870568354
2020-03-16,103.79,2020,3,16,108.77857142857144,107.63863660585439,107.20442395482212,1.5949534979663815
2020-03-17,103.22,2020,3,17,109.25428571428571,106.5339774543908,106.9473643448336,6.310106870568345
2020-03-18,105.69,2020,3,18,109.41285714285713,106.3229830907931,106.86624406452175,13.939385289607053
2020-03-19,107.61,2020,3,19,108.28,106.64473731809483,106.91422831842358,24.14935267883086
2020-03-20,111.28,2020,3,20,106.11571428571428,107.80355298857111,107.19589100755755,36.49378447047155
2020-03-23,112.13,2020,3,23,107.05285714285715,108.88516474142833,107.5142206199732,80.61684735998183
2020-03-24,115.15,2020,3,24,106.95285714285716,110.45137355607125,108.00685154771688,95.54196812180768
2020-03-25,117.41,2020,3,25,108.41,112.19103016705344,108.61350628657387,109.48135341141483
2020-03-26,114.63,2020,3,26,110.35571428571428,112.80077262529008,109.00166717131104,121.82578520305547
2020-03-27,109.3,2020,3,27,111.98571428571428,111.92557946896757,109.0209144505813,132.03575259227924
2020-03-30,111.01,2020,3,30,112.50142857142858,111.69668460172568,109.1492425505438,145.97513788188635
2020-03-31,110.75,2020,3,31,112.98714285714287,111.46001345129426,109.25251722470227,144.38018438391995
2020-04-02,97.73,2020,4,2,112.91142857142857,108.0275100884707,108.50912901665698,115.88858556510975
2020-04-03,110.45,2020,4,3,110.85428571428572,108.63313256635303,108.63434649945332,102.67428771824594
2020-04-05,104.64,2020,4,5,110.18285714285715,107.63484942476477,108.37664672529505,72.98756894094319
2020-04-06,100.04,2020,4,6,108.35857142857142,105.73613706857358,107.83879854946956,57.81260007375393
2020-04-08,115.95,2020,4,8,106.27428571428572,108.28960280143018,108.36210186885863,30.086552316776622
2020-04-09,124.32,2020,4,9,107.2242857142857,112.29720210107263,109.39164368377098,18.747234758306696
2020-04-11,103.77,2020,4,11,109.12571428571428,110.16540157580447,109.02895699449543,3.5722658911174108
2020-04-12,111.16,2020,4,12,108.12857142857142,110.41405118185335,109.16644364001186,0.3998335394738453
2020-04-13,110.94,2020,4,13,110.04714285714284,110.54553838639002,109.28086663097885,0.3998335394738453
2020-04-14,112.17,2020,4,14,110.11714285714287,110.95165378979252,109.46726233220602,3.5722658911174023
2020-04-15,113.86,2020,4,15,111.19285714285715,111.67874034234438,109.75066476238628,9.77848007761828
2020-04-16,113.13,2020,4,16,113.16714285714285,112.04155525675829,109.96868639061942,18.747234758306696
2020-04-17,111.47,2020,4,17,112.76428571428572,111.89866644256873,110.06554533316012,30.08655231677655
2020-04-20,109.76,2020,4,20,110.92857142857143,111.36399983192655,110.04583273102075,72.98756894094316
2020-04-21,107.03,2020,4,21,111.78428571428572,110.2804998739449,109.85126287740651,88.16253780813238
2020-04-22,106.65,2020,4,22,111.19428571428571,109.37287490545867,109.64472978854158,102.6742877182459
2020-04-23,107.26,2020,4,23,110.58142857142856,108.844656179094,109.49087625379697,115.88858556510976
2020-04-24,103.86,2020,4,24,109.88000000000001,107.59849213432051,109.12759391484234,127.22790312357962
2020-04-27,103.63,2020,4,27,108.45142857142856,106.60636910074038,108.77291043646542,145.5753043424125
2020-04-28,105.07,2020,4,28,107.0942857142857,106.22227682555528,108.53401298895153,145.57530434241252
2020-04-29,103.67,2020,4,29,106.17999999999999,105.58420761916646,108.22020569934176,142.40287199076894
2020-04-30,104.78,2020,4,30,105.30999999999999,105.38315571437485,107.99825694454553,136.19665780426809
2020-05-02,98.22,2020,5,2,104.98857142857143,103.59236678578114,107.36740165780067,80.6168473599819
2020-05-03,107.03,2020,5,3,103.78428571428572,104.45177508933585,107.3456338089103,65.35829052190446
2020-05-05,106.65,2020,5,5,103.75142857142858,105.0013313170019,107.30075420833545,36.49378447047158
2020-05-06,101.16,2020,5,6,104.15,104.04099848775141,106.9045765174751,24.1493526788309
2020-05-08,116.07,2020,5,8,103.79714285714286,107.04824886581356,107.49589416150897,6.310106870568354
2020-05-10,105.69,2020,5,10,105.36857142857141,106.70868664936017,107.37938486076646,0.0
2020-05-11,106.1,2020,5,11,105.65714285714286,106.55651498702014,107.29684390200734,1.5949534979663815
2020-05-13,103.13,2020,5,13,105.84571428571428,105.6998862402651,107.02801526316816,13.939385289607094
2020-05-14,104.35,2020,5,14,106.54714285714286,105.36241468019884,106.85524008489925,24.14935267883086
2020-05-15,104.49,2020,5,15,106.1642857142857,105.14431101014912,106.70264395038961,36.49378447047161
2020-05-18,105.15,2020,5,18,105.85571428571427,105.14573325761185,106.60247337294513,80.61684735998183
2020-05-19,105.37,2020,5,19,106.42571428571429,105.2017999432089,106.52295896178738,95.54196812180768
2020-05-20,104.49,2020,5,20,104.89714285714287,105.02384995740667,106.39180031909142,109.48135341141472
2020-05-21,103.96,2020,5,21,104.72571428571428,104.75788746805499,106.23490997592423,121.82578520305547
2020-05-22,103.8,2020,5,22,104.41999999999999,104.51841560104124,106.07781900973558,132.03575259227924
2020-05-25,103.82,2020,5,25,104.51571428571427,104.34381170078093,105.932153267172,145.97513788188635
2020-05-26,104.82,2020,5,26,104.44000000000001,104.4628587755857,105.8604014434835,144.38018438391995
2020-05-27,103.14,2020,5,27,104.48714285714287,104.13214408168928,105.68489167293619,139.66503101131798
2020-05-28,100.54,2020,5,28,104.2,103.23410806126697,105.35296317790805,132.0357525922793
2020-05-29,98.68,2020,5,29,103.50999999999999,102.09558104595023,104.92244942449463,121.8257852030555
2020-06-01,112.12,2020,6,1,102.67999999999999,104.60168578446267,105.38680752614015,57.81260007375393
2020-06-02,98.04,2020,6,2,103.8457142857143,102.96126433834701,104.91281994380853,43.30085016364044
2020-06-03,105.34,2020,6,3,103.02285714285715,103.55594825376025,104.9403799474338,30.086552316776622
2020-06-04,109.53,2020,6,4,103.24000000000001,105.04946119032019,105.2364844669542,18.747234758306696
2020-06-05,106.7,2020,6,5,103.91285714285716,105.46209589274014,105.33090482392491,9.77848007761832
2020-06-07,98.61,2020,6,7,104.42142857142858,103.7490719195551,104.89729806109105,0.3998335394738453
2020-06-08,113.18,2020,6,8,104.14571428571428,106.10680393966634,105.43166592811744,0.3998335394738453
2020-06-10,105.76,2020,6,10,106.21714285714286,106.02010295474975,105.45284877146472,9.77848007761828
2020-06-11,106.75,2020,6,11,105.30857142857144,106.20257721606231,105.53653594749926,18.747234758306696
2020-06-15,97.75,2020,6,15,106.55285714285715,104.08943291204673,105.0341787895961,72.98756894094316
2020-06-16,97.18,2020,6,16,105.46857142857142,102.36207468403505,104.52745757736409,88.16253780813238
2020-06-17,98.9,2020,6,17,103.70428571428572,101.4965560130263,104.16439579817931,102.6742877182459
2020-06-18,97.65,2020,6,18,102.59,100.53491700976971,103.74411219829678,115.88858556510976
2020-06-19,97.26,2020,6,19,102.45285714285716,99.71618775732728,103.32578237905183,127.22790312357962
2020-06-22,98.8,2020,6,22,100.17857142857143,99.48714081799547,103.033796419113,145.5753043424125
2020-06-23,98.85,2020,6,23,99.1842857142857,99.32785561349661,102.76387406949281,145.57530434241252
2020-06-24,98.47,2020,6,24,98.05571428571429,99.11339171012247,102.48684993597716,142.40287199076894
2020-06-25,96.79,2020,6,25,98.15857142857143,98.53254378259186,102.11931123043026,136.19665780426803
2020-06-26,97.31,2020,6,26,98.10285714285715,98.2269078369439,101.80903308653154,127.22790312357967
2020-06-29,99.86,2020,6,29,97.87571428571428,98.63518087770792,101.68328901643274,88.16253780813244
2020-06-30,100.39,2020,6,30,98.19142857142857,99.07388565828094,101.59985101537256,72.9875689409432
2020-07-01,112.54,2020,7,1,98.63857142857144,102.44041424371072,102.30566707889693,24.1493526788309
2020-07-02,97.85,2020,7,2,100.60142857142857,101.29281068278303,102.01820468671004,13.93938528960707
2020-07-04,111.52,2020,7,4,100.45857142857143,103.84960801208726,102.63122373918036,1.5949534979663815
2020-07-05,105.49,2020,7,5,102.32285714285715,104.25970600906544,102.81566091729776,0.0
2020-07-07,100.07,2020,7,7,103.5657142857143,103.21227950679908,102.63852150327855,6.310106870568345
2020-07-08,111.74,2020,7,8,103.96000000000001,105.34420963009931,103.22571366435736,13.939385289607094
2020-07-09,124.49,2020,7,9,105.65714285714284,110.13065722257448,104.59760310536656,24.14935267883086
2020-07-10,106.54,2020,7,10,109.1,109.23299291693087,104.7229190340526,36.49378447047161
2020-07-12,111.99,2020,7,12,108.24285714285715,109.92224468769815,105.19176296733953,65.35829052190448
2020-07-13,99.67,2020,7,13,110.26285714285713,107.35918351577362,104.83552019525312,80.61684735998183
2020-07-14,99.09,2020,7,14,108.57000000000001,105.29188763683021,104.46484147297873,95.54196812180768
2020-07-15,98.9,2020,7,15,107.6557142857143,103.69391572762265,104.10581944246398,109.48135341141483
2020-07-16,99.82,2020,7,16,107.48857142857142,102.72543679571699,103.82931496230502,121.82578520305547
2020-07-17,102.73,2020,7,17,105.78571428571429,102.72657759678775,103.75839141634987,132.03575259227924
2020-07-20,101.1,2020,7,20,102.67714285714285,102.31993319759081,103.58688229271439,145.97513788188635
2020-07-21,102.96,2020,7,21,101.89999999999999,102.47994989819311,103.5464382738296,144.38018438391998
2020-07-22,107.93,2020,7,22,100.61,103.84246242364483,103.82924870777609,139.66503101131798
2020-07-23,106.99,2020,7,23,101.78999999999999,104.62934681773362,104.03316814598409,132.0357525922793
2020-07-24,108.01,2020,7,24,102.91857142857143,105.47451011330021,104.28973794301739,121.8257852030555
2020-07-27,109.14,2020,7,27,104.22,106.39088258497516,104.60265807572596,80.61684735998182
2020-07-28,108.68,2020,7,28,105.55142857142857,106.96316193873137,104.86571239342106,65.35829052190458
2020-07-29,109.85,2020,7,29,106.40142857142858,107.68487145404853,105.187279335781,50.433169760078684
2020-07-30,111.9,2020,7,30,107.65142857142857,108.73865359053639,105.62035808831126,36.49378447047154
2020-07-31,114.25,2020,7,31,108.92857142857143,110.11649019290229,106.17710917938797,24.149352678830894
2020-08-01,110.42,2020,8,1,109.83142857142857,110.19236764467672,106.45084407104036,3.5722658911174108
2020-08-04,111.71,2020,8,4,110.32142857142857,110.57177573350754,106.79014445355389,3.5722658911174023
2020-08-05,106.99,2020,8,5,110.85000000000001,109.67633180013065,106.80303835977624,9.77848007761828
2020-08-06,101.27,2020,8,6,110.54285714285716,107.57474885009799,106.44606814301649,18.747234758306696
2020-08-07,100.03,2020,8,7,109.48428571428572,105.68856163757349,106.03212826282189,30.08655231677655
2020-08-09,122.75,2020,8,9,108.08142857142856,109.95392122818012,107.11070063296242,57.81260007375387
2020-08-10,107.18,2020,8,10,109.63142857142857,109.2604409211351,107.11517155986809,72.98756894094316
2020-08-12,111.77,2020,8,12,108.62142857142855,109.88783069085132,107.41548307213466,102.6742877182459
2020-08-13,113.81,2020,8,13,108.81428571428572,110.86837301813848,107.82803255135178,115.88858556510976
2020-08-14,112.96,2020,8,14,109.11428571428571,111.39127976360386,108.15912722545812,127.22790312357962
2020-08-17,113.33,2020,8,17,109.96714285714286,111.8759598227029,108.49273192058986,145.5753043424125
2020-08-18,115.96,2020,8,18,111.68999999999998,112.89696986702717,108.97449115151956,145.57530434241252
2020-08-19,114.76,2020,8,19,113.96571428571428,113.36272740027037,109.3477497869054,142.40287199076897
2020-08-20,114.49,2020,8,20,112.82428571428571,113.64454555020278,109.67950786516957,136.19665780426809
2020-08-21,115.29,2020,8,21,113.86857142857141,114.05590916265209,110.04147509967477,127.22790312357967
2020-08-24,115.67,2020,8,24,114.37142857142855,114.45943187198907,110.40460573840544,88.16253780813244
2020-08-25,117.65,2020,8,25,114.63714285714286,115.2570739039918,110.87205052947607,72.9875689409432
2020-08-26,117.03,2020,8,26,115.30714285714285,115.70030542799384,111.26933759209052,57.81260007375398
2020-08-27,116.87,2020,8,27,115.83571428571429,115.99272907099538,111.63067065066534,43.3008501636404
2020-08-28,119.59,2020,8,28,115.96571428571428,116.89204680324653,112.14417576997727,30.08655231677664
2020-08-31,121.31,2020,8,31,116.6557142857143,117.99653510243489,112.73551926868842,3.5722658911173784
2020-09-01,109.16,2020,9,1,117.63000000000001,115.78740132682617,112.5048406061924,1.5949534979663815
2020-09-03,106.12,2020,9,3,116.75428571428573,113.37055099511963,112.0929154057929,13.939385289607053
2020-09-04,110.64,2020,9,4,115.39,112.68791324633972,111.99917892799981,24.14935267883086
2020-09-06,100.26,2020,9,6,114.38857142857144,109.5809349347548,111.24181254554821,50.433169760078634
2020-09-07,99.27,2020,9,7,111.99285714285715,107.00320120106609,110.46943754260963,65.35829052190448
2020-09-09,120.94,2020,9,9,109.47857142857143,110.48740090079957,111.14495770115094,95.54196812180768
2020-09-10,107.94,2020,9,10,109.67142857142858,109.85055067559968,110.93818623656057,109.48135341141472
2020-09-11,105.84,2020,9,11,107.76142857142858,108.84791300669977,110.60927099549215,121.82578520305547
2020-09-12,110.35,2020,9,12,107.28714285714285,109.22343475502484,110.59254383449267,132.03575259227924
2020-09-14,116.97,2020,9,14,107.89142857142858,111.16007606626863,111.00399261936413,144.38018438391998
2020-09-15,119.48,2020,9,15,108.79571428571428,113.24005704970148,111.5508318052116,145.97513788188635
2020-09-16,115.0,2020,9,16,111.54142857142857,113.68004278727611,111.77335878552054,144.38018438391998
2020-09-17,113.91,2020,9,17,113.78857142857143,113.73753209045708,111.91120660580954,139.66503101131798
2020-09-18,110.89,2020,9,18,112.78428571428572,113.0256490678428,111.84532230866054,132.0357525922793
2020-09-21,109.92,2020,9,21,113.2057142857143,112.24923680088212,111.72110796616631,95.54196812180774
2020-09-22,108.89,2020,9,22,113.78857142857143,111.40942760066159,111.53845583931688,80.61684735998182
2020-09-23,109.76,2020,9,23,113.58,110.99707070049618,111.42371675290934,65.35829052190458
2020-09-24,109.31,2020,9,24,112.55,110.57530302537214,111.287347930141,50.433169760078684
2020-09-25,111.12,2020,9,25,111.09714285714287,110.7114772690291,111.27655128948675,36.49378447047154
2020-09-28,108.19,2020,9,28,110.54285714285716,110.08110795177183,111.07741894822955,6.310106870568386
2020-09-29,108.09,2020,9,29,109.72571428571429,109.58333096382887,110.88468224189216,1.5949534979663733
2020-09-30,108.65,2020,9,30,109.32571428571428,109.34999822287165,110.74050919402816,0.0
2020-10-01,110.56,2020,10,1,109.14428571428572,109.65249866715374,110.72886343957475,18.747234758306696
2020-10-02,98.85,2020,10,2,109.38285714285715,106.95187400036531,109.96248515315058,30.0865523167766
2020-10-03,108.74,2020,10,3,107.82428571428571,107.39890550027398,109.8836151432699,43.30085016364041
2020-10-04,110.58,2020,10,4,107.74285714285713,108.19417912520548,109.92854319854283,57.81260007375387
2020-10-06,99.76,2020,10,6,107.66571428571429,106.0856343439041,109.27250815347556,88.16253780813246
2020-10-07,98.59,2020,10,7,106.46142857142857,104.2117257579281,108.58331407905779,102.6742877182459
2020-10-08,110.53,2020,10,8,105.10428571428572,105.79129431844606,108.70890671911857,115.88858556510976
2020-10-09,122.67,2020,10,9,105.37285714285714,110.01097073883456,109.60962241465933,127.22790312357962
2020-10-11,106.32,2020,10,11,107.10285714285715,109.08822805412592,109.39738871048776,142.40287199076894
2020-10-12,113.02,2020,10,12,108.17,110.07117104059444,109.63110556787566,145.5753043424125
2020-10-13,106.65,2020,10,13,108.78142857142858,109.21587828044582,109.43877617639981,145.57530434241252
2020-10-14,106.74,2020,10,14,108.22,108.59690871033436,109.26466158437402,142.40287199076894
2020-10-15,106.97,2020,10,15,109.21714285714286,108.19018153275078,109.1166189015112,136.19665780426803
2020-10-16,105.82,2020,10,16,110.41428571428571,107.59763614956309,108.90393381109114,127.22790312357967
2020-10-19,105.19,2020,10,19,109.74142857142859,106.99572711217232,108.66432517811752,88.16253780813244
2020-10-20,104.03,2020,10,20,107.24428571428571,106.25429533412924,108.36533645694867,72.9875689409432
2020-10-21,103.3,2020,10,21,106.91714285714285,105.51572150059694,108.03854055650038,57.81260007375398
2020-10-22,105.22,2020,10,22,105.52857142857144,105.44179112544771,107.85669923027454,43.3008501636404
2020-10-23,104.49,2020,10,23,105.32428571428571,105.20384334408578,107.63949282832135,30.08655231677664
2020-10-26,105.65,2020,10,26,105.00285714285714,105.31538250806435,107.51113845230063,3.5722658911173784
2020-10-27,106.5,2020,10,27,104.81428571428572,105.61153688104827,107.44590371344253,0.3998335394738453
2020-10-28,105.51,2020,10,28,104.91142857142859,105.5861526607862,107.32100669967205,0.3998335394738372
2020-10-29,104.8,2020,10,29,104.95714285714287,105.38961449558965,107.15836110614484,3.5722658911173943
2020-10-30,104.83,2020,10,30,105.06714285714285,105.24971087169224,107.00814426058712,9.778480077618337
2020-11-02,99.25,2020,11,2,105.28571428571429,103.74978315376919,106.50761882442022,65.35829052190441
2020-11-03,107.59,2020,11,3,104.43285714285716,104.7098373653269,106.57744986800601,80.61684735998183
2020-11-05,107.29,2020,11,5,104.87571428571428,105.35487802399518,106.62342084426369,109.48135341141472
2020-11-06,98.91,2020,11,6,105.11000000000001,103.74365851799638,106.12578078979507,121.82578520305547
2020-11-08,109.9,2020,11,8,104.02571428571427,105.2827438884973,106.36927880335669,139.66503101131798
2020-11-09,123.36,2020,11,9,104.65285714285713,109.80205791637297,107.46545436443046,144.38018438391995
2020-11-11,107.71,2020,11,11,107.30428571428571,109.27904343727973,107.48123150220914,144.38018438391998
2020-11-12,113.43,2020,11,12,107.71571428571428,110.3167825779598,107.86502301819564,139.66503101131798
2020-11-13,108.18,2020,11,13,109.74142857142856,109.78258693346986,107.88534411379594,132.0357525922793
2020-11-16,112.43,2020,11,16,109.8257142857143,110.44444020010239,108.1785477193575,95.54196812180774
2020-11-17,112.64,2020,11,17,110.55999999999999,110.99333015007679,108.4663833503667,80.61684735998182
2020-11-18,114.53,2020,11,18,112.52142857142857,111.87749761255759,108.8575844245366,65.35829052190458
2020-11-19,114.64,2020,11,19,113.18285714285716,112.56812320941819,109.23064349392133,50.4331697600788
2020-11-20,111.31,2020,11,20,111.93714285714286,112.25359240706364,109.36479552657158,36.49378447047165
2020-11-23,111.12,2020,11,23,112.45142857142856,111.97019430529772,109.47803452485729,6.310106870568386
2020-11-24,110.22,2020,11,24,112.12142857142858,111.5326457289733,109.52590326518909,1.5949534979663733
2020-11-25,111.34,2020,11,25,112.41285714285713,111.48448429672999,109.64294176420916,0.0
2020-11-26,111.98,2020,11,26,112.25714285714287,111.6083632225475,109.79371971490534,1.5949534979663653
2020-11-27,116.17,2020,11,27,112.16285714285716,112.74877241691063,110.20509263652436,6.310106870568362
2020-11-30,115.47,2020,11,30,112.39714285714285,113.42907931268297,110.54476407932924,36.49378447047148
2020-12-02,99.2,2020,12,2,112.51571428571428,109.87180948451223,109.81284381614672,102.6742877182459
2020-12-03,105.84,2020,12,3,110.78571428571429,108.86385711338417,109.5565313118792,115.88858556510976
2020-12-05,104.97,2020,12,5,110.03142857142858,107.89039283503814,109.26062606595151,136.19665780426806
2020-12-06,98.52,2020,12,6,109.28142857142858,105.5477946262786,108.56768244879336,142.40287199076894
2020-12-08,110.61,2020,12,8,107.45,106.81334596970896,108.69944487145186,145.57530434241252
2020-12-10,106.3,2020,12,10,107.25428571428571,106.68500947728172,108.54464197651949,136.19665780426809
2020-12-11,108.72,2020,12,11,105.8442857142857,107.19375710796129,108.5559553973892,127.22790312357967
2020-12-14,116.5,2020,12,14,104.88,109.52031783097097,109.06847440400925,88.16253780813244
2020-12-15,115.66,2020,12,15,107.35142857142857,111.05523837322824,109.49373411987963,72.9875689409432
2020-12-16,116.85,2020,12,16,108.75428571428571,112.50392877992118,109.96833191859707,57.81260007375398
2020-12-17,116.98,2020,12,17,110.45142857142856,113.62294658494089,110.42069760126823,43.3008501636404
2020-12-18,116.09,2020,12,18,113.08857142857143,114.23970993870566,110.7864590463477,30.08655231677664
2020-12-21,115.98,2020,12,21,113.87142857142858,114.67478245402924,111.12152620464786,3.5722658911174188
2020-12-22,115.91,2020,12,22,115.25428571428571,114.98358684052192,111.4304599978964,0.3998335394738453
2020-12-23,116.07,2020,12,23,116.28142857142858,115.25519013039144,111.72978515932245,0.3998335394738372
2020-12-24,117.07,2020,12,24,116.22,115.70889259779358,112.07431514904358,3.5722658911173943
2020-12-28,115.51,2020,12,28,116.42142857142858,115.65916944834518,112.29597223620208,43.300850163640334
2020-12-29,116.73,2020,12,29,116.23,115.92687708625888,112.58203854354389,57.81260007375392
2020-12-30,116.76,2020,12,30,116.19428571428571,116.13515781469417,112.85158444396042,72.98756894094315
2020-12-31,119.21,2020,12,31,116.28999999999999,116.90386836102063,113.26180480241459,88.16253780813237
2021-01-13,115.87,2021,1,13,116.75142857142858,116.64540127076548,113.43007546032332,65.35829052190446
2021-01-14,116.98,2021,1,14,116.74571428571429,116.72905095307411,113.65910284997989,50.433169760078634
2021-01-15,118.19,2021,1,15,116.87571428571428,117.09428821480559,113.95141879514249,36.49378447047158
2021-01-18,117.71,2021,1,18,117.03571428571429,117.24821616110418,114.1939079051333,6.310106870568354
2021-01-19,117.33,2021,1,19,117.35000000000001,117.26866212082813,114.39623642738276,1.5949534979663815
2021-01-20,116.0,2021,1,20,117.43571428571428,116.95149659062109,114.49970504497098,0.0
2021-01-21,116.45,2021,1,21,117.32714285714285,116.82612244296581,114.6255305259406,1.5949534979663815
2021-01-22,114.82,2021,1,22,116.93285714285715,116.32459183222436,114.63807694362185,6.310106870568345
2021-01-25,115.51,2021,1,25,116.78285714285714,116.12094387416826,114.69433004403335,36.49378447047161
2021-01-26,116.5,2021,1,26,116.57285714285715,116.2157079056262,114.81082487990217,50.433169760078634
2021-01-27,116.92,2021,1,27,116.33142857142856,116.39178092921965,114.94690069410204,65.35829052190448
2021-01-28,115.89,2021,1,28,116.21857142857142,116.26633569691474,115.0077458106116,80.61684735998183
2021-01-29,115.32,2021,1,29,116.01285714285714,116.02975177268605,115.02789124218505,95.54196812180768
2021-04-01,117.31,2021,4,1,115.91571428571429,116.34981382951455,115.17512406526988,127.2279031235797
2021-05-01,116.19,2021,5,1,116.03857142857143,116.3098603721359,115.24059993202667,95.5419681218077
2021-06-01,113.57,2021,6,1,116.23428571428572,115.62489527910192,115.13281929125077,57.81260007375393
2021-07-01,113.45,2021,7,1,115.95714285714287,115.08117145932644,115.02425030471846,24.1493526788309
2021-08-01,114.42,2021,8,1,115.52142857142859,114.91587859449483,114.98526641409147,3.5722658911174108
2021-11-01,113.09,2021,11,1,115.16428571428571,114.45940894587113,114.86299116156944,50.433169760078634
2021-12-01,113.01,2021,12,1,114.76428571428572,114.09705670940335,114.743443344694,88.16253780813246
